This file contains any messages produced by compilers while
running configure, to aid debugging if configure makes a mistake.

It was created by lldpd configure 2024-07-07, which was
generated by GNU Autoconf 2.69.  Invocation command line was

  $ ./configure --build=i686-linux --disable-nls --enable-privsep=no --with-readline=no --localstatedir=/var --prefix=/usr --host=aarch64-openwrt-linux --with-smb-cflags=-I/home/tplink/share/EAP772_gpl/PLATFORM/build/../smb_priv/apps/uclite/modules/op_info -I/home/tplink/share/EAP772_gpl/PLATFORM/build/../smb_priv/apps/common -I/home/tplink/share/EAP772_gpl/PLATFORM/build/../smb_priv/apps/utility_lib/include -I/home/tplink/share/EAP772_gpl/PLATFORM/build/../smb_priv/apps/unix_sock/include --with-smb-ldflags=-L/home/tplink/share/EAP772_gpl/PLATFORM/build/../smb_priv/apps/utility_lib/ -lutility_lib  -L/home/tplink/share/EAP772_gpl/PLATFORM/build/../smb_priv/apps/nvrammanager_lib/ -lnvrammanager -lm -L/home/tplink/share/EAP772_gpl/PLATFORM/build/../smb_priv/apps/ble_lib -lble_lib CC=aarch64-openwrt-linux-gcc AR=aarch64-openwrt-linux-ar RANLIB=aarch64-openwrt-linux-ranlib STRIP=aarch64-openwrt-linux-strip

## --------- ##
## Platform. ##
## --------- ##

hostname = tplink
uname -m = x86_64
uname -r = 5.15.0-113-generic
uname -s = Linux
uname -v = #123~20.04.1-Ubuntu SMP Wed Jun 12 17:33:13 UTC 2024

/usr/bin/uname -p = x86_64
/bin/uname -X     = unknown

/bin/arch              = x86_64
/usr/bin/arch -k       = unknown
/usr/convex/getsysinfo = unknown
/usr/bin/hostinfo      = unknown
/bin/machine           = unknown
/usr/bin/oslevel       = unknown
/bin/universe          = unknown

PATH: /home/tplink/share/EAP772_gpl/PLATFORM/build/../toolchain/util
PATH: /home/tplink/share/EAP772_gpl/PLATFORM/build/../build/toolchain/toolchain-aarch64_cortex-a73_gcc-7.5.0_musl/./usr/../usr/bin
PATH: /home/tplink/share/EAP772_gpl/PLATFORM/build/../build/toolchain/toolchain-aarch64_cortex-a73_gcc-7.5.0_musl/./usr/../bin
PATH: `pwd`
PATH: /home/tplink/share/EAP772_gpl/PLATFORM/build/../toolchain/util
PATH: /home/tplink/share/EAP772_gpl/PLATFORM/build/../build/toolchain/toolchain-aarch64_cortex-a73_gcc-7.5.0_musl/./usr/../usr/bin
PATH: /home/tplink/share/EAP772_gpl/PLATFORM/build/../build/toolchain/toolchain-aarch64_cortex-a73_gcc-7.5.0_musl/./usr/../bin
PATH: `pwd`
PATH: /usr/local/sbin
PATH: /usr/local/bin
PATH: /usr/sbin
PATH: /usr/bin
PATH: /sbin
PATH: /bin
PATH: /usr/games
PATH: /usr/local/games
PATH: /snap/bin


## ----------- ##
## Core tests. ##
## ----------- ##

configure:2692: checking for a BSD-compatible install
configure:2760: result: /usr/bin/install -c
configure:2771: checking whether build environment is sane
configure:2826: result: yes
configure:2883: checking for aarch64-openwrt-linux-strip
configure:2910: result: aarch64-openwrt-linux-strip
configure:2975: checking for a thread-safe mkdir -p
configure:3014: result: /usr/bin/mkdir -p
configure:3021: checking for gawk
configure:3037: found /usr/bin/gawk
configure:3048: result: gawk
configure:3059: checking whether make sets $(MAKE)
configure:3081: result: yes
configure:3110: checking whether make supports nested variables
configure:3127: result: yes
configure:3216: checking whether UID '1000' is supported by ustar format
configure:3219: result: yes
configure:3226: checking whether GID '1000' is supported by ustar format
configure:3229: result: yes
configure:3237: checking how to create a ustar tar archive
configure:3248: tar --version
tar (GNU tar) 1.30
Copyright (C) 2017 Free Software Foundation, Inc.
License GPLv3+: GNU GPL version 3 or later <https://gnu.org/licenses/gpl.html>.
This is free software: you are free to change and redistribute it.
There is NO WARRANTY, to the extent permitted by law.

Written by John Gilmore and Jay Fenlason.
configure:3251: $? = 0
configure:3291: tardir=conftest.dir && eval tar --format=ustar -chf - "$tardir" >conftest.tar
configure:3294: $? = 0
configure:3298: tar -xf - <conftest.tar
configure:3301: $? = 0
configure:3303: cat conftest.dir/file
GrepMe
configure:3306: $? = 0
configure:3319: result: gnutar
configure:3370: checking whether to enable maintainer-specific portions of Makefiles
configure:3379: result: no
configure:3403: checking whether make supports nested variables
configure:3420: result: yes
configure:3438: checking whether make supports the include directive
configure:3453: make -f confmf.GNU && cat confinc.out
make[2]: Entering directory '/home/tplink/share/EAP772_gpl/PLATFORM/apps/lldpd-1.0.4'
make[2]: Leaving directory '/home/tplink/share/EAP772_gpl/PLATFORM/apps/lldpd-1.0.4'
this is the am__doit target
configure:3456: $? = 0
configure:3475: result: yes (GNU style)
configure:3505: checking for aarch64-openwrt-linux-gcc
configure:3532: result: aarch64-openwrt-linux-gcc
configure:3801: checking for C compiler version
configure:3810: aarch64-openwrt-linux-gcc --version >&5
aarch64-openwrt-linux-gcc (OpenWrt GCC 7.5.0 r0+12639-06c3e84) 7.5.0
Copyright (C) 2017 Free Software Foundation, Inc.
This is free software; see the source for copying conditions.  There is NO
warranty; not even for MERCHANTABILITY or FITNESS FOR A PARTICULAR PURPOSE.

configure:3821: $? = 0
configure:3810: aarch64-openwrt-linux-gcc -v >&5
Reading specs from /home/tplink/share/EAP772_gpl/PLATFORM/build/toolchain/toolchain-aarch64_cortex-a73_gcc-7.5.0_musl/bin/../lib/gcc/aarch64-openwrt-linux-musl/7.5.0/specs
COLLECT_GCC=aarch64-openwrt-linux-gcc
COLLECT_LTO_WRAPPER=/home/tplink/share/EAP772_gpl/PLATFORM/build/toolchain/toolchain-aarch64_cortex-a73_gcc-7.5.0_musl/bin/../libexec/gcc/aarch64-openwrt-linux-musl/7.5.0/lto-wrapper
Target: aarch64-openwrt-linux-musl
Configured with: /opt/devl1/sdk/qsdk_spf12.1_ED1/SPF_12.1_ED1/qsdk/build_dir/toolchain-aarch64/gcc-7.5.0/configure --with-bugurl=http://bugs.openwrt.org/ --with-pkgversion='OpenWrt GCC 7.5.0 r0+12639-06c3e84' --prefix=/opt/devl1/sdk/qsdk_spf12.1_ED1/SPF_12.1_ED1/qsdk/staging_dir/toolchain-aarch64 --build=x86_64-pc-linux-gnu --host=x86_64-pc-linux-gnu --target=aarch64-openwrt-linux-musl --with-gnu-ld --enable-target-optspace --disable-libgomp --disable-libmudflap --disable-multilib --disable-libmpx --disable-nls --without-isl --without-cloog --with-host-libstdcxx=-lstdc++ --with-gmp=/opt/devl1/sdk/qsdk_spf12.1_ED1/SPF_12.1_ED1/qsdk/staging_dir/host --with-mpfr=/opt/devl1/sdk/qsdk_spf12.1_ED1/SPF_12.1_ED1/qsdk/staging_dir/host --with-mpc=/opt/devl1/sdk/qsdk_spf12.1_ED1/SPF_12.1_ED1/qsdk/staging_dir/host --disable-decimal-float --with-diagnostics-color=auto-if-env --disable-libssp --enable-__cxa_atexit --with-arch=armv8-a --with-headers=/opt/devl1/sdk/qsdk_spf12.1_ED1/SPF_12.1_ED1/qsdk/staging_dir/toolchain-aarch64/include --disable-libsanitizer --enable-languages=c,c++ --enable-shared --enable-threads --with-slibdir=/opt/devl1/sdk/qsdk_spf12.1_ED1/SPF_12.1_ED1/qsdk/staging_dir/toolchain-aarch64/lib --enable-lto --with-libelf=/opt/devl1/sdk/qsdk_spf12.1_ED1/SPF_12.1_ED1/qsdk/staging_dir/host
Thread model: posix
gcc version 7.5.0 (OpenWrt GCC 7.5.0 r0+12639-06c3e84) 
configure:3821: $? = 0
configure:3810: aarch64-openwrt-linux-gcc -V >&5
aarch64-openwrt-linux-gcc: error: unrecognized command line option '-V'
aarch64-openwrt-linux-gcc: fatal error: no input files
compilation terminated.
configure:3821: $? = 1
configure:3810: aarch64-openwrt-linux-gcc -qversion >&5
aarch64-openwrt-linux-gcc: error: unrecognized command line option '-qversion'; did you mean '--version'?
aarch64-openwrt-linux-gcc: fatal error: no input files
compilation terminated.
configure:3821: $? = 1
configure:3841: checking whether the C compiler works
configure:3863: aarch64-openwrt-linux-gcc    conftest.c  >&5
configure:3867: $? = 0
configure:3915: result: yes
configure:3918: checking for C compiler default output file name
configure:3920: result: a.out
configure:3926: checking for suffix of executables
configure:3933: aarch64-openwrt-linux-gcc -o conftest    conftest.c  >&5
configure:3937: $? = 0
configure:3959: result: 
configure:3981: checking whether we are cross compiling
configure:4019: result: yes
configure:4024: checking for suffix of object files
configure:4046: aarch64-openwrt-linux-gcc -c   conftest.c >&5
configure:4050: $? = 0
configure:4071: result: o
configure:4075: checking whether we are using the GNU C compiler
configure:4094: aarch64-openwrt-linux-gcc -c   conftest.c >&5
configure:4094: $? = 0
configure:4103: result: yes
configure:4112: checking whether aarch64-openwrt-linux-gcc accepts -g
configure:4132: aarch64-openwrt-linux-gcc -c -g  conftest.c >&5
configure:4132: $? = 0
configure:4173: result: yes
configure:4190: checking for aarch64-openwrt-linux-gcc option to accept ISO C89
configure:4253: aarch64-openwrt-linux-gcc  -c -g -O2  conftest.c >&5
configure:4253: $? = 0
configure:4266: result: none needed
configure:4291: checking whether aarch64-openwrt-linux-gcc understands -c and -o together
configure:4313: aarch64-openwrt-linux-gcc -c conftest.c -o conftest2.o
configure:4316: $? = 0
configure:4313: aarch64-openwrt-linux-gcc -c conftest.c -o conftest2.o
configure:4316: $? = 0
configure:4328: result: yes
configure:4347: checking dependency style of aarch64-openwrt-linux-gcc
configure:4458: result: gcc3
configure:4479: checking for aarch64-openwrt-linux-ar
configure:4506: result: aarch64-openwrt-linux-ar
configure:4576: checking the archiver (aarch64-openwrt-linux-ar) interface
configure:4592: aarch64-openwrt-linux-gcc -c -g -O2  conftest.c >&5
configure:4592: $? = 0
configure:4594: aarch64-openwrt-linux-ar cru libconftest.a conftest.o >&5
aarch64-openwrt-linux-ar: `u' modifier ignored since `D' is the default (see `U')
configure:4597: $? = 0
configure:4596: result: ar
configure:4647: checking build system type
configure:4661: result: i686-pc-linux-gnu
configure:4681: checking host system type
configure:4694: result: aarch64-openwrt-linux-gnu
configure:4735: checking how to print strings
configure:4762: result: printf
configure:4783: checking for a sed that does not truncate output
configure:4847: result: /usr/bin/sed
configure:4865: checking for grep that handles long lines and -e
configure:4923: result: /usr/bin/grep
configure:4928: checking for egrep
configure:4990: result: /usr/bin/grep -E
configure:4995: checking for fgrep
configure:5057: result: /usr/bin/grep -F
configure:5092: checking for ld used by aarch64-openwrt-linux-gcc
configure:5159: result: /home/tplink/share/EAP772_gpl/PLATFORM/build/toolchain/toolchain-aarch64_cortex-a73_gcc-7.5.0_musl/aarch64-openwrt-linux-musl/bin/ld
configure:5166: checking if the linker (/home/tplink/share/EAP772_gpl/PLATFORM/build/toolchain/toolchain-aarch64_cortex-a73_gcc-7.5.0_musl/aarch64-openwrt-linux-musl/bin/ld) is GNU ld
configure:5181: result: yes
configure:5193: checking for BSD- or MS-compatible name lister (nm)
configure:5247: result: /home/tplink/share/EAP772_gpl/PLATFORM/build/../build/toolchain/toolchain-aarch64_cortex-a73_gcc-7.5.0_musl/./usr/../bin/aarch64-openwrt-linux-nm -B
configure:5377: checking the name lister (/home/tplink/share/EAP772_gpl/PLATFORM/build/../build/toolchain/toolchain-aarch64_cortex-a73_gcc-7.5.0_musl/./usr/../bin/aarch64-openwrt-linux-nm -B) interface
configure:5384: aarch64-openwrt-linux-gcc -c -g -O2  conftest.c >&5
configure:5387: /home/tplink/share/EAP772_gpl/PLATFORM/build/../build/toolchain/toolchain-aarch64_cortex-a73_gcc-7.5.0_musl/./usr/../bin/aarch64-openwrt-linux-nm -B "conftest.o"
configure:5390: output
0000000000000000 B some_variable
configure:5391: result: BSD nm
configure:5394: checking whether ln -s works
configure:5398: result: yes
configure:5406: checking the maximum length of command line arguments
configure:5537: result: 1572864
configure:5585: checking how to convert i686-pc-linux-gnu file names to aarch64-openwrt-linux-gnu format
configure:5625: result: func_convert_file_noop
configure:5632: checking how to convert i686-pc-linux-gnu file names to toolchain format
configure:5652: result: func_convert_file_noop
configure:5659: checking for /home/tplink/share/EAP772_gpl/PLATFORM/build/toolchain/toolchain-aarch64_cortex-a73_gcc-7.5.0_musl/aarch64-openwrt-linux-musl/bin/ld option to reload object files
configure:5666: result: -r
configure:5700: checking for aarch64-openwrt-linux-objdump
configure:5716: found /home/tplink/share/EAP772_gpl/PLATFORM/build/../build/toolchain/toolchain-aarch64_cortex-a73_gcc-7.5.0_musl/./usr/../bin/aarch64-openwrt-linux-objdump
configure:5727: result: aarch64-openwrt-linux-objdump
configure:5799: checking how to recognize dependent libraries
configure:5999: result: pass_all
configure:6044: checking for aarch64-openwrt-linux-dlltool
configure:6074: result: no
configure:6084: checking for dlltool
configure:6114: result: no
configure:6144: checking how to associate runtime and link libraries
configure:6171: result: printf %s\n
configure:6187: checking for aarch64-openwrt-linux-ar
configure:6214: result: aarch64-openwrt-linux-ar
configure:6295: checking for archiver @FILE support
configure:6312: aarch64-openwrt-linux-gcc -c -g -O2  conftest.c >&5
configure:6312: $? = 0
configure:6315: aarch64-openwrt-linux-ar cr libconftest.a @conftest.lst >&5
configure:6318: $? = 0
configure:6323: aarch64-openwrt-linux-ar cr libconftest.a @conftest.lst >&5
aarch64-openwrt-linux-ar: conftest.o: No such file or directory
configure:6326: $? = 1
configure:6325: result: @
configure:6343: checking for aarch64-openwrt-linux-strip
configure:6370: result: aarch64-openwrt-linux-strip
configure:6442: checking for aarch64-openwrt-linux-ranlib
configure:6469: result: aarch64-openwrt-linux-ranlib
configure:6611: checking command to parse /home/tplink/share/EAP772_gpl/PLATFORM/build/../build/toolchain/toolchain-aarch64_cortex-a73_gcc-7.5.0_musl/./usr/../bin/aarch64-openwrt-linux-nm -B output from aarch64-openwrt-linux-gcc object
configure:6764: aarch64-openwrt-linux-gcc -c -g -O2  conftest.c >&5
configure:6767: $? = 0
configure:6771: /home/tplink/share/EAP772_gpl/PLATFORM/build/../build/toolchain/toolchain-aarch64_cortex-a73_gcc-7.5.0_musl/./usr/../bin/aarch64-openwrt-linux-nm -B conftest.o | sed -n -e 's/^.*[	 ]\([ABCDGIRSTW][ABCDGIRSTW]*\)[	 ][	 ]*\([_A-Za-z][_A-Za-z0-9]*\)$/\1 \2 \2/p' | sed '/ __gnu_lto/d' > conftest.nm
configure:6837: aarch64-openwrt-linux-gcc -o conftest -g -O2   conftest.c conftstm.o >&5
configure:6840: $? = 0
configure:6878: result: ok
configure:6925: checking for sysroot
configure:6955: result: no
configure:6962: checking for a working dd
configure:7000: result: /usr/bin/dd
configure:7004: checking how to truncate binary pipes
configure:7019: result: /usr/bin/dd bs=4096 count=1
configure:7308: checking for aarch64-openwrt-linux-mt
configure:7338: result: no
configure:7348: checking for mt
configure:7364: found /usr/bin/mt
configure:7375: result: mt
configure:7387: WARNING: using cross tools not prefixed with host triplet
configure:7398: checking if mt is a manifest tool
configure:7404: mt '-?'
configure:7412: result: no
configure:8089: checking how to run the C preprocessor
configure:8120: aarch64-openwrt-linux-gcc -E  conftest.c
configure:8120: $? = 0
configure:8134: aarch64-openwrt-linux-gcc -E  conftest.c
conftest.c:11:10: fatal error: ac_nonexistent.h: No such file or directory
 #include <ac_nonexistent.h>
          ^~~~~~~~~~~~~~~~~~
compilation terminated.
configure:8134: $? = 1
configure: failed program was:
| /* confdefs.h */
| #define PACKAGE_NAME "lldpd"
| #define PACKAGE_TARNAME "lldpd"
| #define PACKAGE_VERSION "2024-07-07"
| #define PACKAGE_STRING "lldpd 2024-07-07"
| #define PACKAGE_BUGREPORT "https://github.com/vincentbernat/lldpd/issues"
| #define PACKAGE_URL "http://vincentbernat.github.io/lldpd/"
| #define PACKAGE "lldpd"
| #define VERSION "2024-07-07"
| /* end confdefs.h.  */
| #include <ac_nonexistent.h>
configure:8159: result: aarch64-openwrt-linux-gcc -E
configure:8179: aarch64-openwrt-linux-gcc -E  conftest.c
configure:8179: $? = 0
configure:8193: aarch64-openwrt-linux-gcc -E  conftest.c
conftest.c:11:10: fatal error: ac_nonexistent.h: No such file or directory
 #include <ac_nonexistent.h>
          ^~~~~~~~~~~~~~~~~~
compilation terminated.
configure:8193: $? = 1
configure: failed program was:
| /* confdefs.h */
| #define PACKAGE_NAME "lldpd"
| #define PACKAGE_TARNAME "lldpd"
| #define PACKAGE_VERSION "2024-07-07"
| #define PACKAGE_STRING "lldpd 2024-07-07"
| #define PACKAGE_BUGREPORT "https://github.com/vincentbernat/lldpd/issues"
| #define PACKAGE_URL "http://vincentbernat.github.io/lldpd/"
| #define PACKAGE "lldpd"
| #define VERSION "2024-07-07"
| /* end confdefs.h.  */
| #include <ac_nonexistent.h>
configure:8222: checking for ANSI C header files
configure:8242: aarch64-openwrt-linux-gcc -c -g -O2  conftest.c >&5
configure:8242: $? = 0
configure:8326: result: yes
configure:8339: checking for sys/types.h
configure:8339: aarch64-openwrt-linux-gcc -c -g -O2  conftest.c >&5
configure:8339: $? = 0
configure:8339: result: yes
configure:8339: checking for sys/stat.h
configure:8339: aarch64-openwrt-linux-gcc -c -g -O2  conftest.c >&5
configure:8339: $? = 0
configure:8339: result: yes
configure:8339: checking for stdlib.h
configure:8339: aarch64-openwrt-linux-gcc -c -g -O2  conftest.c >&5
configure:8339: $? = 0
configure:8339: result: yes
configure:8339: checking for string.h
configure:8339: aarch64-openwrt-linux-gcc -c -g -O2  conftest.c >&5
configure:8339: $? = 0
configure:8339: result: yes
configure:8339: checking for memory.h
configure:8339: aarch64-openwrt-linux-gcc -c -g -O2  conftest.c >&5
configure:8339: $? = 0
configure:8339: result: yes
configure:8339: checking for strings.h
configure:8339: aarch64-openwrt-linux-gcc -c -g -O2  conftest.c >&5
configure:8339: $? = 0
configure:8339: result: yes
configure:8339: checking for inttypes.h
configure:8339: aarch64-openwrt-linux-gcc -c -g -O2  conftest.c >&5
configure:8339: $? = 0
configure:8339: result: yes
configure:8339: checking for stdint.h
configure:8339: aarch64-openwrt-linux-gcc -c -g -O2  conftest.c >&5
configure:8339: $? = 0
configure:8339: result: yes
configure:8339: checking for unistd.h
configure:8339: aarch64-openwrt-linux-gcc -c -g -O2  conftest.c >&5
configure:8339: $? = 0
configure:8339: result: yes
configure:8353: checking for dlfcn.h
configure:8353: aarch64-openwrt-linux-gcc -c -g -O2  conftest.c >&5
configure:8353: $? = 0
configure:8353: result: yes
configure:8609: checking for objdir
configure:8624: result: .libs
configure:8888: checking if aarch64-openwrt-linux-gcc supports -fno-rtti -fno-exceptions
configure:8906: aarch64-openwrt-linux-gcc -c -g -O2  -fno-rtti -fno-exceptions conftest.c >&5
cc1: warning: command line option '-fno-rtti' is valid for C++/ObjC++ but not for C
configure:8910: $? = 0
configure:8923: result: no
configure:9287: checking for aarch64-openwrt-linux-gcc option to produce PIC
configure:9294: result: -fPIC -DPIC
configure:9302: checking if aarch64-openwrt-linux-gcc PIC flag -fPIC -DPIC works
configure:9320: aarch64-openwrt-linux-gcc -c -g -O2  -fPIC -DPIC -DPIC conftest.c >&5
configure:9324: $? = 0
configure:9337: result: yes
configure:9366: checking if aarch64-openwrt-linux-gcc static flag -static works
configure:9394: result: yes
configure:9409: checking if aarch64-openwrt-linux-gcc supports -c -o file.o
configure:9430: aarch64-openwrt-linux-gcc -c -g -O2  -o out/conftest2.o conftest.c >&5
configure:9434: $? = 0
configure:9456: result: yes
configure:9464: checking if aarch64-openwrt-linux-gcc supports -c -o file.o
configure:9511: result: yes
configure:9544: checking whether the aarch64-openwrt-linux-gcc linker (/home/tplink/share/EAP772_gpl/PLATFORM/build/toolchain/toolchain-aarch64_cortex-a73_gcc-7.5.0_musl/aarch64-openwrt-linux-musl/bin/ld) supports shared libraries
configure:10807: result: yes
configure:10844: checking whether -lc should be explicitly linked in
configure:10852: aarch64-openwrt-linux-gcc -c -g -O2  conftest.c >&5
configure:10855: $? = 0
configure:10870: aarch64-openwrt-linux-gcc -shared  -fPIC -DPIC conftest.o  -v -Wl,-soname -Wl,conftest -o conftest 2\>\&1 \| /usr/bin/grep  -lc  \>/dev/null 2\>\&1
configure:10873: $? = 0
configure:10887: result: no
configure:11047: checking dynamic linker characteristics
configure:11628: aarch64-openwrt-linux-gcc -o conftest -g -O2   -Wl,-rpath -Wl,/foo conftest.c  >&5
configure:11628: $? = 0
configure:11877: result: GNU/Linux ld.so
configure:11999: checking how to hardcode library paths into programs
configure:12024: result: immediate
configure:12572: checking whether stripping libraries is possible
configure:12577: result: yes
configure:12612: checking if libtool supports shared libraries
configure:12614: result: yes
configure:12617: checking whether to build shared libraries
configure:12642: result: yes
configure:12645: checking whether to build static libraries
configure:12649: result: yes
configure:9469: checking if LD -Wl,--version-script works
configure:9487: aarch64-openwrt-linux-gcc -o conftest -g -O2   -Wl,--version-script=conftest.map conftest.c  >&5
/home/tplink/share/EAP772_gpl/PLATFORM/build/toolchain/toolchain-aarch64_cortex-a73_gcc-7.5.0_musl/bin/../lib/gcc/aarch64-openwrt-linux-musl/7.5.0/../../../../aarch64-openwrt-linux-musl/bin/ld:conftest.map:0: syntax error in VERSION script
collect2: error: ld returned 1 exit status
configure:9487: $? = 1
configure: failed program was:
| /* confdefs.h */
| #define PACKAGE_NAME "lldpd"
| #define PACKAGE_TARNAME "lldpd"
| #define PACKAGE_VERSION "2024-07-07"
| #define PACKAGE_STRING "lldpd 2024-07-07"
| #define PACKAGE_BUGREPORT "https://github.com/vincentbernat/lldpd/issues"
| #define PACKAGE_URL "http://vincentbernat.github.io/lldpd/"
| #define PACKAGE "lldpd"
| #define VERSION "2024-07-07"
| #define STDC_HEADERS 1
| #define HAVE_SYS_TYPES_H 1
| #define HAVE_SYS_STAT_H 1
| #define HAVE_STDLIB_H 1
| #define HAVE_STRING_H 1
| #define HAVE_MEMORY_H 1
| #define HAVE_STRINGS_H 1
| #define HAVE_INTTYPES_H 1
| #define HAVE_STDINT_H 1
| #define HAVE_UNISTD_H 1
| #define HAVE_DLFCN_H 1
| #define LT_OBJDIR ".libs/"
| /* end confdefs.h.  */
| 
| int
| main ()
| {
| 
|   ;
|   return 0;
| }
configure:9515: aarch64-openwrt-linux-gcc -o conftest -g -O2   -Wl,--version-script=conftest.map conftest.c  >&5
configure:9515: $? = 0
configure:9527: result: yes
configure:9552: checking for aarch64-openwrt-linux-gcc
configure:9579: result: aarch64-openwrt-linux-gcc
configure:9848: checking for C compiler version
configure:9857: aarch64-openwrt-linux-gcc --version >&5
aarch64-openwrt-linux-gcc (OpenWrt GCC 7.5.0 r0+12639-06c3e84) 7.5.0
Copyright (C) 2017 Free Software Foundation, Inc.
This is free software; see the source for copying conditions.  There is NO
warranty; not even for MERCHANTABILITY or FITNESS FOR A PARTICULAR PURPOSE.

configure:9868: $? = 0
configure:9857: aarch64-openwrt-linux-gcc -v >&5
Reading specs from /home/tplink/share/EAP772_gpl/PLATFORM/build/toolchain/toolchain-aarch64_cortex-a73_gcc-7.5.0_musl/bin/../lib/gcc/aarch64-openwrt-linux-musl/7.5.0/specs
COLLECT_GCC=aarch64-openwrt-linux-gcc
COLLECT_LTO_WRAPPER=/home/tplink/share/EAP772_gpl/PLATFORM/build/toolchain/toolchain-aarch64_cortex-a73_gcc-7.5.0_musl/bin/../libexec/gcc/aarch64-openwrt-linux-musl/7.5.0/lto-wrapper
Target: aarch64-openwrt-linux-musl
Configured with: /opt/devl1/sdk/qsdk_spf12.1_ED1/SPF_12.1_ED1/qsdk/build_dir/toolchain-aarch64/gcc-7.5.0/configure --with-bugurl=http://bugs.openwrt.org/ --with-pkgversion='OpenWrt GCC 7.5.0 r0+12639-06c3e84' --prefix=/opt/devl1/sdk/qsdk_spf12.1_ED1/SPF_12.1_ED1/qsdk/staging_dir/toolchain-aarch64 --build=x86_64-pc-linux-gnu --host=x86_64-pc-linux-gnu --target=aarch64-openwrt-linux-musl --with-gnu-ld --enable-target-optspace --disable-libgomp --disable-libmudflap --disable-multilib --disable-libmpx --disable-nls --without-isl --without-cloog --with-host-libstdcxx=-lstdc++ --with-gmp=/opt/devl1/sdk/qsdk_spf12.1_ED1/SPF_12.1_ED1/qsdk/staging_dir/host --with-mpfr=/opt/devl1/sdk/qsdk_spf12.1_ED1/SPF_12.1_ED1/qsdk/staging_dir/host --with-mpc=/opt/devl1/sdk/qsdk_spf12.1_ED1/SPF_12.1_ED1/qsdk/staging_dir/host --disable-decimal-float --with-diagnostics-color=auto-if-env --disable-libssp --enable-__cxa_atexit --with-arch=armv8-a --with-headers=/opt/devl1/sdk/qsdk_spf12.1_ED1/SPF_12.1_ED1/qsdk/staging_dir/toolchain-aarch64/include --disable-libsanitizer --enable-languages=c,c++ --enable-shared --enable-threads --with-slibdir=/opt/devl1/sdk/qsdk_spf12.1_ED1/SPF_12.1_ED1/qsdk/staging_dir/toolchain-aarch64/lib --enable-lto --with-libelf=/opt/devl1/sdk/qsdk_spf12.1_ED1/SPF_12.1_ED1/qsdk/staging_dir/host
Thread model: posix
gcc version 7.5.0 (OpenWrt GCC 7.5.0 r0+12639-06c3e84) 
configure:9868: $? = 0
configure:9857: aarch64-openwrt-linux-gcc -V >&5
aarch64-openwrt-linux-gcc: error: unrecognized command line option '-V'
aarch64-openwrt-linux-gcc: fatal error: no input files
compilation terminated.
configure:9868: $? = 1
configure:9857: aarch64-openwrt-linux-gcc -qversion >&5
aarch64-openwrt-linux-gcc: error: unrecognized command line option '-qversion'; did you mean '--version'?
aarch64-openwrt-linux-gcc: fatal error: no input files
compilation terminated.
configure:9868: $? = 1
configure:9872: checking whether we are using the GNU C compiler
configure:9900: result: yes
configure:9909: checking whether aarch64-openwrt-linux-gcc accepts -g
configure:9970: result: yes
configure:9987: checking for aarch64-openwrt-linux-gcc option to accept ISO C89
configure:10063: result: none needed
configure:10088: checking whether aarch64-openwrt-linux-gcc understands -c and -o together
configure:10125: result: yes
configure:10144: checking dependency style of aarch64-openwrt-linux-gcc
configure:10255: result: gcc3
configure:10270: checking for aarch64-openwrt-linux-gcc option to accept ISO C99
configure:10419: aarch64-openwrt-linux-gcc  -c -g -O2  conftest.c >&5
configure:10419: $? = 0
configure:10432: result: none needed
configure:10455: checking whether ln -s works
configure:10459: result: yes
configure:10466: checking for egrep
configure:10528: result: /usr/bin/grep -E
configure:10537: checking for gawk
configure:10564: result: gawk
configure:10642: checking for aarch64-openwrt-linux-doxygen
configure:10675: result: no
configure:10685: checking for doxygen
configure:10718: result: no
configure:10738: WARNING: doxygen not found - will not generate any doxygen documentation
configure:10748: checking for aarch64-openwrt-linux-perl
configure:10781: result: no
configure:10791: checking for perl
configure:10809: found /usr/bin/perl
configure:10821: result: /usr/bin/perl
configure:12417: checking CFLAGS for gcc -Wunknown-warning-option
configure:12444: aarch64-openwrt-linux-gcc -c -g -O2  -pedantic -Werror  -Wunknown-warning-option  conftest.c >&5
aarch64-openwrt-linux-gcc: error: unrecognized command line option '-Wunknown-warning-option'
configure:12444: $? = 1
configure: failed program was:
| /* confdefs.h */
| #define PACKAGE_NAME "lldpd"
| #define PACKAGE_TARNAME "lldpd"
| #define PACKAGE_VERSION "2024-07-07"
| #define PACKAGE_STRING "lldpd 2024-07-07"
| #define PACKAGE_BUGREPORT "https://github.com/vincentbernat/lldpd/issues"
| #define PACKAGE_URL "http://vincentbernat.github.io/lldpd/"
| #define PACKAGE "lldpd"
| #define VERSION "2024-07-07"
| #define STDC_HEADERS 1
| #define HAVE_SYS_TYPES_H 1
| #define HAVE_SYS_STAT_H 1
| #define HAVE_STDLIB_H 1
| #define HAVE_STRING_H 1
| #define HAVE_MEMORY_H 1
| #define HAVE_STRINGS_H 1
| #define HAVE_INTTYPES_H 1
| #define HAVE_STDINT_H 1
| #define HAVE_UNISTD_H 1
| #define HAVE_DLFCN_H 1
| #define LT_OBJDIR ".libs/"
| /* end confdefs.h.  */
| 
| int
| main ()
| {
| return 0;
|   ;
|   return 0;
| }
configure:12444: aarch64-openwrt-linux-gcc -c -g -O2  -pedantic  -Wunknown-warning-option   conftest.c >&5
aarch64-openwrt-linux-gcc: error: unrecognized command line option '-Wunknown-warning-option'
configure:12444: $? = 1
configure: failed program was:
| /* confdefs.h */
| #define PACKAGE_NAME "lldpd"
| #define PACKAGE_TARNAME "lldpd"
| #define PACKAGE_VERSION "2024-07-07"
| #define PACKAGE_STRING "lldpd 2024-07-07"
| #define PACKAGE_BUGREPORT "https://github.com/vincentbernat/lldpd/issues"
| #define PACKAGE_URL "http://vincentbernat.github.io/lldpd/"
| #define PACKAGE "lldpd"
| #define VERSION "2024-07-07"
| #define STDC_HEADERS 1
| #define HAVE_SYS_TYPES_H 1
| #define HAVE_SYS_STAT_H 1
| #define HAVE_STDLIB_H 1
| #define HAVE_STRING_H 1
| #define HAVE_MEMORY_H 1
| #define HAVE_STRINGS_H 1
| #define HAVE_INTTYPES_H 1
| #define HAVE_STDINT_H 1
| #define HAVE_UNISTD_H 1
| #define HAVE_DLFCN_H 1
| #define LT_OBJDIR ".libs/"
| /* end confdefs.h.  */
| 
| int
| main ()
| {
| return 0;
|   ;
|   return 0;
| }
configure:12458: result: no, unknown
configure:12481: checking CFLAGS for gcc -fdiagnostics-show-option
configure:12508: aarch64-openwrt-linux-gcc -c -g -O2  -pedantic -Werror  -fdiagnostics-show-option  conftest.c >&5
configure:12508: $? = 0
configure:12522: result: -fdiagnostics-show-option
configure:12535: : LLDP_CFLAGS="$LLDP_CFLAGS ${ac_res}"
configure:12538: $? = 0
configure:12545: checking CFLAGS for gcc -fdiagnostics-color=auto
configure:12572: aarch64-openwrt-linux-gcc -c -g -O2  -fdiagnostics-show-option -pedantic -Werror  -fdiagnostics-color=auto  conftest.c >&5
configure:12572: $? = 0
configure:12586: result: -fdiagnostics-color=auto
configure:12599: : LLDP_CFLAGS="$LLDP_CFLAGS ${ac_res}"
configure:12602: $? = 0
configure:12609: checking CFLAGS for gcc -pipe
configure:12636: aarch64-openwrt-linux-gcc -c -g -O2  -fdiagnostics-show-option -fdiagnostics-color=auto -pedantic -Werror  -pipe  conftest.c >&5
configure:12636: $? = 0
configure:12650: result: -pipe
configure:12663: : LLDP_CFLAGS="$LLDP_CFLAGS ${ac_res}"
configure:12666: $? = 0
configure:12673: checking CFLAGS for gcc -Wall
configure:12700: aarch64-openwrt-linux-gcc -c -g -O2  -fdiagnostics-show-option -fdiagnostics-color=auto -pipe -pedantic -Werror  -Wall  conftest.c >&5
configure:12700: $? = 0
configure:12714: result: -Wall
configure:12727: : LLDP_CFLAGS="$LLDP_CFLAGS ${ac_res}"
configure:12730: $? = 0
configure:12737: checking CFLAGS for gcc -W
configure:12764: aarch64-openwrt-linux-gcc -c -g -O2  -fdiagnostics-show-option -fdiagnostics-color=auto -pipe -Wall -pedantic -Werror  -W  conftest.c >&5
configure:12764: $? = 0
configure:12778: result: -W
configure:12791: : LLDP_CFLAGS="$LLDP_CFLAGS ${ac_res}"
configure:12794: $? = 0
configure:12801: checking CFLAGS for gcc -Wextra
configure:12828: aarch64-openwrt-linux-gcc -c -g -O2  -fdiagnostics-show-option -fdiagnostics-color=auto -pipe -Wall -W -pedantic -Werror  -Wextra  conftest.c >&5
configure:12828: $? = 0
configure:12842: result: -Wextra
configure:12855: : LLDP_CFLAGS="$LLDP_CFLAGS ${ac_res}"
configure:12858: $? = 0
configure:12865: checking CFLAGS for gcc -Wformat
configure:12892: aarch64-openwrt-linux-gcc -c -g -O2  -fdiagnostics-show-option -fdiagnostics-color=auto -pipe -Wall -W -Wextra -pedantic -Werror  -Wformat  conftest.c >&5
configure:12892: $? = 0
configure:12906: result: -Wformat
configure:12919: : LLDP_CFLAGS="$LLDP_CFLAGS ${ac_res}"
configure:12922: $? = 0
configure:12929: checking CFLAGS for gcc -Wformat-security
configure:12956: aarch64-openwrt-linux-gcc -c -g -O2  -fdiagnostics-show-option -fdiagnostics-color=auto -pipe -Wall -W -Wextra -Wformat -pedantic -Werror  -Wformat-security  conftest.c >&5
configure:12956: $? = 0
configure:12970: result: -Wformat-security
configure:12983: : LLDP_CFLAGS="$LLDP_CFLAGS ${ac_res}"
configure:12986: $? = 0
configure:12993: checking CFLAGS for gcc -Wimplicit-fallthrough
configure:13020: aarch64-openwrt-linux-gcc -c -g -O2  -fdiagnostics-show-option -fdiagnostics-color=auto -pipe -Wall -W -Wextra -Wformat -Wformat-security -pedantic -Werror  -Wimplicit-fallthrough  conftest.c >&5
configure:13020: $? = 0
configure:13034: result: -Wimplicit-fallthrough
configure:13047: : LLDP_CFLAGS="$LLDP_CFLAGS ${ac_res}"
configure:13050: $? = 0
configure:13057: checking CFLAGS for gcc -Wfatal-errors
configure:13084: aarch64-openwrt-linux-gcc -c -g -O2  -fdiagnostics-show-option -fdiagnostics-color=auto -pipe -Wall -W -Wextra -Wformat -Wformat-security -Wimplicit-fallthrough -pedantic -Werror  -Wfatal-errors  conftest.c >&5
configure:13084: $? = 0
configure:13098: result: -Wfatal-errors
configure:13111: : LLDP_CFLAGS="$LLDP_CFLAGS ${ac_res}"
configure:13114: $? = 0
configure:13121: checking CFLAGS for gcc -Wcast-align
configure:13148: aarch64-openwrt-linux-gcc -c -g -O2  -fdiagnostics-show-option -fdiagnostics-color=auto -pipe -Wall -W -Wextra -Wformat -Wformat-security -Wimplicit-fallthrough -Wfatal-errors -pedantic -Werror  -Wcast-align  conftest.c >&5
configure:13148: $? = 0
configure:13162: result: -Wcast-align
configure:13175: : LLDP_CFLAGS="$LLDP_CFLAGS ${ac_res}"
configure:13178: $? = 0
configure:13185: checking CFLAGS for gcc -Wheader-guard
configure:13212: aarch64-openwrt-linux-gcc -c -g -O2  -fdiagnostics-show-option -fdiagnostics-color=auto -pipe -Wall -W -Wextra -Wformat -Wformat-security -Wimplicit-fallthrough -Wfatal-errors -Wcast-align -pedantic -Werror  -Wheader-guard  conftest.c >&5
aarch64-openwrt-linux-gcc: error: unrecognized command line option '-Wheader-guard'
configure:13212: $? = 1
configure: failed program was:
| /* confdefs.h */
| #define PACKAGE_NAME "lldpd"
| #define PACKAGE_TARNAME "lldpd"
| #define PACKAGE_VERSION "2024-07-07"
| #define PACKAGE_STRING "lldpd 2024-07-07"
| #define PACKAGE_BUGREPORT "https://github.com/vincentbernat/lldpd/issues"
| #define PACKAGE_URL "http://vincentbernat.github.io/lldpd/"
| #define PACKAGE "lldpd"
| #define VERSION "2024-07-07"
| #define STDC_HEADERS 1
| #define HAVE_SYS_TYPES_H 1
| #define HAVE_SYS_STAT_H 1
| #define HAVE_STDLIB_H 1
| #define HAVE_STRING_H 1
| #define HAVE_MEMORY_H 1
| #define HAVE_STRINGS_H 1
| #define HAVE_INTTYPES_H 1
| #define HAVE_STDINT_H 1
| #define HAVE_UNISTD_H 1
| #define HAVE_DLFCN_H 1
| #define LT_OBJDIR ".libs/"
| /* end confdefs.h.  */
| 
| int
| main ()
| {
| return 0;
|   ;
|   return 0;
| }
configure:13212: aarch64-openwrt-linux-gcc -c -g -O2  -fdiagnostics-show-option -fdiagnostics-color=auto -pipe -Wall -W -Wextra -Wformat -Wformat-security -Wimplicit-fallthrough -Wfatal-errors -Wcast-align -pedantic  -Wheader-guard   conftest.c >&5
aarch64-openwrt-linux-gcc: error: unrecognized command line option '-Wheader-guard'
configure:13212: $? = 1
configure: failed program was:
| /* confdefs.h */
| #define PACKAGE_NAME "lldpd"
| #define PACKAGE_TARNAME "lldpd"
| #define PACKAGE_VERSION "2024-07-07"
| #define PACKAGE_STRING "lldpd 2024-07-07"
| #define PACKAGE_BUGREPORT "https://github.com/vincentbernat/lldpd/issues"
| #define PACKAGE_URL "http://vincentbernat.github.io/lldpd/"
| #define PACKAGE "lldpd"
| #define VERSION "2024-07-07"
| #define STDC_HEADERS 1
| #define HAVE_SYS_TYPES_H 1
| #define HAVE_SYS_STAT_H 1
| #define HAVE_STDLIB_H 1
| #define HAVE_STRING_H 1
| #define HAVE_MEMORY_H 1
| #define HAVE_STRINGS_H 1
| #define HAVE_INTTYPES_H 1
| #define HAVE_STDINT_H 1
| #define HAVE_UNISTD_H 1
| #define HAVE_DLFCN_H 1
| #define LT_OBJDIR ".libs/"
| /* end confdefs.h.  */
| 
| int
| main ()
| {
| return 0;
|   ;
|   return 0;
| }
configure:13226: result: no, unknown
configure:13249: checking CFLAGS for gcc -Wdocumentation
configure:13276: aarch64-openwrt-linux-gcc -c -g -O2  -fdiagnostics-show-option -fdiagnostics-color=auto -pipe -Wall -W -Wextra -Wformat -Wformat-security -Wimplicit-fallthrough -Wfatal-errors -Wcast-align -pedantic -Werror  -Wdocumentation  conftest.c >&5
aarch64-openwrt-linux-gcc: error: unrecognized command line option '-Wdocumentation'
configure:13276: $? = 1
configure: failed program was:
| /* confdefs.h */
| #define PACKAGE_NAME "lldpd"
| #define PACKAGE_TARNAME "lldpd"
| #define PACKAGE_VERSION "2024-07-07"
| #define PACKAGE_STRING "lldpd 2024-07-07"
| #define PACKAGE_BUGREPORT "https://github.com/vincentbernat/lldpd/issues"
| #define PACKAGE_URL "http://vincentbernat.github.io/lldpd/"
| #define PACKAGE "lldpd"
| #define VERSION "2024-07-07"
| #define STDC_HEADERS 1
| #define HAVE_SYS_TYPES_H 1
| #define HAVE_SYS_STAT_H 1
| #define HAVE_STDLIB_H 1
| #define HAVE_STRING_H 1
| #define HAVE_MEMORY_H 1
| #define HAVE_STRINGS_H 1
| #define HAVE_INTTYPES_H 1
| #define HAVE_STDINT_H 1
| #define HAVE_UNISTD_H 1
| #define HAVE_DLFCN_H 1
| #define LT_OBJDIR ".libs/"
| /* end confdefs.h.  */
| 
| int
| main ()
| {
| return 0;
|   ;
|   return 0;
| }
configure:13276: aarch64-openwrt-linux-gcc -c -g -O2  -fdiagnostics-show-option -fdiagnostics-color=auto -pipe -Wall -W -Wextra -Wformat -Wformat-security -Wimplicit-fallthrough -Wfatal-errors -Wcast-align -pedantic  -Wdocumentation   conftest.c >&5
aarch64-openwrt-linux-gcc: error: unrecognized command line option '-Wdocumentation'
configure:13276: $? = 1
configure: failed program was:
| /* confdefs.h */
| #define PACKAGE_NAME "lldpd"
| #define PACKAGE_TARNAME "lldpd"
| #define PACKAGE_VERSION "2024-07-07"
| #define PACKAGE_STRING "lldpd 2024-07-07"
| #define PACKAGE_BUGREPORT "https://github.com/vincentbernat/lldpd/issues"
| #define PACKAGE_URL "http://vincentbernat.github.io/lldpd/"
| #define PACKAGE "lldpd"
| #define VERSION "2024-07-07"
| #define STDC_HEADERS 1
| #define HAVE_SYS_TYPES_H 1
| #define HAVE_SYS_STAT_H 1
| #define HAVE_STDLIB_H 1
| #define HAVE_STRING_H 1
| #define HAVE_MEMORY_H 1
| #define HAVE_STRINGS_H 1
| #define HAVE_INTTYPES_H 1
| #define HAVE_STDINT_H 1
| #define HAVE_UNISTD_H 1
| #define HAVE_DLFCN_H 1
| #define LT_OBJDIR ".libs/"
| /* end confdefs.h.  */
| 
| int
| main ()
| {
| return 0;
|   ;
|   return 0;
| }
configure:13290: result: no, unknown
configure:13313: checking CFLAGS for gcc -Winline
configure:13340: aarch64-openwrt-linux-gcc -c -g -O2  -fdiagnostics-show-option -fdiagnostics-color=auto -pipe -Wall -W -Wextra -Wformat -Wformat-security -Wimplicit-fallthrough -Wfatal-errors -Wcast-align -pedantic -Werror  -Winline  conftest.c >&5
configure:13340: $? = 0
configure:13354: result: -Winline
configure:13367: : LLDP_CFLAGS="$LLDP_CFLAGS ${ac_res}"
configure:13370: $? = 0
configure:13377: checking CFLAGS for gcc -Wpointer-arith
configure:13404: aarch64-openwrt-linux-gcc -c -g -O2  -fdiagnostics-show-option -fdiagnostics-color=auto -pipe -Wall -W -Wextra -Wformat -Wformat-security -Wimplicit-fallthrough -Wfatal-errors -Wcast-align -Winline -pedantic -Werror  -Wpointer-arith  conftest.c >&5
configure:13404: $? = 0
configure:13418: result: -Wpointer-arith
configure:13431: : LLDP_CFLAGS="$LLDP_CFLAGS ${ac_res}"
configure:13434: $? = 0
configure:13441: checking CFLAGS for gcc -fno-omit-frame-pointer
configure:13468: aarch64-openwrt-linux-gcc -c -g -O2  -fdiagnostics-show-option -fdiagnostics-color=auto -pipe -Wall -W -Wextra -Wformat -Wformat-security -Wimplicit-fallthrough -Wfatal-errors -Wcast-align -Winline -Wpointer-arith -pedantic -Werror  -fno-omit-frame-pointer  conftest.c >&5
configure:13468: $? = 0
configure:13482: result: -fno-omit-frame-pointer
configure:13495: : LLDP_CFLAGS="$LLDP_CFLAGS ${ac_res}"
configure:13498: $? = 0
configure:13505: checking CFLAGS for gcc -Wno-unused-parameter
configure:13532: aarch64-openwrt-linux-gcc -c -g -O2  -fdiagnostics-show-option -fdiagnostics-color=auto -pipe -Wall -W -Wextra -Wformat -Wformat-security -Wimplicit-fallthrough -Wfatal-errors -Wcast-align -Winline -Wpointer-arith -fno-omit-frame-pointer -pedantic -Werror  -Wno-unused-parameter  conftest.c >&5
configure:13532: $? = 0
configure:13546: result: -Wno-unused-parameter
configure:13559: : LLDP_CFLAGS="$LLDP_CFLAGS ${ac_res}"
configure:13562: $? = 0
configure:13569: checking CFLAGS for gcc -Wno-missing-field-initializers
configure:13596: aarch64-openwrt-linux-gcc -c -g -O2  -fdiagnostics-show-option -fdiagnostics-color=auto -pipe -Wall -W -Wextra -Wformat -Wformat-security -Wimplicit-fallthrough -Wfatal-errors -Wcast-align -Winline -Wpointer-arith -fno-omit-frame-pointer -Wno-unused-parameter -pedantic -Werror  -Wno-missing-field-initializers  conftest.c >&5
configure:13596: $? = 0
configure:13610: result: -Wno-missing-field-initializers
configure:13623: : LLDP_CFLAGS="$LLDP_CFLAGS ${ac_res}"
configure:13626: $? = 0
configure:13633: checking CFLAGS for gcc -Wno-sign-compare
configure:13660: aarch64-openwrt-linux-gcc -c -g -O2  -fdiagnostics-show-option -fdiagnostics-color=auto -pipe -Wall -W -Wextra -Wformat -Wformat-security -Wimplicit-fallthrough -Wfatal-errors -Wcast-align -Winline -Wpointer-arith -fno-omit-frame-pointer -Wno-unused-parameter -Wno-missing-field-initializers -pedantic -Werror  -Wno-sign-compare  conftest.c >&5
configure:13660: $? = 0
configure:13674: result: -Wno-sign-compare
configure:13687: : LLDP_CFLAGS="$LLDP_CFLAGS ${ac_res}"
configure:13690: $? = 0
configure:13702: checking whether the linker accepts the -Wl,-z,relro flag
configure:13732: aarch64-openwrt-linux-gcc -o conftest -g -O2  -Werror   -Wl,-z,relro conftest.c  >&5
configure:13732: $? = 0
configure:13756: result: yes
configure:13775: checking whether the linker accepts the -Wl,-z,now flag
configure:13805: aarch64-openwrt-linux-gcc -o conftest -g -O2  -Werror   -Wl,-z,relro -Wl,-z,now conftest.c  >&5
configure:13805: $? = 0
configure:13829: result: yes
configure:13844: checking for typeof syntax and keyword spelling
configure:13875: aarch64-openwrt-linux-gcc -c -g -O2  conftest.c >&5
configure:13875: $? = 0
configure:13882: result: typeof
configure:13915: checking CFLAGS for gcc -fstack-protector
configure:13942: aarch64-openwrt-linux-gcc -c -g -O2  -fdiagnostics-show-option -fdiagnostics-color=auto -pipe -Wall -W -Wextra -Wformat -Wformat-security -Wimplicit-fallthrough -Wfatal-errors -Wcast-align -Winline -Wpointer-arith -fno-omit-frame-pointer -Wno-unused-parameter -Wno-missing-field-initializers -Wno-sign-compare -pedantic -Werror  -fstack-protector  conftest.c >&5
configure:13942: $? = 0
configure:13956: result: -fstack-protector
configure:13969: : LLDP_CFLAGS="$LLDP_CFLAGS ${ac_res}"
configure:13972: $? = 0
configure:13979: checking CFLAGS for gcc -fstack-protector-all
configure:14006: aarch64-openwrt-linux-gcc -c -g -O2  -fdiagnostics-show-option -fdiagnostics-color=auto -pipe -Wall -W -Wextra -Wformat -Wformat-security -Wimplicit-fallthrough -Wfatal-errors -Wcast-align -Winline -Wpointer-arith -fno-omit-frame-pointer -Wno-unused-parameter -Wno-missing-field-initializers -Wno-sign-compare -fstack-protector -pedantic -Werror  -fstack-protector-all  conftest.c >&5
configure:14006: $? = 0
configure:14020: result: -fstack-protector-all
configure:14033: : LLDP_CFLAGS="$LLDP_CFLAGS ${ac_res}"
configure:14036: $? = 0
configure:14043: checking CFLAGS for gcc -fstack-protector-strong
configure:14070: aarch64-openwrt-linux-gcc -c -g -O2  -fdiagnostics-show-option -fdiagnostics-color=auto -pipe -Wall -W -Wextra -Wformat -Wformat-security -Wimplicit-fallthrough -Wfatal-errors -Wcast-align -Winline -Wpointer-arith -fno-omit-frame-pointer -Wno-unused-parameter -Wno-missing-field-initializers -Wno-sign-compare -fstack-protector -fstack-protector-all -pedantic -Werror  -fstack-protector-strong  conftest.c >&5
configure:14070: $? = 0
configure:14084: result: -fstack-protector-strong
configure:14097: : LLDP_CFLAGS="$LLDP_CFLAGS ${ac_res}"
configure:14100: $? = 0
configure:14107: checking CFLAGS for gcc -fstack-protector-strong
configure:14148: result: -fstack-protector-strong
configure:14156: : LLDP_CFLAGS does contain ${ac_res}
configure:14159: $? = 0
configure:14171: checking CFLAGS for gcc -fstack-clash-protection
configure:14198: aarch64-openwrt-linux-gcc -c -g -O2  -fdiagnostics-show-option -fdiagnostics-color=auto -pipe -Wall -W -Wextra -Wformat -Wformat-security -Wimplicit-fallthrough -Wfatal-errors -Wcast-align -Winline -Wpointer-arith -fno-omit-frame-pointer -Wno-unused-parameter -Wno-missing-field-initializers -Wno-sign-compare -fstack-protector -fstack-protector-all -fstack-protector-strong -pedantic -Werror  -fstack-clash-protection  conftest.c >&5
aarch64-openwrt-linux-gcc: error: unrecognized command line option '-fstack-clash-protection'; did you mean '-fstack-protector'?
configure:14198: $? = 1
configure: failed program was:
| /* confdefs.h */
| #define PACKAGE_NAME "lldpd"
| #define PACKAGE_TARNAME "lldpd"
| #define PACKAGE_VERSION "2024-07-07"
| #define PACKAGE_STRING "lldpd 2024-07-07"
| #define PACKAGE_BUGREPORT "https://github.com/vincentbernat/lldpd/issues"
| #define PACKAGE_URL "http://vincentbernat.github.io/lldpd/"
| #define PACKAGE "lldpd"
| #define VERSION "2024-07-07"
| #define STDC_HEADERS 1
| #define HAVE_SYS_TYPES_H 1
| #define HAVE_SYS_STAT_H 1
| #define HAVE_STDLIB_H 1
| #define HAVE_STRING_H 1
| #define HAVE_MEMORY_H 1
| #define HAVE_STRINGS_H 1
| #define HAVE_INTTYPES_H 1
| #define HAVE_STDINT_H 1
| #define HAVE_UNISTD_H 1
| #define HAVE_DLFCN_H 1
| #define LT_OBJDIR ".libs/"
| #define HAVE_TYPEOF 1
| /* end confdefs.h.  */
| 
| int
| main ()
| {
| return 0;
|   ;
|   return 0;
| }
configure:14198: aarch64-openwrt-linux-gcc -c -g -O2  -fdiagnostics-show-option -fdiagnostics-color=auto -pipe -Wall -W -Wextra -Wformat -Wformat-security -Wimplicit-fallthrough -Wfatal-errors -Wcast-align -Winline -Wpointer-arith -fno-omit-frame-pointer -Wno-unused-parameter -Wno-missing-field-initializers -Wno-sign-compare -fstack-protector -fstack-protector-all -fstack-protector-strong -pedantic  -fstack-clash-protection   conftest.c >&5
aarch64-openwrt-linux-gcc: error: unrecognized command line option '-fstack-clash-protection'; did you mean '-fstack-protector'?
configure:14198: $? = 1
configure: failed program was:
| /* confdefs.h */
| #define PACKAGE_NAME "lldpd"
| #define PACKAGE_TARNAME "lldpd"
| #define PACKAGE_VERSION "2024-07-07"
| #define PACKAGE_STRING "lldpd 2024-07-07"
| #define PACKAGE_BUGREPORT "https://github.com/vincentbernat/lldpd/issues"
| #define PACKAGE_URL "http://vincentbernat.github.io/lldpd/"
| #define PACKAGE "lldpd"
| #define VERSION "2024-07-07"
| #define STDC_HEADERS 1
| #define HAVE_SYS_TYPES_H 1
| #define HAVE_SYS_STAT_H 1
| #define HAVE_STDLIB_H 1
| #define HAVE_STRING_H 1
| #define HAVE_MEMORY_H 1
| #define HAVE_STRINGS_H 1
| #define HAVE_INTTYPES_H 1
| #define HAVE_STDINT_H 1
| #define HAVE_UNISTD_H 1
| #define HAVE_DLFCN_H 1
| #define LT_OBJDIR ".libs/"
| #define HAVE_TYPEOF 1
| /* end confdefs.h.  */
| 
| int
| main ()
| {
| return 0;
|   ;
|   return 0;
| }
configure:14212: result: no, unknown
configure:14235: checking CFLAGS for gcc -D_FORTIFY_SOURCE=2
configure:14262: aarch64-openwrt-linux-gcc -c -g -O2  -pedantic -Werror  -D_FORTIFY_SOURCE=2  conftest.c >&5
configure:14262: $? = 0
configure:14276: result: -D_FORTIFY_SOURCE=2
configure:14289: : LLDP_CPPFLAGS="$LLDP_CPPFLAGS ${ac_res}"
configure:14292: $? = 0
configure:14688: checking if host OS is supported
configure:14823: result: yes (Linux)
configure:14828: checking CFLAGS for gcc -D_GNU_SOURCE
configure:14855: aarch64-openwrt-linux-gcc -c -g -O2  -D_FORTIFY_SOURCE=2 -pedantic -Werror  -D_GNU_SOURCE  conftest.c >&5
configure:14855: $? = 0
configure:14869: result: -D_GNU_SOURCE
configure:14882: : LLDP_CPPFLAGS="$LLDP_CPPFLAGS ${ac_res}"
configure:14885: $? = 0
configure:15234: checking for sys/types.h
configure:15234: result: yes
configure:15234: checking for netinet/in.h
configure:15234: aarch64-openwrt-linux-gcc -c -g -O2  conftest.c >&5
configure:15234: $? = 0
configure:15234: result: yes
configure:15234: checking for arpa/nameser.h
configure:15234: aarch64-openwrt-linux-gcc -c -g -O2  conftest.c >&5
configure:15234: $? = 0
configure:15234: result: yes
configure:15234: checking for netdb.h
configure:15234: aarch64-openwrt-linux-gcc -c -g -O2  conftest.c >&5
configure:15234: $? = 0
configure:15234: result: yes
configure:15234: checking for resolv.h
configure:15234: aarch64-openwrt-linux-gcc -c -g -O2  conftest.c >&5
configure:15234: $? = 0
configure:15234: result: yes
configure:15259: checking valgrind/valgrind.h usability
configure:15259: aarch64-openwrt-linux-gcc -c -g -O2  conftest.c >&5
conftest.c:63:10: fatal error: valgrind/valgrind.h: No such file or directory
 #include <valgrind/valgrind.h>
          ^~~~~~~~~~~~~~~~~~~~~
compilation terminated.
configure:15259: $? = 1
configure: failed program was:
| /* confdefs.h */
| #define PACKAGE_NAME "lldpd"
| #define PACKAGE_TARNAME "lldpd"
| #define PACKAGE_VERSION "2024-07-07"
| #define PACKAGE_STRING "lldpd 2024-07-07"
| #define PACKAGE_BUGREPORT "https://github.com/vincentbernat/lldpd/issues"
| #define PACKAGE_URL "http://vincentbernat.github.io/lldpd/"
| #define PACKAGE "lldpd"
| #define VERSION "2024-07-07"
| #define STDC_HEADERS 1
| #define HAVE_SYS_TYPES_H 1
| #define HAVE_SYS_STAT_H 1
| #define HAVE_STDLIB_H 1
| #define HAVE_STRING_H 1
| #define HAVE_MEMORY_H 1
| #define HAVE_STRINGS_H 1
| #define HAVE_INTTYPES_H 1
| #define HAVE_STDINT_H 1
| #define HAVE_UNISTD_H 1
| #define HAVE_DLFCN_H 1
| #define LT_OBJDIR ".libs/"
| #define HAVE_TYPEOF 1
| #define HOST_OS_LINUX 1
| #define HAVE_SYS_TYPES_H 1
| #define HAVE_NETINET_IN_H 1
| #define HAVE_ARPA_NAMESER_H 1
| #define HAVE_NETDB_H 1
| #define HAVE_RESOLV_H 1
| /* end confdefs.h.  */
| #include <stdio.h>
| #ifdef HAVE_SYS_TYPES_H
| # include <sys/types.h>
| #endif
| #ifdef HAVE_SYS_STAT_H
| # include <sys/stat.h>
| #endif
| #ifdef STDC_HEADERS
| # include <stdlib.h>
| # include <stddef.h>
| #else
| # ifdef HAVE_STDLIB_H
| #  include <stdlib.h>
| # endif
| #endif
| #ifdef HAVE_STRING_H
| # if !defined STDC_HEADERS && defined HAVE_MEMORY_H
| #  include <memory.h>
| # endif
| # include <string.h>
| #endif
| #ifdef HAVE_STRINGS_H
| # include <strings.h>
| #endif
| #ifdef HAVE_INTTYPES_H
| # include <inttypes.h>
| #endif
| #ifdef HAVE_STDINT_H
| # include <stdint.h>
| #endif
| #ifdef HAVE_UNISTD_H
| # include <unistd.h>
| #endif
| #include <valgrind/valgrind.h>
configure:15259: result: no
configure:15259: checking valgrind/valgrind.h presence
configure:15259: aarch64-openwrt-linux-gcc -E  conftest.c
conftest.c:30:10: fatal error: valgrind/valgrind.h: No such file or directory
 #include <valgrind/valgrind.h>
          ^~~~~~~~~~~~~~~~~~~~~
compilation terminated.
configure:15259: $? = 1
configure: failed program was:
| /* confdefs.h */
| #define PACKAGE_NAME "lldpd"
| #define PACKAGE_TARNAME "lldpd"
| #define PACKAGE_VERSION "2024-07-07"
| #define PACKAGE_STRING "lldpd 2024-07-07"
| #define PACKAGE_BUGREPORT "https://github.com/vincentbernat/lldpd/issues"
| #define PACKAGE_URL "http://vincentbernat.github.io/lldpd/"
| #define PACKAGE "lldpd"
| #define VERSION "2024-07-07"
| #define STDC_HEADERS 1
| #define HAVE_SYS_TYPES_H 1
| #define HAVE_SYS_STAT_H 1
| #define HAVE_STDLIB_H 1
| #define HAVE_STRING_H 1
| #define HAVE_MEMORY_H 1
| #define HAVE_STRINGS_H 1
| #define HAVE_INTTYPES_H 1
| #define HAVE_STDINT_H 1
| #define HAVE_UNISTD_H 1
| #define HAVE_DLFCN_H 1
| #define LT_OBJDIR ".libs/"
| #define HAVE_TYPEOF 1
| #define HOST_OS_LINUX 1
| #define HAVE_SYS_TYPES_H 1
| #define HAVE_NETINET_IN_H 1
| #define HAVE_ARPA_NAMESER_H 1
| #define HAVE_NETDB_H 1
| #define HAVE_RESOLV_H 1
| /* end confdefs.h.  */
| #include <valgrind/valgrind.h>
configure:15259: result: no
configure:15259: checking for valgrind/valgrind.h
configure:15259: result: no
configure:15270: checking for u_int32_t
configure:15270: aarch64-openwrt-linux-gcc -c -g -O2  conftest.c >&5
configure:15270: $? = 0
configure:15270: aarch64-openwrt-linux-gcc -c -g -O2  conftest.c >&5
conftest.c: In function 'main':
conftest.c:66:24: error: expected expression before ')' token
 if (sizeof ((u_int32_t)))
                        ^
configure:15270: $? = 1
configure: failed program was:
| /* confdefs.h */
| #define PACKAGE_NAME "lldpd"
| #define PACKAGE_TARNAME "lldpd"
| #define PACKAGE_VERSION "2024-07-07"
| #define PACKAGE_STRING "lldpd 2024-07-07"
| #define PACKAGE_BUGREPORT "https://github.com/vincentbernat/lldpd/issues"
| #define PACKAGE_URL "http://vincentbernat.github.io/lldpd/"
| #define PACKAGE "lldpd"
| #define VERSION "2024-07-07"
| #define STDC_HEADERS 1
| #define HAVE_SYS_TYPES_H 1
| #define HAVE_SYS_STAT_H 1
| #define HAVE_STDLIB_H 1
| #define HAVE_STRING_H 1
| #define HAVE_MEMORY_H 1
| #define HAVE_STRINGS_H 1
| #define HAVE_INTTYPES_H 1
| #define HAVE_STDINT_H 1
| #define HAVE_UNISTD_H 1
| #define HAVE_DLFCN_H 1
| #define LT_OBJDIR ".libs/"
| #define HAVE_TYPEOF 1
| #define HOST_OS_LINUX 1
| #define HAVE_SYS_TYPES_H 1
| #define HAVE_NETINET_IN_H 1
| #define HAVE_ARPA_NAMESER_H 1
| #define HAVE_NETDB_H 1
| #define HAVE_RESOLV_H 1
| /* end confdefs.h.  */
| #include <stdio.h>
| #ifdef HAVE_SYS_TYPES_H
| # include <sys/types.h>
| #endif
| #ifdef HAVE_SYS_STAT_H
| # include <sys/stat.h>
| #endif
| #ifdef STDC_HEADERS
| # include <stdlib.h>
| # include <stddef.h>
| #else
| # ifdef HAVE_STDLIB_H
| #  include <stdlib.h>
| # endif
| #endif
| #ifdef HAVE_STRING_H
| # if !defined STDC_HEADERS && defined HAVE_MEMORY_H
| #  include <memory.h>
| # endif
| # include <string.h>
| #endif
| #ifdef HAVE_STRINGS_H
| # include <strings.h>
| #endif
| #ifdef HAVE_INTTYPES_H
| # include <inttypes.h>
| #endif
| #ifdef HAVE_STDINT_H
| # include <stdint.h>
| #endif
| #ifdef HAVE_UNISTD_H
| # include <unistd.h>
| #endif
| int
| main ()
| {
| if (sizeof ((u_int32_t)))
| 	    return 0;
|   ;
|   return 0;
| }
configure:15270: result: yes
configure:15279: checking for uint32_t
configure:15279: aarch64-openwrt-linux-gcc -c -g -O2  conftest.c >&5
configure:15279: $? = 0
configure:15279: aarch64-openwrt-linux-gcc -c -g -O2  conftest.c >&5
conftest.c: In function 'main':
conftest.c:67:23: error: expected expression before ')' token
 if (sizeof ((uint32_t)))
                       ^
configure:15279: $? = 1
configure: failed program was:
| /* confdefs.h */
| #define PACKAGE_NAME "lldpd"
| #define PACKAGE_TARNAME "lldpd"
| #define PACKAGE_VERSION "2024-07-07"
| #define PACKAGE_STRING "lldpd 2024-07-07"
| #define PACKAGE_BUGREPORT "https://github.com/vincentbernat/lldpd/issues"
| #define PACKAGE_URL "http://vincentbernat.github.io/lldpd/"
| #define PACKAGE "lldpd"
| #define VERSION "2024-07-07"
| #define STDC_HEADERS 1
| #define HAVE_SYS_TYPES_H 1
| #define HAVE_SYS_STAT_H 1
| #define HAVE_STDLIB_H 1
| #define HAVE_STRING_H 1
| #define HAVE_MEMORY_H 1
| #define HAVE_STRINGS_H 1
| #define HAVE_INTTYPES_H 1
| #define HAVE_STDINT_H 1
| #define HAVE_UNISTD_H 1
| #define HAVE_DLFCN_H 1
| #define LT_OBJDIR ".libs/"
| #define HAVE_TYPEOF 1
| #define HOST_OS_LINUX 1
| #define HAVE_SYS_TYPES_H 1
| #define HAVE_NETINET_IN_H 1
| #define HAVE_ARPA_NAMESER_H 1
| #define HAVE_NETDB_H 1
| #define HAVE_RESOLV_H 1
| #define HAVE_U_INT32_T 1
| /* end confdefs.h.  */
| #include <stdio.h>
| #ifdef HAVE_SYS_TYPES_H
| # include <sys/types.h>
| #endif
| #ifdef HAVE_SYS_STAT_H
| # include <sys/stat.h>
| #endif
| #ifdef STDC_HEADERS
| # include <stdlib.h>
| # include <stddef.h>
| #else
| # ifdef HAVE_STDLIB_H
| #  include <stdlib.h>
| # endif
| #endif
| #ifdef HAVE_STRING_H
| # if !defined STDC_HEADERS && defined HAVE_MEMORY_H
| #  include <memory.h>
| # endif
| # include <string.h>
| #endif
| #ifdef HAVE_STRINGS_H
| # include <strings.h>
| #endif
| #ifdef HAVE_INTTYPES_H
| # include <inttypes.h>
| #endif
| #ifdef HAVE_STDINT_H
| # include <stdint.h>
| #endif
| #ifdef HAVE_UNISTD_H
| # include <unistd.h>
| #endif
| int
| main ()
| {
| if (sizeof ((uint32_t)))
| 	    return 0;
|   ;
|   return 0;
| }
configure:15279: result: yes
configure:15386: checking whether libc defines __progname
configure:15403: aarch64-openwrt-linux-gcc -o conftest -g -O2   conftest.c  >&5
conftest.c: In function 'main':
conftest.c:36:27: warning: implicit declaration of function 'printf' [-Wimplicit-function-declaration]
  extern char *__progname; printf("%s", __progname);
                           ^~~~~~
conftest.c:36:27: warning: incompatible implicit declaration of built-in function 'printf'
conftest.c:36:27: note: include '<stdio.h>' or provide a declaration of 'printf'
configure:15403: $? = 0
configure:15412: result: yes
configure:15421: checking whether compiler understands __alignof__
configure:15438: aarch64-openwrt-linux-gcc -c -g -O2  conftest.c >&5
configure:15438: $? = 0
configure:15446: result: yes
configure:15459: checking for stdlib.h
configure:15459: result: yes
configure:15469: checking for GNU libc compatible malloc
configure:15503: result: no
configure:15526: checking for stdlib.h
configure:15526: result: yes
configure:15536: checking for GNU libc compatible realloc
configure:15570: result: no
configure:15591: checking for pid_t
configure:15591: aarch64-openwrt-linux-gcc -c -g -O2  conftest.c >&5
configure:15591: $? = 0
configure:15591: aarch64-openwrt-linux-gcc -c -g -O2  conftest.c >&5
conftest.c: In function 'main':
conftest.c:76:20: error: expected expression before ')' token
 if (sizeof ((pid_t)))
                    ^
configure:15591: $? = 1
configure: failed program was:
| /* confdefs.h */
| #define PACKAGE_NAME "lldpd"
| #define PACKAGE_TARNAME "lldpd"
| #define PACKAGE_VERSION "2024-07-07"
| #define PACKAGE_STRING "lldpd 2024-07-07"
| #define PACKAGE_BUGREPORT "https://github.com/vincentbernat/lldpd/issues"
| #define PACKAGE_URL "http://vincentbernat.github.io/lldpd/"
| #define PACKAGE "lldpd"
| #define VERSION "2024-07-07"
| #define STDC_HEADERS 1
| #define HAVE_SYS_TYPES_H 1
| #define HAVE_SYS_STAT_H 1
| #define HAVE_STDLIB_H 1
| #define HAVE_STRING_H 1
| #define HAVE_MEMORY_H 1
| #define HAVE_STRINGS_H 1
| #define HAVE_INTTYPES_H 1
| #define HAVE_STDINT_H 1
| #define HAVE_UNISTD_H 1
| #define HAVE_DLFCN_H 1
| #define LT_OBJDIR ".libs/"
| #define HAVE_TYPEOF 1
| #define HOST_OS_LINUX 1
| #define HAVE_SYS_TYPES_H 1
| #define HAVE_NETINET_IN_H 1
| #define HAVE_ARPA_NAMESER_H 1
| #define HAVE_NETDB_H 1
| #define HAVE_RESOLV_H 1
| #define HAVE_U_INT32_T 1
| #define HAVE_UINT32_T 1
| #define HAVE___PROGNAME 1
| #define HAVE_ALIGNOF 1
| #define HAVE_STDLIB_H 1
| #define HAVE_MALLOC 0
| #define malloc rpl_malloc
| #define HAVE_STDLIB_H 1
| #define HAVE_REALLOC 0
| #define realloc rpl_realloc
| /* end confdefs.h.  */
| #include <stdio.h>
| #ifdef HAVE_SYS_TYPES_H
| # include <sys/types.h>
| #endif
| #ifdef HAVE_SYS_STAT_H
| # include <sys/stat.h>
| #endif
| #ifdef STDC_HEADERS
| # include <stdlib.h>
| # include <stddef.h>
| #else
| # ifdef HAVE_STDLIB_H
| #  include <stdlib.h>
| # endif
| #endif
| #ifdef HAVE_STRING_H
| # if !defined STDC_HEADERS && defined HAVE_MEMORY_H
| #  include <memory.h>
| # endif
| # include <string.h>
| #endif
| #ifdef HAVE_STRINGS_H
| # include <strings.h>
| #endif
| #ifdef HAVE_INTTYPES_H
| # include <inttypes.h>
| #endif
| #ifdef HAVE_STDINT_H
| # include <stdint.h>
| #endif
| #ifdef HAVE_UNISTD_H
| # include <unistd.h>
| #endif
| int
| main ()
| {
| if (sizeof ((pid_t)))
| 	    return 0;
|   ;
|   return 0;
| }
configure:15591: result: yes
configure:15604: checking vfork.h usability
configure:15604: aarch64-openwrt-linux-gcc -c -g -O2  conftest.c >&5
conftest.c:73:10: fatal error: vfork.h: No such file or directory
 #include <vfork.h>
          ^~~~~~~~~
compilation terminated.
configure:15604: $? = 1
configure: failed program was:
| /* confdefs.h */
| #define PACKAGE_NAME "lldpd"
| #define PACKAGE_TARNAME "lldpd"
| #define PACKAGE_VERSION "2024-07-07"
| #define PACKAGE_STRING "lldpd 2024-07-07"
| #define PACKAGE_BUGREPORT "https://github.com/vincentbernat/lldpd/issues"
| #define PACKAGE_URL "http://vincentbernat.github.io/lldpd/"
| #define PACKAGE "lldpd"
| #define VERSION "2024-07-07"
| #define STDC_HEADERS 1
| #define HAVE_SYS_TYPES_H 1
| #define HAVE_SYS_STAT_H 1
| #define HAVE_STDLIB_H 1
| #define HAVE_STRING_H 1
| #define HAVE_MEMORY_H 1
| #define HAVE_STRINGS_H 1
| #define HAVE_INTTYPES_H 1
| #define HAVE_STDINT_H 1
| #define HAVE_UNISTD_H 1
| #define HAVE_DLFCN_H 1
| #define LT_OBJDIR ".libs/"
| #define HAVE_TYPEOF 1
| #define HOST_OS_LINUX 1
| #define HAVE_SYS_TYPES_H 1
| #define HAVE_NETINET_IN_H 1
| #define HAVE_ARPA_NAMESER_H 1
| #define HAVE_NETDB_H 1
| #define HAVE_RESOLV_H 1
| #define HAVE_U_INT32_T 1
| #define HAVE_UINT32_T 1
| #define HAVE___PROGNAME 1
| #define HAVE_ALIGNOF 1
| #define HAVE_STDLIB_H 1
| #define HAVE_MALLOC 0
| #define malloc rpl_malloc
| #define HAVE_STDLIB_H 1
| #define HAVE_REALLOC 0
| #define realloc rpl_realloc
| /* end confdefs.h.  */
| #include <stdio.h>
| #ifdef HAVE_SYS_TYPES_H
| # include <sys/types.h>
| #endif
| #ifdef HAVE_SYS_STAT_H
| # include <sys/stat.h>
| #endif
| #ifdef STDC_HEADERS
| # include <stdlib.h>
| # include <stddef.h>
| #else
| # ifdef HAVE_STDLIB_H
| #  include <stdlib.h>
| # endif
| #endif
| #ifdef HAVE_STRING_H
| # if !defined STDC_HEADERS && defined HAVE_MEMORY_H
| #  include <memory.h>
| # endif
| # include <string.h>
| #endif
| #ifdef HAVE_STRINGS_H
| # include <strings.h>
| #endif
| #ifdef HAVE_INTTYPES_H
| # include <inttypes.h>
| #endif
| #ifdef HAVE_STDINT_H
| # include <stdint.h>
| #endif
| #ifdef HAVE_UNISTD_H
| # include <unistd.h>
| #endif
| #include <vfork.h>
configure:15604: result: no
configure:15604: checking vfork.h presence
configure:15604: aarch64-openwrt-linux-gcc -E  conftest.c
conftest.c:40:10: fatal error: vfork.h: No such file or directory
 #include <vfork.h>
          ^~~~~~~~~
compilation terminated.
configure:15604: $? = 1
configure: failed program was:
| /* confdefs.h */
| #define PACKAGE_NAME "lldpd"
| #define PACKAGE_TARNAME "lldpd"
| #define PACKAGE_VERSION "2024-07-07"
| #define PACKAGE_STRING "lldpd 2024-07-07"
| #define PACKAGE_BUGREPORT "https://github.com/vincentbernat/lldpd/issues"
| #define PACKAGE_URL "http://vincentbernat.github.io/lldpd/"
| #define PACKAGE "lldpd"
| #define VERSION "2024-07-07"
| #define STDC_HEADERS 1
| #define HAVE_SYS_TYPES_H 1
| #define HAVE_SYS_STAT_H 1
| #define HAVE_STDLIB_H 1
| #define HAVE_STRING_H 1
| #define HAVE_MEMORY_H 1
| #define HAVE_STRINGS_H 1
| #define HAVE_INTTYPES_H 1
| #define HAVE_STDINT_H 1
| #define HAVE_UNISTD_H 1
| #define HAVE_DLFCN_H 1
| #define LT_OBJDIR ".libs/"
| #define HAVE_TYPEOF 1
| #define HOST_OS_LINUX 1
| #define HAVE_SYS_TYPES_H 1
| #define HAVE_NETINET_IN_H 1
| #define HAVE_ARPA_NAMESER_H 1
| #define HAVE_NETDB_H 1
| #define HAVE_RESOLV_H 1
| #define HAVE_U_INT32_T 1
| #define HAVE_UINT32_T 1
| #define HAVE___PROGNAME 1
| #define HAVE_ALIGNOF 1
| #define HAVE_STDLIB_H 1
| #define HAVE_MALLOC 0
| #define malloc rpl_malloc
| #define HAVE_STDLIB_H 1
| #define HAVE_REALLOC 0
| #define realloc rpl_realloc
| /* end confdefs.h.  */
| #include <vfork.h>
configure:15604: result: no
configure:15604: checking for vfork.h
configure:15604: result: no
configure:15617: checking for fork
configure:15617: aarch64-openwrt-linux-gcc -o conftest -g -O2   conftest.c  >&5
conftest.c:63:6: warning: conflicting types for built-in function 'fork' [-Wbuiltin-declaration-mismatch]
 char fork ();
      ^~~~
configure:15617: $? = 0
configure:15617: result: yes
configure:15617: checking for vfork
configure:15617: aarch64-openwrt-linux-gcc -o conftest -g -O2   conftest.c  >&5
configure:15617: $? = 0
configure:15617: result: yes
configure:15627: checking for working fork
configure:15659: result: cross
configure:15675: WARNING: result yes guessed because of cross compilation
configure:15680: checking for working vfork
configure:15790: result: yes
configure:15837: checking for aarch64-openwrt-linux-pkg-config
configure:15870: result: no
configure:15880: checking for pkg-config
configure:15898: found /usr/bin/pkg-config
configure:15910: result: /usr/bin/pkg-config
configure:15935: checking pkg-config is at least version 0.9.0
configure:15938: result: yes
configure:15948: checking for libbsd
configure:15955: $PKG_CONFIG --exists --print-errors "libbsd-overlay"
Package libbsd-overlay was not found in the pkg-config search path.
Perhaps you should add the directory containing `libbsd-overlay.pc'
to the PKG_CONFIG_PATH environment variable
No package 'libbsd-overlay' found
configure:15958: $? = 1
configure:15972: $PKG_CONFIG --exists --print-errors "libbsd-overlay"
Package libbsd-overlay was not found in the pkg-config search path.
Perhaps you should add the directory containing `libbsd-overlay.pc'
to the PKG_CONFIG_PATH environment variable
No package 'libbsd-overlay' found
configure:15975: $? = 1
configure:15989: result: no
No package 'libbsd-overlay' found
configure:16082: checking for setproctitle
configure:16082: aarch64-openwrt-linux-gcc -o conftest -g -O2   conftest.c  >&5
/home/tplink/share/EAP772_gpl/PLATFORM/build/toolchain/toolchain-aarch64_cortex-a73_gcc-7.5.0_musl/bin/../lib/gcc/aarch64-openwrt-linux-musl/7.5.0/../../../../aarch64-openwrt-linux-musl/bin/ld: /tmp/ccRroGv5.o: in function `main':
/home/tplink/share/EAP772_gpl/PLATFORM/apps/lldpd-1.0.4/conftest.c:78: undefined reference to `setproctitle'
collect2: error: ld returned 1 exit status
configure:16082: $? = 1
configure: failed program was:
| /* confdefs.h */
| #define PACKAGE_NAME "lldpd"
| #define PACKAGE_TARNAME "lldpd"
| #define PACKAGE_VERSION "2024-07-07"
| #define PACKAGE_STRING "lldpd 2024-07-07"
| #define PACKAGE_BUGREPORT "https://github.com/vincentbernat/lldpd/issues"
| #define PACKAGE_URL "http://vincentbernat.github.io/lldpd/"
| #define PACKAGE "lldpd"
| #define VERSION "2024-07-07"
| #define STDC_HEADERS 1
| #define HAVE_SYS_TYPES_H 1
| #define HAVE_SYS_STAT_H 1
| #define HAVE_STDLIB_H 1
| #define HAVE_STRING_H 1
| #define HAVE_MEMORY_H 1
| #define HAVE_STRINGS_H 1
| #define HAVE_INTTYPES_H 1
| #define HAVE_STDINT_H 1
| #define HAVE_UNISTD_H 1
| #define HAVE_DLFCN_H 1
| #define LT_OBJDIR ".libs/"
| #define HAVE_TYPEOF 1
| #define HOST_OS_LINUX 1
| #define HAVE_SYS_TYPES_H 1
| #define HAVE_NETINET_IN_H 1
| #define HAVE_ARPA_NAMESER_H 1
| #define HAVE_NETDB_H 1
| #define HAVE_RESOLV_H 1
| #define HAVE_U_INT32_T 1
| #define HAVE_UINT32_T 1
| #define HAVE___PROGNAME 1
| #define HAVE_ALIGNOF 1
| #define HAVE_STDLIB_H 1
| #define HAVE_MALLOC 0
| #define malloc rpl_malloc
| #define HAVE_STDLIB_H 1
| #define HAVE_REALLOC 0
| #define realloc rpl_realloc
| #define HAVE_FORK 1
| #define HAVE_VFORK 1
| #define HAVE_WORKING_VFORK 1
| #define HAVE_WORKING_FORK 1
| /* end confdefs.h.  */
| /* Define setproctitle to an innocuous variant, in case <limits.h> declares setproctitle.
|    For example, HP-UX 11i <limits.h> declares gettimeofday.  */
| #define setproctitle innocuous_setproctitle
| 
| /* System header to define __stub macros and hopefully few prototypes,
|     which can conflict with char setproctitle (); below.
|     Prefer <limits.h> to <assert.h> if __STDC__ is defined, since
|     <limits.h> exists even on freestanding compilers.  */
| 
| #ifdef __STDC__
| # include <limits.h>
| #else
| # include <assert.h>
| #endif
| 
| #undef setproctitle
| 
| /* Override any GCC internal prototype to avoid an error.
|    Use char because int might match the return type of a GCC
|    builtin and then its argument prototype would still apply.  */
| #ifdef __cplusplus
| extern "C"
| #endif
| char setproctitle ();
| /* The GNU C library defines this for functions which it implements
|     to always fail with ENOSYS.  Some functions are actually named
|     something starting with __ and the normal name is an alias.  */
| #if defined __stub_setproctitle || defined __stub___setproctitle
| choke me
| #endif
| 
| int
| main ()
| {
| return setproctitle ();
|   ;
|   return 0;
| }
configure:16082: result: no
configure:16098: checking for setproctitle_init
configure:16098: aarch64-openwrt-linux-gcc -o conftest -g -O2   conftest.c  >&5
/home/tplink/share/EAP772_gpl/PLATFORM/build/toolchain/toolchain-aarch64_cortex-a73_gcc-7.5.0_musl/bin/../lib/gcc/aarch64-openwrt-linux-musl/7.5.0/../../../../aarch64-openwrt-linux-musl/bin/ld: /tmp/ccLYb3B7.o: in function `main':
/home/tplink/share/EAP772_gpl/PLATFORM/apps/lldpd-1.0.4/conftest.c:78: undefined reference to `setproctitle_init'
collect2: error: ld returned 1 exit status
configure:16098: $? = 1
configure: failed program was:
| /* confdefs.h */
| #define PACKAGE_NAME "lldpd"
| #define PACKAGE_TARNAME "lldpd"
| #define PACKAGE_VERSION "2024-07-07"
| #define PACKAGE_STRING "lldpd 2024-07-07"
| #define PACKAGE_BUGREPORT "https://github.com/vincentbernat/lldpd/issues"
| #define PACKAGE_URL "http://vincentbernat.github.io/lldpd/"
| #define PACKAGE "lldpd"
| #define VERSION "2024-07-07"
| #define STDC_HEADERS 1
| #define HAVE_SYS_TYPES_H 1
| #define HAVE_SYS_STAT_H 1
| #define HAVE_STDLIB_H 1
| #define HAVE_STRING_H 1
| #define HAVE_MEMORY_H 1
| #define HAVE_STRINGS_H 1
| #define HAVE_INTTYPES_H 1
| #define HAVE_STDINT_H 1
| #define HAVE_UNISTD_H 1
| #define HAVE_DLFCN_H 1
| #define LT_OBJDIR ".libs/"
| #define HAVE_TYPEOF 1
| #define HOST_OS_LINUX 1
| #define HAVE_SYS_TYPES_H 1
| #define HAVE_NETINET_IN_H 1
| #define HAVE_ARPA_NAMESER_H 1
| #define HAVE_NETDB_H 1
| #define HAVE_RESOLV_H 1
| #define HAVE_U_INT32_T 1
| #define HAVE_UINT32_T 1
| #define HAVE___PROGNAME 1
| #define HAVE_ALIGNOF 1
| #define HAVE_STDLIB_H 1
| #define HAVE_MALLOC 0
| #define malloc rpl_malloc
| #define HAVE_STDLIB_H 1
| #define HAVE_REALLOC 0
| #define realloc rpl_realloc
| #define HAVE_FORK 1
| #define HAVE_VFORK 1
| #define HAVE_WORKING_VFORK 1
| #define HAVE_WORKING_FORK 1
| /* end confdefs.h.  */
| /* Define setproctitle_init to an innocuous variant, in case <limits.h> declares setproctitle_init.
|    For example, HP-UX 11i <limits.h> declares gettimeofday.  */
| #define setproctitle_init innocuous_setproctitle_init
| 
| /* System header to define __stub macros and hopefully few prototypes,
|     which can conflict with char setproctitle_init (); below.
|     Prefer <limits.h> to <assert.h> if __STDC__ is defined, since
|     <limits.h> exists even on freestanding compilers.  */
| 
| #ifdef __STDC__
| # include <limits.h>
| #else
| # include <assert.h>
| #endif
| 
| #undef setproctitle_init
| 
| /* Override any GCC internal prototype to avoid an error.
|    Use char because int might match the return type of a GCC
|    builtin and then its argument prototype would still apply.  */
| #ifdef __cplusplus
| extern "C"
| #endif
| char setproctitle_init ();
| /* The GNU C library defines this for functions which it implements
|     to always fail with ENOSYS.  Some functions are actually named
|     something starting with __ and the normal name is an alias.  */
| #if defined __stub_setproctitle_init || defined __stub___setproctitle_init
| choke me
| #endif
| 
| int
| main ()
| {
| return setproctitle_init ();
|   ;
|   return 0;
| }
configure:16098: result: no
configure:16108: checking for strlcpy
configure:16108: aarch64-openwrt-linux-gcc -o conftest -g -O2   conftest.c  >&5
configure:16108: $? = 0
configure:16108: result: yes
configure:16121: checking for strnlen
configure:16121: aarch64-openwrt-linux-gcc -o conftest -g -O2   conftest.c  >&5
configure:16121: $? = 0
configure:16121: result: yes
configure:16134: checking for strndup
configure:16134: aarch64-openwrt-linux-gcc -o conftest -g -O2   conftest.c  >&5
conftest.c:69:6: warning: conflicting types for built-in function 'strndup' [-Wbuiltin-declaration-mismatch]
 char strndup ();
      ^~~~~~~
configure:16134: $? = 0
configure:16134: result: yes
configure:16147: checking for strtonum
configure:16147: aarch64-openwrt-linux-gcc -o conftest -g -O2   conftest.c  >&5
/home/tplink/share/EAP772_gpl/PLATFORM/build/toolchain/toolchain-aarch64_cortex-a73_gcc-7.5.0_musl/bin/../lib/gcc/aarch64-openwrt-linux-musl/7.5.0/../../../../aarch64-openwrt-linux-musl/bin/ld: /tmp/cc7gSuRF.o: in function `main':
/home/tplink/share/EAP772_gpl/PLATFORM/apps/lldpd-1.0.4/conftest.c:81: undefined reference to `strtonum'
collect2: error: ld returned 1 exit status
configure:16147: $? = 1
configure: failed program was:
| /* confdefs.h */
| #define PACKAGE_NAME "lldpd"
| #define PACKAGE_TARNAME "lldpd"
| #define PACKAGE_VERSION "2024-07-07"
| #define PACKAGE_STRING "lldpd 2024-07-07"
| #define PACKAGE_BUGREPORT "https://github.com/vincentbernat/lldpd/issues"
| #define PACKAGE_URL "http://vincentbernat.github.io/lldpd/"
| #define PACKAGE "lldpd"
| #define VERSION "2024-07-07"
| #define STDC_HEADERS 1
| #define HAVE_SYS_TYPES_H 1
| #define HAVE_SYS_STAT_H 1
| #define HAVE_STDLIB_H 1
| #define HAVE_STRING_H 1
| #define HAVE_MEMORY_H 1
| #define HAVE_STRINGS_H 1
| #define HAVE_INTTYPES_H 1
| #define HAVE_STDINT_H 1
| #define HAVE_UNISTD_H 1
| #define HAVE_DLFCN_H 1
| #define LT_OBJDIR ".libs/"
| #define HAVE_TYPEOF 1
| #define HOST_OS_LINUX 1
| #define HAVE_SYS_TYPES_H 1
| #define HAVE_NETINET_IN_H 1
| #define HAVE_ARPA_NAMESER_H 1
| #define HAVE_NETDB_H 1
| #define HAVE_RESOLV_H 1
| #define HAVE_U_INT32_T 1
| #define HAVE_UINT32_T 1
| #define HAVE___PROGNAME 1
| #define HAVE_ALIGNOF 1
| #define HAVE_STDLIB_H 1
| #define HAVE_MALLOC 0
| #define malloc rpl_malloc
| #define HAVE_STDLIB_H 1
| #define HAVE_REALLOC 0
| #define realloc rpl_realloc
| #define HAVE_FORK 1
| #define HAVE_VFORK 1
| #define HAVE_WORKING_VFORK 1
| #define HAVE_WORKING_FORK 1
| #define HAVE_STRLCPY 1
| #define HAVE_STRNLEN 1
| #define HAVE_STRNDUP 1
| /* end confdefs.h.  */
| /* Define strtonum to an innocuous variant, in case <limits.h> declares strtonum.
|    For example, HP-UX 11i <limits.h> declares gettimeofday.  */
| #define strtonum innocuous_strtonum
| 
| /* System header to define __stub macros and hopefully few prototypes,
|     which can conflict with char strtonum (); below.
|     Prefer <limits.h> to <assert.h> if __STDC__ is defined, since
|     <limits.h> exists even on freestanding compilers.  */
| 
| #ifdef __STDC__
| # include <limits.h>
| #else
| # include <assert.h>
| #endif
| 
| #undef strtonum
| 
| /* Override any GCC internal prototype to avoid an error.
|    Use char because int might match the return type of a GCC
|    builtin and then its argument prototype would still apply.  */
| #ifdef __cplusplus
| extern "C"
| #endif
| char strtonum ();
| /* The GNU C library defines this for functions which it implements
|     to always fail with ENOSYS.  Some functions are actually named
|     something starting with __ and the normal name is an alias.  */
| #if defined __stub_strtonum || defined __stub___strtonum
| choke me
| #endif
| 
| int
| main ()
| {
| return strtonum ();
|   ;
|   return 0;
| }
configure:16147: result: no
configure:16160: checking for getline
configure:16160: aarch64-openwrt-linux-gcc -o conftest -g -O2   conftest.c  >&5
configure:16160: $? = 0
configure:16160: result: yes
configure:16173: checking for asprintf
configure:16173: aarch64-openwrt-linux-gcc -o conftest -g -O2   conftest.c  >&5
configure:16173: $? = 0
configure:16173: result: yes
configure:16186: checking for vsyslog
configure:16186: aarch64-openwrt-linux-gcc -o conftest -g -O2   conftest.c  >&5
configure:16186: $? = 0
configure:16186: result: yes
configure:16199: checking for daemon
configure:16199: aarch64-openwrt-linux-gcc -o conftest -g -O2   conftest.c  >&5
configure:16199: $? = 0
configure:16199: result: yes
configure:16217: checking for setresuid
configure:16217: aarch64-openwrt-linux-gcc -o conftest -g -O2   conftest.c  >&5
configure:16217: $? = 0
configure:16217: result: yes
configure:16217: checking for setresgid
configure:16217: aarch64-openwrt-linux-gcc -o conftest -g -O2   conftest.c  >&5
configure:16217: $? = 0
configure:16217: result: yes
configure:16230: checking for library containing res_init
configure:16256: aarch64-openwrt-linux-gcc -o conftest -g -O2   conftest.c  >&5
configure:16256: $? = 0
configure:16273: result: none required
configure:16366: checking for check
configure:16373: $PKG_CONFIG --exists --print-errors "check >= 0.9.4"
Package check was not found in the pkg-config search path.
Perhaps you should add the directory containing `check.pc'
to the PKG_CONFIG_PATH environment variable
No package 'check' found
configure:16376: $? = 1
configure:16390: $PKG_CONFIG --exists --print-errors "check >= 0.9.4"
Package check was not found in the pkg-config search path.
Perhaps you should add the directory containing `check.pc'
to the PKG_CONFIG_PATH environment variable
No package 'check' found
configure:16393: $? = 1
configure:16407: result: no
No package 'check' found
configure:16453: checking for libevent
configure:16460: $PKG_CONFIG --exists --print-errors "libevent >= 2.0.5"
Package libevent was not found in the pkg-config search path.
Perhaps you should add the directory containing `libevent.pc'
to the PKG_CONFIG_PATH environment variable
No package 'libevent' found
configure:16463: $? = 1
configure:16477: $PKG_CONFIG --exists --print-errors "libevent >= 2.0.5"
Package libevent was not found in the pkg-config search path.
Perhaps you should add the directory containing `libevent.pc'
to the PKG_CONFIG_PATH environment variable
No package 'libevent' found
configure:16480: $? = 1
configure:16494: result: no
No package 'libevent' found
configure:16513: using shipped libevent
configure:16744: checking for libcap
configure:16751: $PKG_CONFIG --exists --print-errors "libcap >= 2"
Package libcap was not found in the pkg-config search path.
Perhaps you should add the directory containing `libcap.pc'
to the PKG_CONFIG_PATH environment variable
No package 'libcap' found
configure:16754: $? = 1
configure:16768: $PKG_CONFIG --exists --print-errors "libcap >= 2"
Package libcap was not found in the pkg-config search path.
Perhaps you should add the directory containing `libcap.pc'
to the PKG_CONFIG_PATH environment variable
No package 'libcap' found
configure:16771: $? = 1
configure:16785: result: no
No package 'libcap' found
configure:16806: checking libcap (without pkg-config)
configure:16826: aarch64-openwrt-linux-gcc -o conftest -g -O2   conftest.c  -lcap >&5
/home/tplink/share/EAP772_gpl/PLATFORM/build/toolchain/toolchain-aarch64_cortex-a73_gcc-7.5.0_musl/bin/../lib/gcc/aarch64-openwrt-linux-musl/7.5.0/../../../../aarch64-openwrt-linux-musl/bin/ld: cannot find -lcap
collect2: error: ld returned 1 exit status
configure:16826: $? = 1
configure: failed program was:
| /* confdefs.h */
| #define PACKAGE_NAME "lldpd"
| #define PACKAGE_TARNAME "lldpd"
| #define PACKAGE_VERSION "2024-07-07"
| #define PACKAGE_STRING "lldpd 2024-07-07"
| #define PACKAGE_BUGREPORT "https://github.com/vincentbernat/lldpd/issues"
| #define PACKAGE_URL "http://vincentbernat.github.io/lldpd/"
| #define PACKAGE "lldpd"
| #define VERSION "2024-07-07"
| #define STDC_HEADERS 1
| #define HAVE_SYS_TYPES_H 1
| #define HAVE_SYS_STAT_H 1
| #define HAVE_STDLIB_H 1
| #define HAVE_STRING_H 1
| #define HAVE_MEMORY_H 1
| #define HAVE_STRINGS_H 1
| #define HAVE_INTTYPES_H 1
| #define HAVE_STDINT_H 1
| #define HAVE_UNISTD_H 1
| #define HAVE_DLFCN_H 1
| #define LT_OBJDIR ".libs/"
| #define HAVE_TYPEOF 1
| #define HOST_OS_LINUX 1
| #define HAVE_SYS_TYPES_H 1
| #define HAVE_NETINET_IN_H 1
| #define HAVE_ARPA_NAMESER_H 1
| #define HAVE_NETDB_H 1
| #define HAVE_RESOLV_H 1
| #define HAVE_U_INT32_T 1
| #define HAVE_UINT32_T 1
| #define HAVE___PROGNAME 1
| #define HAVE_ALIGNOF 1
| #define HAVE_STDLIB_H 1
| #define HAVE_MALLOC 0
| #define malloc rpl_malloc
| #define HAVE_STDLIB_H 1
| #define HAVE_REALLOC 0
| #define realloc rpl_realloc
| #define HAVE_FORK 1
| #define HAVE_VFORK 1
| #define HAVE_WORKING_VFORK 1
| #define HAVE_WORKING_FORK 1
| #define HAVE_STRLCPY 1
| #define HAVE_STRNLEN 1
| #define HAVE_STRNDUP 1
| #define HAVE_GETLINE 1
| #define HAVE_ASPRINTF 1
| #define HAVE_VSYSLOG 1
| #define HAVE_DAEMON 1
| #define HAVE_SETRESUID 1
| #define HAVE_SETRESGID 1
| #define HAVE_RES_INIT 1
| /* end confdefs.h.  */
| 
| /* Override any GCC internal prototype to avoid an error.
|    Use char because int might match the return type of a GCC
|    builtin and then its argument prototype would still apply.  */
| #ifdef __cplusplus
| extern "C"
| #endif
| char cap_set_proc ();
| int
| main ()
| {
| return cap_set_proc ();
|   ;
|   return 0;
| }
configure:16837: result: no
configure:17392: checking for libxml2
configure:17399: $PKG_CONFIG --exists --print-errors "libxml-2.0"
Package libxml-2.0 was not found in the pkg-config search path.
Perhaps you should add the directory containing `libxml-2.0.pc'
to the PKG_CONFIG_PATH environment variable
No package 'libxml-2.0' found
configure:17402: $? = 1
configure:17416: $PKG_CONFIG --exists --print-errors "libxml-2.0"
Package libxml-2.0 was not found in the pkg-config search path.
Perhaps you should add the directory containing `libxml-2.0.pc'
to the PKG_CONFIG_PATH environment variable
No package 'libxml-2.0' found
configure:17419: $? = 1
configure:17433: result: no
No package 'libxml-2.0' found
configure:17453: checking for aarch64-openwrt-linux-xml2-config
configure:17486: result: no
configure:17496: checking for xml2-config
configure:17529: result: no
configure:17812: checking whether to enable use of pre-0.9.2 JSON/json-c format
configure:17821: result: no
configure:18287: checking whether to enable systemtap/DTrace trace support
configure:18296: result: no
configure:18374: checking whether to enable Privilege separation
configure:18383: result: no
configure:18845: checking whether to enable Cisco Discovery Protocol
configure:18848: result: yes
configure:18866: checking whether to enable Foundry Discovery Protocol
configure:18869: result: yes
configure:18887: checking whether to enable Extreme Discovery Protocol
configure:18890: result: yes
configure:18908: checking whether to enable SynOptics Network Management Protocol
configure:18911: result: yes
configure:18931: checking whether to enable LLDP-MED extension
configure:18934: result: yes
configure:18952: checking whether to enable Dot1 extension (VLAN stuff)
configure:18955: result: yes
configure:18973: checking whether to enable Dot3 extension (PHY stuff)
configure:18976: result: yes
configure:18994: checking whether to enable Custom TLV support
configure:18997: result: yes
configure:19018: checking whether to enable compatibility with Linux kernel older than 2.6.39
configure:19027: result: no
configure:19052: LIB_TP_LDFLAGS will be set to "-L/home/tplink/share/EAP772_gpl/PLATFORM/build/../smb_priv/apps/utility_lib/ -lutility_lib  -L/home/tplink/share/EAP772_gpl/PLATFORM/build/../smb_priv/apps/nvrammanager_lib/ -lnvrammanager -lm -L/home/tplink/share/EAP772_gpl/PLATFORM/build/../smb_priv/apps/ble_lib -lble_lib"
configure:19063: LIB_TP_CFLAGS will be set to "-I/home/tplink/share/EAP772_gpl/PLATFORM/build/../smb_priv/apps/uclite/modules/op_info -I/home/tplink/share/EAP772_gpl/PLATFORM/build/../smb_priv/apps/common -I/home/tplink/share/EAP772_gpl/PLATFORM/build/../smb_priv/apps/utility_lib/include -I/home/tplink/share/EAP772_gpl/PLATFORM/build/../smb_priv/apps/unix_sock/include"
configure:19067: checking for build time
configure:19081: result: 2024-07-07T04:23:04Z
configure:19242: checking that generated files are newer than configure
configure:19248: result: done
configure:19395: creating ./config.status

## ---------------------- ##
## Running config.status. ##
## ---------------------- ##

This file was extended by lldpd config.status 2024-07-07, which was
generated by GNU Autoconf 2.69.  Invocation command line was

  CONFIG_FILES    = 
  CONFIG_HEADERS  = 
  CONFIG_LINKS    = 
  CONFIG_COMMANDS = 
  $ ./config.status 

on tplink

config.status:1293: creating Makefile
config.status:1293: creating src/Makefile
config.status:1293: creating src/compat/Makefile
config.status:1293: creating src/daemon/Makefile
config.status:1293: creating src/lib/Makefile
config.status:1293: creating src/client/Makefile
config.status:1293: creating tests/Makefile
config.status:1293: creating osx/Makefile
config.status:1293: creating config.h
config.status:1522: executing depfiles commands
config.status:1599: cd src       && sed -e '/# am--include-marker/d' Makefile         | make -f - am--depfiles
make[2]: Entering directory '/home/tplink/share/EAP772_gpl/PLATFORM/apps/lldpd-1.0.4/src'
make[2]: Nothing to be done for 'am--depfiles'.
make[2]: Leaving directory '/home/tplink/share/EAP772_gpl/PLATFORM/apps/lldpd-1.0.4/src'
config.status:1604: $? = 0
config.status:1599: cd src/compat       && sed -e '/# am--include-marker/d' Makefile         | make -f - am--depfiles
make[2]: Entering directory '/home/tplink/share/EAP772_gpl/PLATFORM/apps/lldpd-1.0.4/src/compat'
make[2]: Nothing to be done for 'am--depfiles'.
make[2]: Leaving directory '/home/tplink/share/EAP772_gpl/PLATFORM/apps/lldpd-1.0.4/src/compat'
config.status:1604: $? = 0
config.status:1599: cd src/daemon       && sed -e '/# am--include-marker/d' Makefile         | make -f - am--depfiles
make[2]: Entering directory '/home/tplink/share/EAP772_gpl/PLATFORM/apps/lldpd-1.0.4/src/daemon'
make[2]: Nothing to be done for 'am--depfiles'.
make[2]: Leaving directory '/home/tplink/share/EAP772_gpl/PLATFORM/apps/lldpd-1.0.4/src/daemon'
config.status:1604: $? = 0
config.status:1599: cd src/lib       && sed -e '/# am--include-marker/d' Makefile         | make -f - am--depfiles
make[2]: Entering directory '/home/tplink/share/EAP772_gpl/PLATFORM/apps/lldpd-1.0.4/src/lib'
make[2]: Nothing to be done for 'am--depfiles'.
make[2]: Leaving directory '/home/tplink/share/EAP772_gpl/PLATFORM/apps/lldpd-1.0.4/src/lib'
config.status:1604: $? = 0
config.status:1599: cd src/client       && sed -e '/# am--include-marker/d' Makefile         | make -f - am--depfiles
make[2]: Entering directory '/home/tplink/share/EAP772_gpl/PLATFORM/apps/lldpd-1.0.4/src/client'
make[2]: Nothing to be done for 'am--depfiles'.
make[2]: Leaving directory '/home/tplink/share/EAP772_gpl/PLATFORM/apps/lldpd-1.0.4/src/client'
config.status:1604: $? = 0
config.status:1599: cd tests       && sed -e '/# am--include-marker/d' Makefile         | make -f - am--depfiles
make[2]: Entering directory '/home/tplink/share/EAP772_gpl/PLATFORM/apps/lldpd-1.0.4/tests'
make[2]: Nothing to be done for 'am--depfiles'.
make[2]: Leaving directory '/home/tplink/share/EAP772_gpl/PLATFORM/apps/lldpd-1.0.4/tests'
config.status:1604: $? = 0
config.status:1522: executing libtool commands
configure:21687: WARNING: unrecognized options: --disable-nls

## ---------------- ##
## Cache variables. ##
## ---------------- ##

ac_cv_build=i686-pc-linux-gnu
ac_cv_c_compiler_gnu=yes
ac_cv_c_typeof=typeof
ac_cv_cflags_gcc_option__D_FORTIFY_SOURCE_2=-D_FORTIFY_SOURCE=2
ac_cv_cflags_gcc_option__D_GNU_SOURCE=-D_GNU_SOURCE
ac_cv_cflags_gcc_option__W=-W
ac_cv_cflags_gcc_option__Wall=-Wall
ac_cv_cflags_gcc_option__Wcast_align=-Wcast-align
ac_cv_cflags_gcc_option__Wdocumentation='no, unknown'
ac_cv_cflags_gcc_option__Wextra=-Wextra
ac_cv_cflags_gcc_option__Wfatal_errors=-Wfatal-errors
ac_cv_cflags_gcc_option__Wformat=-Wformat
ac_cv_cflags_gcc_option__Wformat_security=-Wformat-security
ac_cv_cflags_gcc_option__Wheader_guard='no, unknown'
ac_cv_cflags_gcc_option__Wimplicit_fallthrough=-Wimplicit-fallthrough
ac_cv_cflags_gcc_option__Winline=-Winline
ac_cv_cflags_gcc_option__Wno_missing_field_initializers=-Wno-missing-field-initializers
ac_cv_cflags_gcc_option__Wno_sign_compare=-Wno-sign-compare
ac_cv_cflags_gcc_option__Wno_unused_parameter=-Wno-unused-parameter
ac_cv_cflags_gcc_option__Wpointer_arith=-Wpointer-arith
ac_cv_cflags_gcc_option__Wunknown_warning_option='no, unknown'
ac_cv_cflags_gcc_option__fdiagnostics_color_auto=-fdiagnostics-color=auto
ac_cv_cflags_gcc_option__fdiagnostics_show_option=-fdiagnostics-show-option
ac_cv_cflags_gcc_option__fno_omit_frame_pointer=-fno-omit-frame-pointer
ac_cv_cflags_gcc_option__fstack_clash_protection='no, unknown'
ac_cv_cflags_gcc_option__fstack_protector=-fstack-protector
ac_cv_cflags_gcc_option__fstack_protector_all=-fstack-protector-all
ac_cv_cflags_gcc_option__fstack_protector_strong=-fstack-protector-strong
ac_cv_cflags_gcc_option__pipe=-pipe
ac_cv_env_CC_set=set
ac_cv_env_CC_value=aarch64-openwrt-linux-gcc
ac_cv_env_CFLAGS_set=
ac_cv_env_CFLAGS_value=
ac_cv_env_CPPFLAGS_set=
ac_cv_env_CPPFLAGS_value=
ac_cv_env_CPP_set=
ac_cv_env_CPP_value=
ac_cv_env_DOXYGEN_PAPER_SIZE_set=
ac_cv_env_DOXYGEN_PAPER_SIZE_value=
ac_cv_env_LDFLAGS_set=
ac_cv_env_LDFLAGS_value=
ac_cv_env_LIBS_set=
ac_cv_env_LIBS_value=
ac_cv_env_LT_SYS_LIBRARY_PATH_set=
ac_cv_env_LT_SYS_LIBRARY_PATH_value=
ac_cv_env_PKG_CONFIG_LIBDIR_set=
ac_cv_env_PKG_CONFIG_LIBDIR_value=
ac_cv_env_PKG_CONFIG_PATH_set=
ac_cv_env_PKG_CONFIG_PATH_value=
ac_cv_env_PKG_CONFIG_set=
ac_cv_env_PKG_CONFIG_value=
ac_cv_env_build_alias_set=set
ac_cv_env_build_alias_value=i686-linux
ac_cv_env_check_CFLAGS_set=
ac_cv_env_check_CFLAGS_value=
ac_cv_env_check_LIBS_set=
ac_cv_env_check_LIBS_value=
ac_cv_env_host_alias_set=set
ac_cv_env_host_alias_value=aarch64-openwrt-linux
ac_cv_env_libbsd_CFLAGS_set=
ac_cv_env_libbsd_CFLAGS_value=
ac_cv_env_libbsd_LIBS_set=
ac_cv_env_libbsd_LIBS_value=
ac_cv_env_libcap_CFLAGS_set=
ac_cv_env_libcap_CFLAGS_value=
ac_cv_env_libcap_LIBS_set=
ac_cv_env_libcap_LIBS_value=
ac_cv_env_libevent_CFLAGS_set=
ac_cv_env_libevent_CFLAGS_value=
ac_cv_env_libevent_LIBS_set=
ac_cv_env_libevent_LIBS_value=
ac_cv_env_libseccomp_CFLAGS_set=
ac_cv_env_libseccomp_CFLAGS_value=
ac_cv_env_libseccomp_LIBS_set=
ac_cv_env_libseccomp_LIBS_value=
ac_cv_env_libxml2_CFLAGS_set=
ac_cv_env_libxml2_CFLAGS_value=
ac_cv_env_libxml2_LIBS_set=
ac_cv_env_libxml2_LIBS_value=
ac_cv_env_target_alias_set=
ac_cv_env_target_alias_value=
ac_cv_func_asprintf=yes
ac_cv_func_daemon=yes
ac_cv_func_fork=yes
ac_cv_func_fork_works=yes
ac_cv_func_getline=yes
ac_cv_func_malloc_0_nonnull=no
ac_cv_func_realloc_0_nonnull=no
ac_cv_func_setproctitle=no
ac_cv_func_setproctitle_init=no
ac_cv_func_setresgid=yes
ac_cv_func_setresuid=yes
ac_cv_func_strlcpy=yes
ac_cv_func_strndup=yes
ac_cv_func_strnlen=yes
ac_cv_func_strtonum=no
ac_cv_func_vfork=yes
ac_cv_func_vfork_works=yes
ac_cv_func_vsyslog=yes
ac_cv_header_arpa_nameser_h=yes
ac_cv_header_dlfcn_h=yes
ac_cv_header_inttypes_h=yes
ac_cv_header_memory_h=yes
ac_cv_header_netdb_h=yes
ac_cv_header_netinet_in_h=yes
ac_cv_header_resolv_h=yes
ac_cv_header_stdc=yes
ac_cv_header_stdint_h=yes
ac_cv_header_stdlib_h=yes
ac_cv_header_string_h=yes
ac_cv_header_strings_h=yes
ac_cv_header_sys_stat_h=yes
ac_cv_header_sys_types_h=yes
ac_cv_header_unistd_h=yes
ac_cv_header_valgrind_valgrind_h=no
ac_cv_header_vfork_h=no
ac_cv_host=aarch64-openwrt-linux-gnu
ac_cv_objext=o
ac_cv_path_EGREP='/usr/bin/grep -E'
ac_cv_path_FGREP='/usr/bin/grep -F'
ac_cv_path_GREP=/usr/bin/grep
ac_cv_path_SED=/usr/bin/sed
ac_cv_path_ac_pt_DX_PERL=/usr/bin/perl
ac_cv_path_ac_pt_PKG_CONFIG=/usr/bin/pkg-config
ac_cv_path_install='/usr/bin/install -c'
ac_cv_path_lt_DD=/usr/bin/dd
ac_cv_path_mkdir=/usr/bin/mkdir
ac_cv_prog_AR=aarch64-openwrt-linux-ar
ac_cv_prog_AWK=gawk
ac_cv_prog_CC=aarch64-openwrt-linux-gcc
ac_cv_prog_CPP='aarch64-openwrt-linux-gcc -E'
ac_cv_prog_OBJDUMP=aarch64-openwrt-linux-objdump
ac_cv_prog_RANLIB=aarch64-openwrt-linux-ranlib
ac_cv_prog_STRIP=aarch64-openwrt-linux-strip
ac_cv_prog_ac_ct_MANIFEST_TOOL=mt
ac_cv_prog_cc_c89=
ac_cv_prog_cc_c99=
ac_cv_prog_cc_g=yes
ac_cv_prog_make_make_set=yes
ac_cv_search_res_init='none required'
ac_cv_type_pid_t=yes
ac_cv_type_u_int32_t=yes
ac_cv_type_uint32_t=yes
am_cv_CC_dependencies_compiler_type=gcc3
am_cv_ar_interface=ar
am_cv_make_support_nested_variables=yes
am_cv_prog_cc_c_o=yes
am_cv_prog_tar_ustar=gnutar
ax_cv_ld_check_flag__Wl__z_now=yes
ax_cv_ld_check_flag__Wl__z_relro=yes
ax_cv_lib_readline=no
lldp_cv_check___progname=yes
lldp_cv_check_alignof=yes
lt_cv_ar_at_file=@
lt_cv_archive_cmds_need_lc=no
lt_cv_deplibs_check_method=pass_all
lt_cv_file_magic_cmd='$MAGIC_CMD'
lt_cv_file_magic_test_file=
lt_cv_ld_reload_flag=-r
lt_cv_nm_interface='BSD nm'
lt_cv_objdir=.libs
lt_cv_path_LD=/home/tplink/share/EAP772_gpl/PLATFORM/build/toolchain/toolchain-aarch64_cortex-a73_gcc-7.5.0_musl/aarch64-openwrt-linux-musl/bin/ld
lt_cv_path_NM='/home/tplink/share/EAP772_gpl/PLATFORM/build/../build/toolchain/toolchain-aarch64_cortex-a73_gcc-7.5.0_musl/./usr/../bin/aarch64-openwrt-linux-nm -B'
lt_cv_path_mainfest_tool=no
lt_cv_prog_compiler_c_o=yes
lt_cv_prog_compiler_pic='-fPIC -DPIC'
lt_cv_prog_compiler_pic_works=yes
lt_cv_prog_compiler_rtti_exceptions=no
lt_cv_prog_compiler_static_works=yes
lt_cv_prog_gnu_ld=yes
lt_cv_sharedlib_from_linklib_cmd='printf %s\n'
lt_cv_shlibpath_overrides_runpath=no
lt_cv_sys_global_symbol_pipe='sed -n -e '\''s/^.*[	 ]\([ABCDGIRSTW][ABCDGIRSTW]*\)[	 ][	 ]*\([_A-Za-z][_A-Za-z0-9]*\)$/\1 \2 \2/p'\'' | sed '\''/ __gnu_lto/d'\'''
lt_cv_sys_global_symbol_to_c_name_address='sed -n -e '\''s/^: \(.*\) .*$/  {"\1", (void *) 0},/p'\'' -e '\''s/^[ABCDGIRSTW][ABCDGIRSTW]* .* \(.*\)$/  {"\1", (void *) \&\1},/p'\'''
lt_cv_sys_global_symbol_to_c_name_address_lib_prefix='sed -n -e '\''s/^: \(.*\) .*$/  {"\1", (void *) 0},/p'\'' -e '\''s/^[ABCDGIRSTW][ABCDGIRSTW]* .* \(lib.*\)$/  {"\1", (void *) \&\1},/p'\'' -e '\''s/^[ABCDGIRSTW][ABCDGIRSTW]* .* \(.*\)$/  {"lib\1", (void *) \&\1},/p'\'''
lt_cv_sys_global_symbol_to_cdecl='sed -n -e '\''s/^T .* \(.*\)$/extern int \1();/p'\'' -e '\''s/^[ABCDGIRSTW][ABCDGIRSTW]* .* \(.*\)$/extern char \1;/p'\'''
lt_cv_sys_global_symbol_to_import=
lt_cv_sys_max_cmd_len=1572864
lt_cv_to_host_file_cmd=func_convert_file_noop
lt_cv_to_tool_file_cmd=func_convert_file_noop
lt_cv_truncate_bin='/usr/bin/dd bs=4096 count=1'

## ----------------- ##
## Output variables. ##
## ----------------- ##

ACLOCAL='${SHELL} /home/tplink/share/EAP772_gpl/PLATFORM/apps/lldpd-1.0.4/missing aclocal-1.16'
AMDEPBACKSLASH='\'
AMDEP_FALSE='#'
AMDEP_TRUE=''
AMTAR='$${TAR-tar}'
AM_BACKSLASH='\'
AM_DEFAULT_V='$(AM_DEFAULT_VERBOSITY)'
AM_DEFAULT_VERBOSITY='0'
AM_V='$(V)'
APPARMORDIR='no'
AR='aarch64-openwrt-linux-ar'
AUTOCONF='${SHELL} /home/tplink/share/EAP772_gpl/PLATFORM/apps/lldpd-1.0.4/missing autoconf'
AUTOHEADER='${SHELL} /home/tplink/share/EAP772_gpl/PLATFORM/apps/lldpd-1.0.4/missing autoheader'
AUTOMAKE='${SHELL} /home/tplink/share/EAP772_gpl/PLATFORM/apps/lldpd-1.0.4/missing automake-1.16'
AWK='gawk'
CC='aarch64-openwrt-linux-gcc'
CCDEPMODE='depmode=gcc3'
CFLAGS='-g -O2'
CONFIGURE_ARGS=' '\''--build=i686-linux'\'' '\''--disable-nls'\'' '\''--enable-privsep=no'\'' '\''--with-readline=no'\'' '\''--localstatedir=/var'\'' '\''--prefix=/usr'\'' '\''--host=aarch64-openwrt-linux'\'' '\''--with-smb-cflags=-I/home/tplink/share/EAP772_gpl/PLATFORM/build/../smb_priv/apps/uclite/modules/op_info -I/home/tplink/share/EAP772_gpl/PLATFORM/build/../smb_priv/apps/common -I/home/tplink/share/EAP772_gpl/PLATFORM/build/../smb_priv/apps/utility_lib/include -I/home/tplink/share/EAP772_gpl/PLATFORM/build/../smb_priv/apps/unix_sock/include'\'' '\''--with-smb-ldflags=-L/home/tplink/share/EAP772_gpl/PLATFORM/build/../smb_priv/apps/utility_lib/ -lutility_lib  -L/home/tplink/share/EAP772_gpl/PLATFORM/build/../smb_priv/apps/nvrammanager_lib/ -lnvrammanager -lm -L/home/tplink/share/EAP772_gpl/PLATFORM/build/../smb_priv/apps/ble_lib -lble_lib'\'' '\''CC=aarch64-openwrt-linux-gcc'\'' '\''AR=aarch64-openwrt-linux-ar'\'' '\''RANLIB=aarch64-openwrt-linux-ranlib'\'' '\''STRIP=aarch64-openwrt-linux-strip'\'' '\''build_alias=i686-linux'\'' '\''host_alias=aarch64-openwrt-linux'\'''
CPP='aarch64-openwrt-linux-gcc -E'
CPPFLAGS=''
CYGPATH_W='echo'
DEFS='-DHAVE_CONFIG_H'
DEPDIR='.deps'
DLLTOOL='false'
DOXYGEN_PAPER_SIZE=''
DSYMUTIL=''
DTRACE=''
DUMPBIN=''
DX_COND_chi_FALSE=''
DX_COND_chi_TRUE='#'
DX_COND_chm_FALSE=''
DX_COND_chm_TRUE='#'
DX_COND_doc_FALSE=''
DX_COND_doc_TRUE='#'
DX_COND_dot_FALSE=''
DX_COND_dot_TRUE='#'
DX_COND_html_FALSE=''
DX_COND_html_TRUE='#'
DX_COND_latex_FALSE=''
DX_COND_latex_TRUE='#'
DX_COND_man_FALSE=''
DX_COND_man_TRUE='#'
DX_COND_pdf_FALSE=''
DX_COND_pdf_TRUE='#'
DX_COND_ps_FALSE=''
DX_COND_ps_TRUE='#'
DX_COND_rtf_FALSE=''
DX_COND_rtf_TRUE='#'
DX_COND_xml_FALSE=''
DX_COND_xml_TRUE='#'
DX_CONFIG='doxygen.cfg'
DX_DOCDIR='doxygen'
DX_DOT=''
DX_DOXYGEN=''
DX_DVIPS=''
DX_EGREP=''
DX_ENV=' SRCDIR='\''.'\'' PROJECT='\''lldpd'\'' DOCDIR='\''doxygen'\'' VERSION='\''2024-07-07'\'' HAVE_DOT='\''NO'\'' GENERATE_MAN='\''NO'\'' GENERATE_RTF='\''NO'\'' GENERATE_XML='\''NO'\'' GENERATE_HTMLHELP='\''NO'\'' GENERATE_CHI='\''NO'\'' GENERATE_HTML='\''NO'\'' GENERATE_LATEX='\''NO'\'''
DX_FLAG_chi='0'
DX_FLAG_chm='0'
DX_FLAG_doc='0'
DX_FLAG_dot='0'
DX_FLAG_html='0'
DX_FLAG_man='0'
DX_FLAG_pdf='0'
DX_FLAG_ps='0'
DX_FLAG_rtf='0'
DX_FLAG_xml='0'
DX_HHC=''
DX_LATEX=''
DX_MAKEINDEX=''
DX_PDFLATEX=''
DX_PERL='/usr/bin/perl'
DX_PROJECT='lldpd'
ECHO_C=''
ECHO_N='-n'
ECHO_T=''
EGREP='/usr/bin/grep -E'
ENABLE_SYSTEMTAP_FALSE=''
ENABLE_SYSTEMTAP_TRUE='#'
EXEEXT=''
FGREP='/usr/bin/grep -F'
GREP='/usr/bin/grep'
HAVE_APPARMORDIR_FALSE=''
HAVE_APPARMORDIR_TRUE='#'
HAVE_CHECK_FALSE=''
HAVE_CHECK_TRUE='#'
HAVE_LAUNCHDDAEMONSDIR_FALSE='#'
HAVE_LAUNCHDDAEMONSDIR_TRUE=''
HAVE_LD_VERSION_SCRIPT_FALSE='#'
HAVE_LD_VERSION_SCRIPT_TRUE=''
HAVE_SYSTEMDSYSTEMUNITDIR_FALSE='#'
HAVE_SYSTEMDSYSTEMUNITDIR_TRUE=''
HAVE_SYSUSERSDIR_FALSE='#'
HAVE_SYSUSERSDIR_TRUE=''
HOST_OS_DRAGONFLY_FALSE=''
HOST_OS_DRAGONFLY_TRUE='#'
HOST_OS_FREEBSD_FALSE=''
HOST_OS_FREEBSD_TRUE='#'
HOST_OS_LINUX_FALSE='#'
HOST_OS_LINUX_TRUE=''
HOST_OS_NETBSD_FALSE=''
HOST_OS_NETBSD_TRUE='#'
HOST_OS_OPENBSD_FALSE=''
HOST_OS_OPENBSD_TRUE='#'
HOST_OS_OSX_FALSE=''
HOST_OS_OSX_TRUE='#'
HOST_OS_SOLARIS_FALSE=''
HOST_OS_SOLARIS_TRUE='#'
INSTALL_DATA='${INSTALL} -m 644'
INSTALL_PROGRAM='${INSTALL}'
INSTALL_SCRIPT='${INSTALL}'
INSTALL_STRIP_PROGRAM='$(install_sh) -c -s'
LAUNCHDDAEMONSDIR='/Library/LaunchDaemons'
LD='/home/tplink/share/EAP772_gpl/PLATFORM/build/toolchain/toolchain-aarch64_cortex-a73_gcc-7.5.0_musl/aarch64-openwrt-linux-musl/bin/ld'
LDFLAGS=''
LIBEVENT_EMBEDDED_FALSE='#'
LIBEVENT_EMBEDDED_TRUE=''
LIBOBJS=' ${LIBOBJDIR}malloc$U.o ${LIBOBJDIR}realloc$U.o ${LIBOBJDIR}setproctitle$U.o ${LIBOBJDIR}strtonum$U.o'
LIBS=''
LIBTOOL='$(SHELL) $(top_builddir)/libtool'
LIPO=''
LLDPD_CTL_SOCKET='/var/run/lldpd.socket'
LLDPD_PID_FILE='/var/run/lldpd.pid'
LLDP_BIN_LDFLAGS=''
LLDP_CFLAGS=' -fdiagnostics-show-option -fdiagnostics-color=auto -pipe -Wall -W -Wextra -Wformat -Wformat-security -Wimplicit-fallthrough -Wfatal-errors -Wcast-align -Winline -Wpointer-arith -fno-omit-frame-pointer -Wno-unused-parameter -Wno-missing-field-initializers -Wno-sign-compare -fstack-protector -fstack-protector-all -fstack-protector-strong -I/home/tplink/share/EAP772_gpl/PLATFORM/build/../smb_priv/apps/uclite/modules/op_info -I/home/tplink/share/EAP772_gpl/PLATFORM/build/../smb_priv/apps/common -I/home/tplink/share/EAP772_gpl/PLATFORM/build/../smb_priv/apps/utility_lib/include -I/home/tplink/share/EAP772_gpl/PLATFORM/build/../smb_priv/apps/unix_sock/include'
LLDP_CPPFLAGS=' -D_FORTIFY_SOURCE=2 -D_GNU_SOURCE'
LLDP_LDFLAGS=' -Wl,-z,relro -Wl,-z,now -L/home/tplink/share/EAP772_gpl/PLATFORM/build/../smb_priv/apps/utility_lib/ -lutility_lib  -L/home/tplink/share/EAP772_gpl/PLATFORM/build/../smb_priv/apps/nvrammanager_lib/ -lnvrammanager -lm -L/home/tplink/share/EAP772_gpl/PLATFORM/build/../smb_priv/apps/ble_lib -lble_lib'
LN_S='ln -s'
LTLIBOBJS=' ${LIBOBJDIR}malloc$U.lo ${LIBOBJDIR}realloc$U.lo ${LIBOBJDIR}setproctitle$U.lo ${LIBOBJDIR}strtonum$U.lo'
LT_SYS_LIBRARY_PATH=''
MAINT='#'
MAINTAINER_MODE_FALSE=''
MAINTAINER_MODE_TRUE='#'
MAKEINFO='${SHELL} /home/tplink/share/EAP772_gpl/PLATFORM/apps/lldpd-1.0.4/missing makeinfo'
MANIFEST_TOOL=':'
MKDIR_P='/usr/bin/mkdir -p'
NETLINK_MAX_RECEIVE_BUFSIZE='1024*1024'
NETLINK_RECEIVE_BUFSIZE='0'
NETLINK_SEND_BUFSIZE='0'
NETSNMP_CFLAGS=''
NETSNMP_CONFIG=''
NETSNMP_LIBS=''
NM='/home/tplink/share/EAP772_gpl/PLATFORM/build/../build/toolchain/toolchain-aarch64_cortex-a73_gcc-7.5.0_musl/./usr/../bin/aarch64-openwrt-linux-nm -B'
NMEDIT=''
OBJDUMP='aarch64-openwrt-linux-objdump'
OBJEXT='o'
OTOOL64=''
OTOOL=''
PACKAGE='lldpd'
PACKAGE_BUGREPORT='https://github.com/vincentbernat/lldpd/issues'
PACKAGE_NAME='lldpd'
PACKAGE_STRING='lldpd 2024-07-07'
PACKAGE_TARNAME='lldpd'
PACKAGE_URL='http://vincentbernat.github.io/lldpd/'
PACKAGE_VERSION='2024-07-07'
PATH_SEPARATOR=':'
PKG_CONFIG='/usr/bin/pkg-config'
PKG_CONFIG_LIBDIR=''
PKG_CONFIG_PATH=''
PRIVSEP_CHROOT='/var/run/lldpd'
PRIVSEP_GROUP='_lldpd'
PRIVSEP_USER='_lldpd'
RANLIB='aarch64-openwrt-linux-ranlib'
READLINE_LIBS=''
SED='/usr/bin/sed'
SET_MAKE=''
SHELL='/bin/sh'
STRIP='aarch64-openwrt-linux-strip'
SYSTEMDSYSTEMUNITDIR='/lib/systemd/system'
SYSUSERSDIR='/usr/lib/sysusers.d'
USE_SECCOMP_FALSE=''
USE_SECCOMP_TRUE='#'
USE_SNMP_FALSE=''
USE_SNMP_TRUE='#'
USE_XML_FALSE=''
USE_XML_TRUE='#'
VERSION='2024-07-07'
XML2_CONFIG='no'
ac_ct_AR=''
ac_ct_CC=''
ac_ct_DUMPBIN=''
am__EXEEXT_FALSE=''
am__EXEEXT_TRUE='#'
am__fastdepCC_FALSE='#'
am__fastdepCC_TRUE=''
am__include='include'
am__isrc=''
am__leading_dot='.'
am__nodep='_no'
am__quote=''
am__tar='tar --format=ustar -chf - "$$tardir"'
am__untar='tar -xf -'
apparmordir='no'
bindir='${exec_prefix}/bin'
build='i686-pc-linux-gnu'
build_alias='i686-linux'
build_cpu='i686'
build_os='linux-gnu'
build_vendor='pc'
check_CFLAGS=''
check_LIBS=''
datadir='${datarootdir}'
datarootdir='${prefix}/share'
docdir='${datarootdir}/doc/${PACKAGE_TARNAME}'
dvidir='${docdir}'
exec_prefix='${prefix}'
host='aarch64-openwrt-linux-gnu'
host_alias='aarch64-openwrt-linux'
host_cpu='aarch64'
host_os='linux-gnu'
host_vendor='openwrt'
htmldir='${docdir}'
includedir='${prefix}/include'
infodir='${datarootdir}/info'
install_sh='${SHELL} /home/tplink/share/EAP772_gpl/PLATFORM/apps/lldpd-1.0.4/install-sh'
launchddaemonsdir='/Library/LaunchDaemons'
libbsd_CFLAGS=''
libbsd_LIBS=''
libcap_CFLAGS=''
libcap_LIBS=''
libdir='${exec_prefix}/lib'
libevent_CFLAGS='-I$(libevent_path)/include'
libevent_LDFLAGS='$(libevent_path)/libevent.la'
libevent_LIBS=''
libexecdir='${exec_prefix}/libexec'
libseccomp_CFLAGS=''
libseccomp_LIBS=''
libxml2_CFLAGS=''
libxml2_LIBS=''
localedir='${datarootdir}/locale'
localstatedir='/var'
mandir='${datarootdir}/man'
mkdir_p='$(MKDIR_P)'
oldincludedir='/usr/include'
pdfdir='${docdir}'
pkgconfigdir='${libdir}/pkgconfig'
prefix='/usr'
program_transform_name='s,x,x,'
psdir='${docdir}'
runstatedir='${localstatedir}/run'
sbindir='${exec_prefix}/sbin'
sharedstatedir='${prefix}/com'
sysconfdir='${prefix}/etc'
systemdsystemunitdir='/lib/systemd/system'
sysusersdir='/usr/lib/sysusers.d'
target_alias=''

## ----------- ##
## confdefs.h. ##
## ----------- ##

/* confdefs.h */
#define PACKAGE_NAME "lldpd"
#define PACKAGE_TARNAME "lldpd"
#define PACKAGE_VERSION "2024-07-07"
#define PACKAGE_STRING "lldpd 2024-07-07"
#define PACKAGE_BUGREPORT "https://github.com/vincentbernat/lldpd/issues"
#define PACKAGE_URL "http://vincentbernat.github.io/lldpd/"
#define PACKAGE "lldpd"
#define VERSION "2024-07-07"
#define STDC_HEADERS 1
#define HAVE_SYS_TYPES_H 1
#define HAVE_SYS_STAT_H 1
#define HAVE_STDLIB_H 1
#define HAVE_STRING_H 1
#define HAVE_MEMORY_H 1
#define HAVE_STRINGS_H 1
#define HAVE_INTTYPES_H 1
#define HAVE_STDINT_H 1
#define HAVE_UNISTD_H 1
#define HAVE_DLFCN_H 1
#define LT_OBJDIR ".libs/"
#define HAVE_TYPEOF 1
#define HOST_OS_LINUX 1
#define HAVE_SYS_TYPES_H 1
#define HAVE_NETINET_IN_H 1
#define HAVE_ARPA_NAMESER_H 1
#define HAVE_NETDB_H 1
#define HAVE_RESOLV_H 1
#define HAVE_U_INT32_T 1
#define HAVE_UINT32_T 1
#define HAVE___PROGNAME 1
#define HAVE_ALIGNOF 1
#define HAVE_STDLIB_H 1
#define HAVE_MALLOC 0
#define malloc rpl_malloc
#define HAVE_STDLIB_H 1
#define HAVE_REALLOC 0
#define realloc rpl_realloc
#define HAVE_FORK 1
#define HAVE_VFORK 1
#define HAVE_WORKING_VFORK 1
#define HAVE_WORKING_FORK 1
#define HAVE_STRLCPY 1
#define HAVE_STRNLEN 1
#define HAVE_STRNDUP 1
#define HAVE_GETLINE 1
#define HAVE_ASPRINTF 1
#define HAVE_VSYSLOG 1
#define HAVE_DAEMON 1
#define HAVE_SETRESUID 1
#define HAVE_SETRESGID 1
#define HAVE_RES_INIT 1
#define LAUNCHDDAEMONSDIR "/Library/LaunchDaemons"
#define SYSTEMDSYSTEMUNITDIR "/lib/systemd/system"
#define SYSUSERSDIR "/usr/lib/sysusers.d"
#define APPARMORDIR "no"
#define PRIVSEP_USER "_lldpd"
#define PRIVSEP_GROUP "_lldpd"
#define PRIVSEP_CHROOT "/var/run/lldpd"
#define LLDPD_CTL_SOCKET "/var/run/lldpd.socket"
#define LLDPD_PID_FILE "/var/run/lldpd.pid"
#define NETLINK_MAX_RECEIVE_BUFSIZE 1024*1024
#define NETLINK_RECEIVE_BUFSIZE 0
#define NETLINK_SEND_BUFSIZE 0
#define ENABLE_CDP /**/
#define ENABLE_FDP /**/
#define ENABLE_EDP /**/
#define ENABLE_SONMP /**/
#define ENABLE_LLDPMED /**/
#define ENABLE_DOT1 /**/
#define ENABLE_DOT3 /**/
#define ENABLE_CUSTOM /**/
#define MIN_LINUX_KERNEL_VERSION "2.6.39"
#define BUILD_DATE "2024-07-07T04:23:04Z"
#define LLDP_CC "aarch64-openwrt-linux-gcc  -fdiagnostics-show-option -fdiagnostics-color=auto -pipe -Wall -W -Wextra -Wformat -Wformat-security -Wimplicit-fallthrough -Wfatal-errors -Wcast-align -Winline -Wpointer-arith -fno-omit-frame-pointer -Wno-unused-parameter -Wno-missing-field-initializers -Wno-sign-compare -fstack-protector -fstack-protector-all -fstack-protector-strong -I/home/tplink/share/EAP772_gpl/PLATFORM/build/../smb_priv/apps/uclite/modules/op_info -I/home/tplink/share/EAP772_gpl/PLATFORM/build/../smb_priv/apps/common -I/home/tplink/share/EAP772_gpl/PLATFORM/build/../smb_priv/apps/utility_lib/include -I/home/tplink/share/EAP772_gpl/PLATFORM/build/../smb_priv/apps/unix_sock/include  -D_FORTIFY_SOURCE=2 -D_GNU_SOURCE -g -O2 "
#define LLDP_LD "/home/tplink/share/EAP772_gpl/PLATFORM/build/toolchain/toolchain-aarch64_cortex-a73_gcc-7.5.0_musl/aarch64-openwrt-linux-musl/bin/ld  -Wl,-z,relro -Wl,-z,now -L/home/tplink/share/EAP772_gpl/PLATFORM/build/../smb_priv/apps/utility_lib/ -lutility_lib  -L/home/tplink/share/EAP772_gpl/PLATFORM/build/../smb_priv/apps/nvrammanager_lib/ -lnvrammanager -lm -L/home/tplink/share/EAP772_gpl/PLATFORM/build/../smb_priv/apps/ble_lib -lble_lib   "

configure: exit 0
