:20000000003C0220A170010039FB021039FB021039FB021039FB021039FB021039FB0210CC
:1C00200039FB021039FB021039FB021039FB021039FB021039FB021011FB021002
:20003C002DE9F04FC64C002020600220ADF1340DA0604FF0FF3060600020E06010201CF0D2
:20005C0053FD206150B1002104F1140701600E4647602369866004F15005DD6093A0606138
:20007C000827E7614FF0FF36A661402024621CF03BFDB44A04F1140507460020676227B12E
:20009C00C10000237B5079184A60401C0828F6DB89A020650327A76566651820E4651CF0C1
:2000BC0023FD206658B188A10160A74988A2416007468260F96017B187A038617961002026
:2000DC00A06201272763E662082065631CF00CFDA06320B10021016004F13C07476080A0AE
:2000FC00E0630627676404F1280526643020A5641CF0FAFC0746E764C8B17FA10160934934
:20011C0041607FA28260002FF96010D07EA0386180A2796107F118063260F96107D07FA00C
:20013C00386283A2796207F128063260F9621DF0E7F917F07FFC071C00F02A861BF0E6FCD7
:20015C0083498446002031F80C6F002E40F01C864FF6F879A1F800904F60E54D687000226F
:20017C008A607868E86060461BF0B3FE2846DFF8ECB10078002800F0ED81284640301CF025
:20019C00B7FA29460861734F73492E4641F28832002306F14C00009717F03AFED24DD34964
:2001BC000022152305F12A00009010200AF072F9E1491020002202230AF06CF94FF4806061
:2001DC0001212A4606F0EAFC40F2024001216A1C06F0E4FC40F203400121AA1C06F0DEFC76
:2001FC0040F206400121EA1C06F0D8FC2A1D40F21140012106F0D2FC6A1D40F21B40012193
:20021C0006F0CCFCAA1D40F20D40012106F0C6FCEA1D40F21240012106F0C0FC05F1080285
:20023C0040F20C40012106F0B9FC05F109024FF48360012106F0B2FC05F10A0240F20740EF
:20025C00012106F0ABFC05F10B0240F21440012106F0A4FC05F10C0240F21640012106F0DE
:20027C009DFC05F10D0240F21540012106F096FCB249102001220AF00DF9B14910204FF0DC
:20029C00FF320AF007F9AF4FAF4E10201323AF4A0090394601960AF0FDF820201CF024FCBC
:2002BC00AB4E0146B160002968D059E0576F726B207769746800C046536574204175746FCD
:2002DC00436F6E6E6563740044697361626C650047726F757020410047726F7570204200A7
:2002FC0053657420436F6E6E2050485920507265666572656E63650031204D62707300C035
:20031C0032204D62707300C03120262032204D62707300C0436F64656400C0463120262066
:20033C0032204D6270732C202620436F646564004175746F20504859206368616E6765001C
:20035C0048610020FD7C010019A0000039DA0000844000203F4A0020D59D01002D6D0210C6
:20037C0009F1070019F070FAD249102006F1140200901123019139460AF08CF804200127F6
:20039C008DF81A004FF002088DF817704FF0030A8DF81880CF498DF819A00DF10E0300205F
:2003BC000A6809791A600DF117021971394615F063F906AA3846014615F05EF90DF1190248
:2003DC004046394615F058F90DF11A025046394615F052F9042005210DF10E0215F04CF985
:2003FC004348CB49024614303832706010200AF051F83F48417850201AF00EF9C5490246F2
:20041C0010200AF047F83A48417850201AF004F90246594610200AF03DF8BF491020FB220A
:20043C0040F648030AF036F8BC491020CDA20AF031F8BB4E06F1180006F10C0111F0F2F928
:20045C00B849B0601CF0F4F9B74FB0684FF4E0213A46521C19F0C0F9B0684FF4E0213A4688
:20047C0019F0BAF9CB4FB0684FF0C0513A46521C19F0B2F9B0684FF0C0513A4619F0ACF9EA
:20049C004FF0000A06F12400C822C349CDF800A0534617F0BDFCC148706009F1050015F04B
:2004BC00B5F81348417850201AF0B6F810350346BB49CDF800A004221020019509F0EAFF72
:2004DC000B480B4DC022514600F5CE7005F5CE750990284613F043FF082709F107007F1E53
:2004FC0025F8180BFBD105E0D8400020215F0100B83600209CA0206051464FF0FF322046FF
:20051C001AF0D6FBA74908688B4660B1A76857B1A54907270861A54E0F702046CE6019F0F7
:20053C001FFADBF800001C21524694A31AF016FACDF828804CE0C0463D880100B9AE0100C0
:20055C00A1900100E5A6010014130200B8390020583C0020CD490227CD48CE4C4F70002680
:20057C008861CD4D0A97CD4A66603346A5605178E360502021701AF04FF8024659461020EB
:20059C0009F088FF217850201AF046F8C6490246102009F07FFF217850201AF03DF8C3491C
:2005BC000246102009F076FFBC48417850201AF033F8BF490246102009F06CFFBD491020BD
:2005DC0009F068FFB548DFF8DCB100F5CE700990DFF8D481B148C06800214FF040424FF004
:2005FC00FF331CF089FF5FEA000AF3D0002002900DF1160102AA03A819F0C8FC002840F0C0
:20061C002182BDF80C00102840F01882A3489DF816104078884240F01182029B18884FF6EB
:20063C00FF71814200F00A821D46287891381FD01F3803D0203800F07E817FE12979DBF8EE
:20065C00000098F800207E2904D07F290AD11989C2A301E0297AC5A30091521CD1B2002239
:20067C001AF07CF9297905F108001CF041FF65E168780E385AD0401E2ED0401E00F05681DC
:20069C002E3840F05B81A8780C2840F05781EF78DBF8000098F800109FB9EA79012A0BD0D5
:2006BC00022A08BFB5A208D0032A0CBFB4A2B6A203E0C04620130200B9A20092891CB9A34A
:2006DC0001E0491CBCA3C9B200221AF047F90C2019E0C046E2130200A88842F232018142F6
:2006FC0040F02C81AA78DBF8000098F800101A2A1ABF0092B5A3BDA3491C0022C9B21AF0F9
:20071C002DF942F23200294613F060F816E1C046FDAF0100D96C02100D520210397F01102C
:20073C0050440020FD9501000E000580A968AF88087841F20542BF1A3AD0A7F62B47002F60
:20075C0040F0FC80002840F0F980C87800900879019098F80010DBF80000CEA3C91D0890BC
:20077C00DEE0C04600C046C053696D706C65205065726970686572616C00C0463D3D3D3D43
:20079C003D3D3D3D3D3D3D3D3D3D3D3D3D3D3D3D00C046C00E00001085C001009FB20100F1
:2007BC00ADC100001C4800203048002065F20000A968491C91F90290002840F0BF804A7851
:2007DC00087800EB02201BF03FF90B9098F800C0DBF800000B990890082980F29E80B9F1C8
:2007FC007F0F00F08A80099C0A46C900204601EB02116418627C0746531C63748A18D219B8
:20081C0082F80C90627C052640180C30002137463B4692FBF3F37343D21A627410F9012BCA
:20083C007F1E0A4411B2F9D1324691FBF2F148B2A074E77C002F60D110F11F0F4FF00007F7
:20085C0004DD267D022E18BF002E35D194F9121011F11E0F07DA11F1290F04DD267D012E11
:20087C0018BF002E1CD111F1330F04DD11F1280F43DA277D2FB911F1320F3EDA04220227B9
:20089C001BE004220127062618E0C0465C420020FD030100C44800208D3B0100B836002007
:2008BC00012632460AE0C046F16C0210C9C70100D5C70100A95E021002220226637D9E42CB
:2008DC0002D1A17D022901DB9E4216D0208811463B4618F003FD0120E074607D86421CBFC1
:2008FC000020A0751FB1012F14BF0A9E06266675DBF80000089098F800C00B99099F0A46CE
:20091C00CDF80090C90001EB0211C91991F91210BEA301910CF1050102E00CF10101C3A3D3
:20093C000898C9B200221AF019F807E00820002109F0ECF802E0184601F02EFF287801280F
:20095C007CD168680778BF1E68D0BF1E18BF00216BD181786868C91C67E0C0464D545520A8
:20097C0053697A653A20256400C046C046432056696F6C617465643A20256400324D00C014
:20099C00434F44454400C046556E6578706563746564205048592056616C756500C046C0CD
:2009BC00314D00C0504859205570646174656420746F20257300C046504859204368616EB9
:2009DC006765206661696C75726500C0504859205570646174652053746174757320457674
:2009FC00656E743A203078257800C046504859204368616E6765206661696C7572652C2044
:200A1C007065657220646F6573206E6F7420737570706F7274207468697300C068680279B2
:200A3C00C17801EB0221491D89B213F0A1F868680178891E012901D816F022FD029808B1AA
:200A5C001CF009F85FEADA70FFF4C4ADB94800691CF04AFD00287FF4BDADB64800691BF042
:200A7C0096F8041CF2D0DBF8000098F80010227881460D46521E092A00F27581DFE812F06F
:200A9C004F01FF00B40093008200730071016B015A001400525850683A2025642C20545826
:200ABC0050683A20256400C065682F88491C0022B1A3C9B2009719F051FF9E48C2784FF690
:200ADC000476AD1CBF1B1DD0FF1E0AD07F1E40F04A81AC49102009F0DDFC9648A949007921
:200AFC0026E00020B04900900346102009F0D2FC0020904F0090AC493A791020002309F068
:200B1C00C9FC30E195F9000098F80030DBF8005006461AF091F85B1CD9B200960022A4A392
:200B3C000190284619F01AFF30461AF085F89D49064610E06068468830461AF085FF08288F
:200B5C000EDA099FC10001EB0011C919C87D012840F0098192493246102009F09BFC02E12B
:200B7C006D1C32A3F1E002200DF11B0117F00EFD002840F0F880032001210DF11B0214F0A8
:200B9C007BFDF0E06668777A47B18848ED1C002292A30090E9B2484619F0E0FE834800900F
:200BBC007E49F288A9E7616808790978D1B1491E11D0491E09D0491E40F0D58010B98BA390
:200BDC00ED1CC2E000908EA3FAE7002808BF92A3F6D096A304E0002808BF9AA3F0D09DA379
:200BFC00ED1CB1E0A0A3EBE766683068401E34D0401E08D00E383AD1706801780091408831
:200C1C009DA301902DE0A5A328E0C046525353493A25642064426D2C20415647205253530B
:200C3C00493A25642064426D00C046C0436F6E6E656374696F6E2068616E646C65206973FB
:200C5C00206E6F7420696E2074686520636F6E6E4C6973742021212100C095A3706800787A
:200C7C0000902D1D48460022E9B219F077FE3068B0F1004F77D0706818F032FF73E06068BA
:200C9C000078010923D240096DD30E201BF046FA002868D1D8F80420D8F8080091688142D6
:200CBC0013D0B0F1FF3F5ED0116951F830702FB901EBC001486818F053FE54E0116901EB8D
:200CDC00C0014968C0B288474DE0D068F3E70F201BF024FA002846D11648806870B9314986
:200CFC001020152209F0D6FBDBF8000098F80010002274A319F032FE14200DE029491020FF
:200D1C00002209F0C7FBDBF8000098F80010002273A319F023FE00200649886023E06068E3
:200D3C0007784FB1BF1E1ED1022007A917F02EFC72A306E0B8360020002007A917F026FC47
:200D5C0071A39DF81C006D1C0090E9B24846002219F004FE07E06068B0F801000EF0E6FA0D
:200D7C0005E015F069FE606808B118F0B9FE204618F0B6FE6AE6C0466F70436F64653A2595
:200D9C003034780065020210401C0628FFF4DBA91BF008FF0DB0BDE8F08FC046099E010040
:200DBC000D2B02108D150210ED74011040E20100706F7765723A2564202046494E5F434F86
:200DDC0052524553504F4E44494E475F434F444528706F776572293A20256400506173733A
:200DFC00636F64653A20256400C046C0426F6E642073617665207375636365737300C04622
:200E1C00426F6E642073617665206661696C65643A20256400C046C0456E637279707469E8
:200E3C006F6E207375636365737300C0456E6372797074696F6E206661696C65643A2025B1
:200E5C006400C04650616972696E6720737563636573730050616972696E67206661696CA3
:200E7C003A20256400C046C050616972696E67207374617274656400416476205365742045
:200E9C0025642064697361626C656420616674657220636F6E6E20256400C046416476206B
:200EBC005365742025642044697361626C6564004164762053657420256420456E61626CF7
:200EDC00656400C03D3D3D3D3D3D3D3D3D464641444641463D3D3D3D3D3D3D3D3D3D3D00CB
:200EFC003D3D3D3D3D3D3D3D3D214021403D3D3D3D3D3D3D3D3D3D3D00C046C0436861720C
:200F1C0020333A20256400C04368617220313A202564000038B586B004468DF805104FF6C1
:200F3C00FF720120ADF80220090ADFF85C5AADF8000002238DF806108DF8043069462A782D
:200F5C0020461CF0CDFA162803D1297820461CF0C3FA07B030BD3EB504000D461ED0DFF8A7
:200F7C002C0A006822461CF0B3FAFF2815D000200090002301AA2946204610F083F860B9A3
:200F9C009DF8040000F075F9C00606D59DF8040000F06FF910F0040000D001203EBDFEB509
:200FBC00164615244FF6FF7290420D4615D100208DF80400DFF8D0799DF80400F979884221
:200FDC001AD23246294600F03AF800B100249DF80400401C8DF80400EEE71CF075FA50B15C
:200FFC0000F0A6FB40B99DF804003246294600F026F8002400E014242046FEBD7CB50D46DC
:20101C00044606214C43164600F080F8A8B900F078F890B99DF80700002E14BF054320EAF7
:20103C000505E9B2814206D08DF807506A460821A0B219F0EDFD012076BD002076BD2DE99F
:20105C00FC410646344606235C438846154600F05DF8002852D100F054F800284ED1DFF896
:20107C002879387A80001BF07DFA040002D100F02FFA43E0397AE03689062246090EB0B2B3
:20109C0019F09EFD002835D1204600F058F85FEA08000ED13A7A9206120E002120461AF08F
:2010BC0071FB38BB3A7A9200002120461BF09AF816E0214600F030F858B9280004D0214662
:2010DC00002000F029F810B900F0E1FB16E0A0F800808178A9420DD085700DB90021018002
:2010FC00204600F02CF8397A89062246090EB0B219F08EFD00F0CBFB012000E00020BDE827
:20111C00F6810622FF2168461AF03CBB20346A460821A0B219F054BD70B5DFF86C381D7A75
:20113C00002200E0521CD4B2AC4206D231F824608642F7D101EB840070BD002070BD10B5EB
:20115C000021DFF844280AE030F82130DB4320F8213000EB8103491C9C78E4439C70137A7D
:20117C009942F1DB10BD2DE9FE4FDFF81C480646207A0F4691469B4680001BF0F3F95FEA8E
:20119C00000803D100F0A4F90A206CE00C9D0297B246062717FB0AF7029A07F120000821FD
:2011BC0000F064F88DF80400304600F09FF8227A9200FF2140461BF015F89DF8040000902C
:2011DC00E036217A89064246090EB0B219F020FD009E02990643206A082200EBCA001AF097
:2011FC00F7FFBDB10299887900232A4600F001001CF066F900281CBF9DF93C00002803D014
:20121C00DFF88C170120087007F123002A4600F02CF806435FEA090205D007F121001C2138
:20123C0000F024F806435FEA0B0205D007F122001C2100F01BF806430D9A62B107F1240099
:20125C0000F013F8054625370EAA0421B8B219F0DFFC05432E43207D08B100F09EFA404688
:20127C001BF078F9F0B2BDE8FE8F102180B219F0CFBCE0B50623584320306A46082180B257
:20129C0019F09EFC10B99DF807000EBD00200EBDDFF8F406007808210EF0ACBE38B5002588
:2012BC00DFF8E44619E0206A062313FB05F300EBC5022033082198B219F082FC58B1206ACD
:2012DC000622FF2100EBC5001AF08CFF206A00EBC5010022CA716D1CEDB2E1798D42E2DBBF
:2012FC00207D10B1BDE8314057E231BDF8B5DFF89816DFF8A036C9791E680C460A4600E00E
:20131C002A46D5B23DB1551ED2B2324412F8017C8742F5D12C46E4B220464D1E07E017185A
:20133C00165C7F7817541A680244401C5670A8421A68F4DBAC4204DABDE8F840052019F0C1
:20135C0067BCF1BD70B50024DFF83C5600E0641CE879E3B283420BD22B6AE6B20622FF2181
:20137C0003EBC6001AF00EFA0028F0D0E0B270BDDFF82426117839B1DFF8180601680C786E
:20139C00204600F013F8204670BD38B500200024DFF8F45503E0E0B200F008F8641CEA79A4
:2013BC00E1B2914201D20100F5D032BD2DE9F84F83465D46062313FB05F58EB005F12007CE
:2013DC0001AA0821B8B219F0FBFB002873D10622FF2101A81AF0D6F900286CD1DFF8A86535
:2013FC00307A80001BF0BEF85FEA000903D100F06FF80A2061E01C22FF2103A81AF0F2FEFB
:20141C00327A9200FF2148461AF0ECFE05F123040AAA1021A0B219F0D3FB60B91022FF213A
:20143C000AA81AF0AFF930B99DF80A0001A900F001001CF041F8082200F042F801AA08219C
:20145C00B8B219F0E5FB8DF8000003AA05F1210000F03AF8074605F1220003AA00F034F884
:20147C00804603AA1021A0B219F0D2FB044605F1240003AA102100F028F88246253503AA63
:20149C000421A8B248EA070719F0C2FB2743317A9DF800504AEA0707074389060BF1E003B7
:2014BC004A46090E98B219F0B3FB074348461BF051F83D4300E0002528460FB0BDE8F08F66
:2014DC00FF2101A81AF08EBE1C2180B219F0A0BB042019F07DB92DE9F84187B0FF208DF871
:2014FC000000DFF8A454E8791BF03CF8040003D1FFF7EEFF0A2030E01022FF2103A81AF065
:20151C0071FEEA79FF2120461AF06CFE0622FFF7D7FF03AA1021022019F07AFB064603AA78
:20153C001021032019F074FB06436A460121042019F06EFB0746E9792246052019F068FB6A
:20155C00054601AA0621062019F062FB804600F09EF93E432E4348EA060008B0BDE8F08181
:20157C00DFF824144088097819F09EBAF0B5A9B006460D4614461BF0A7FF08B91420ACE06D
:20159C00A422002168461AF02DFEADF800600DF12607DFF8F463F078B17B8DF80400F07B7F
:2015BC008DF8A000279861F30000B17B27908A074CBF0222002220F0020010432790CA0626
:2015DC004CBF4FF48072002220F48070104327908A064CBF4FF40072002220F40070104336
:2015FC0027904A064CBF4FF48062002220F480601043279049074CBF0421002120F00400C3
:20161C0008432790307C02280CBF0120002078741BF04EFF412807DB307C00B108209DF821
:20163C00991008438DF89900B07CB8B10121B974202206F18C010DF139001AF0C9FD202289
:20165C0006F1AC010DF159001AF0C2FD202206F1CC010DF179001AF0BBFD00E0B874707B74
:20167C008DF8050090B1DFF83473102207F110010DF106001AF0ACFD9DF89900082805D1DF
:20169C00102239460DF116001AF0A2FD307B8DF8260030B11022DFF808130DF127001AF036
:2016BC0097FD307948B1022D18BF032D03D1279840F002002790012100E000219DF89900D5
:2016DC000143B0788DF8991000B1042001438DF89910684621461BF0E7FE29B0F0BD2DE96C
:2016FC00FC41154615244FF6FF72904288460DD10027A54EF179F8B2884216D22A464146F2
:20171C00FFF77CFC00B100247F1CF3E71BF0DCFE50B100F00DF840B99DF804002A46414691
:20173C00FFF76CFC002400E014242046BDE8F681002100910023417901AA01F00101801DA7
:20175C000FF0A0BC70B504460D4606204543082B88B0164603D1300758BF223500D5213537
:20177C001C220021FFF7ADFE01AA1C21A8B219F027FA80B99DF81E00C01F0A280BD29DF872
:20179C0030000090F20801AB02F0010206F0010120461BF085FE08B070BD38B51BF07CFE8F
:2017BC000024794D0FE0286A0622FF2100EBC40019F0E8FF28B9286A00EBC40100201BF06D
:2017DC0067FE641CE4B2E8798442ECDB31BD3EB50C46002501460095002301AA20460FF01D
:2017FC0051FC38B99DF80400FFF743FDC00601D401203EBD00203EBD2DE9F041694F3C684B
:20181C0006468846154603E02089B04224D02468002CF9D10C201AF0A5FE040019D02681D6
:20183C0084F80A8000202060E07245B1082128461AF034F9606018B900F029F80AE0606084
:20185C00396811B93C6004E0014608680028FBD10C600CB9152018E01BF016FE08B1002080
:20187C0013E00120E0722A4641463046FFF77EFE04464548C06900281CBF4368002B03D05B
:20189C0000220021304698472046BDE8F08120461AF060BE38B505464248046803E02089D0
:2018BC00A84204D02468002CF9D1012032BDE07A012807D100F05CF820B133480078042134
:2018DC000EF098FBE17A491CE1722846C9B200F002F8002032BD38B5022904462A4D02D0BB
:2018FC0003290DD01EE042F6C921FFF713FB02001CBFE869002818D04368B3B105210CE040
:20191C0042F6A621FFF706FB01001CBFE96900290BD04B684BB102460421204601B0BDE8AB
:20193C0030401847BDE8324000E031BD10B51D4A1468002101E0214624686CB123898342AC
:20195C00F9D1206800290CBF10600860606808B11AF000FEFFF79BFF002010BD02460420DB
:20197C001049096819B10B899342FAD1C87A70470C48006828B1006818B1C17A0029FAD195
:20199C007047002070470000883E0020680F00204C680020E06700204B6800202865002065
:2019BC0058650020E46700202DE9F04385B0064600208946009090461C46B179002304AA47
:2019DC0030460FF05FFB20B1FFF7BCFC8DF810001BE0D4B19DF810300620434323336A4601
:2019FC00102198B219F0ECF878B91022FF21684619F0C8FE48B9B079314600F001001BF0C6
:201A1C005BFD10B1194901200870194F9DF81000F979884227D201200390009443460C98DF
:201A3C000D990E9D019002914A469DF810003146FFF799FB044655B1397A9DF810008906A8
:201A5C00E0302A46090E80B219F0E2F80443200005D09DF81000FFF7A9FCFFF71FFC2046CB
:201A7C0005B0BDE8F0831520FAE700BF4C680020883E00202DE9F84F012018F001F9012845
:201A9C0016D1DFF86866307800211BF0F9FC040004BF002018F09CFE00202072201D10F05D
:201ABC004BFB05F0F9FF050003D181201BF0E4FC18E301206871DFF83826DFF8380641787A
:201ADC00491C4170A879A0724020317811700FF007F92860616D4A78206DD10620D5816CBA
:201AFC000A681179032908D0816C0868007903280CBF0120002018F06BFE206D816C0A6860
:201B1C0090F86C0002F1080701281CBF002018F05FFE216D486F296800F5B060C8604AE0FD
:201B3C00416F0A681179032908D0416F0868007903280CBF0120002018F04AFE206D416F7C
:201B5C000A6890F8A00002F1080701281CBF002018F03EFE226DB5F87401D2F8A8102A68A0
:201B7C00DFF89435DFF89465D16097F82690B9F1030F1BD8DFE809F002050E1101F5B061C7
:201B9C0001E001F53471D16005F59A711888088718880EE001F5355101E001F6B871D1600C
:201BBC0005F59A7130880887308802E001F5B061D160A5F8740106222868DFF84465C16878
:201BDC00DFF8408501F5B471C160B91C3878C0F3801085F82E0105F594701AF0F9FA04227C
:201BFC0007F10E0105F124001AF0F2FA306895F8069000F10C03042207F10E0103EB491083
:201C1C001AF0E6FA3068AB7900EB4313032207F1120103F110001AF0DBFA05F12C09787D8E
:201C3C0089F80200022207F1160105F130001AF0CFFA022207F1180105F132001AF0C8FAB0
:201C5C00022207F11A0105F134001AF0C1FAB9F808006884022207F11C0105F136001AF02E
:201C7C00B7FA99F80200B9F80A10400089F802000901B9F80400A9F80A104000A9F8040017
:201C9C0089B2B9F806004000A9F8060003046A8C521CDB0B5A438A4201D280B230B998F817
:201CBC00000080210EF0A6F93B2123E105F12E0128461BF0DDFB0520A88128461BF0D4FB5E
:201CDC00052207F11E0105F161001AF081FA97F82300400989F800001BF0C2FB688205F5A6
:201CFC009A72618D401AD08005F1610197F82300DFF8147400F01F0089F80F0028461BF0A3
:201D1C00ABFB616D4A78206DD1064CBF816C416F002308680021017141F62101AA79386823
:201D3C0052018152A97900EB41125380A97900EB41104360616DDFF8D4034A78D1060DD536
:201D5C00DFF8CC138A7851060AD5DFF8C823138841F20A418B4208BFDFF8BC03C5F89C011A
:201D7C00D5F89C11284688473A68A97902F10E03490158543868A97900EB41120020D0736F
:201D9C003968A87901F10E024001115C89F80D10606D4178CA061AD595F8960108B918F0E5
:201DBC0017FD3868A97900EB411295F89601411E11743A68A87902EB401100224A7438686A
:201DDC00AA7900F1120152010020885229E03968A87901EB4012206D90F8441011743A68DA
:201DFC00A87902EB4011206D90F845204A743968A879CA4A01EB401110780EF0D7FC226D35
:201E1C0092F8443005F5CB71012003F0030398400870226D92F84400800814BF012002200D
:201E3C000871A87939683368400101F11402034413503868A979DFF8E8A200EB4112B9485B
:201E5C009061DAF814000078C107DAF8141009784CBF1F200F208A07DAF81410097848BF50
:201E7C0040F020004A07DAF81410097848BF40F040000A073168AA7901EB421348BF40F072
:201E9C0080001872A979306800EB41120B2050723168AA7901EB42100421A34A81721078B0
:201EBC00012806D13168A87901EB40120121D17207E0DAF824003168AA79407801EB421317
:201EDC00D8723168A87901EB40121F2111763068AA7900EB421100204876A8790EF044FEA5
:201EFC00AA79316852018850AA7931685201885820B90721284618F0FFFDF3E0DFF82CB2F5
:201F1C00A979DBF8000000EB01101BF0A1FAA8793168DBF8003001EB401203EB0010506065
:201F3C00A979306800EB41125168C9F83C10AA7952018158C9F84410042198F800000EF0B0
:201F5C0059F8616D4A783868D10648BF022109D4A97900EB4112137C03F00303022B14BF1E
:201F7C0004210621B9F8042095F806C04FF4C8738A18698AAA615143B1FBF3F35B1C6B614A
:201F9C0000EB4C10D5F800E0DEF80CC040F6C41101FB02C2D21AA2F5A86282603868AA7992
:201FBC0000EB42139A682B689A6000F10C03AA7952010C309B5C03F0EF038354A8793A680E
:201FDC00400102F10C030C321B5C03F07F031354A8793A68400102F10C030C321B5C03F063
:201FFC00F00343F0020313543868AB7900EB4310427B02F0F00242F0010242733868AA79E3
:20201C0000EB421398682A6810613068AA7999F802C000F1140368694000520111FB0C00CF
:20203C0000F5F660985095F8960104280DD13068AA7900F114034FEA421C143053F80C200E
:20205C00AB795B0102F56162C2503068AA7900F114034FEA421C53F80C20C5F83421AA7912
:20207C0000EB4210C37C03F0F00343F00403C374DAF830003268AB79006802EB431CB9F84C
:20209C00062042436423B2FBF3F35943A1F59661CCF81C103068A97900EB4110C27E02F01E
:2020BC00F00242F00402C2763868A97900EB4112286842600E2128461BF0C6F91C4907207D
:2020DC000870204617F074F81A488178880704D5AA79002120461BF0B3F928681649174A1F
:2020FC0041618261BDE8F14F03F0EABAD50F0020D70F0020780E00208E0F0020900F002097
:20211C009C0E0020C70F0020980E002081010210C00C00209A0F00204DE50110CA0F002098
:20213C00D4150200980C0020CC0F0020A40E0020C80F0020200E002055DC0000020480808B
:20215C002DE9F84F054688B0A978DFF84466002710294FF0060A3CD8DFE811F0110015032D
:20217C001503150315033C00CF0015031503780215010001CA0215034E0290020D03687879
:20219C00002826D11BF058F904461BF051F905461BF04AF98DF8000022461021022018F028
:2021BC0037FD2A461021032018F032FD6A460121042018F02DFD9DF80000012818BF0328EC
:2021DC0007D101201BF02CF902460621062018F01FFDD8E268780028FBD195F80CB06C8935
:2021FC0000900023E97801AA01F00101281D0EF049FF00284FF0010875D19DF80400FFF741
:20221C0038F88146BBF1080F307A08BFB84680001AF0A8F9050003D1042018F0D9FAB2E2E2
:20223C0070789DF8041002280CBF0120002000905B464A462046FFF785FA1422002102A81E
:20225C0019F0D0FF9DF804001AFB00F0243002AA102180B218F0B4FCB0B91022FF2102A86C
:20227C0019F090FA80B99DF804001AFB00FA0AF1250306AA042198B218F0A2FC02AA09F041
:20229C00010120461BF0C8F8317A9DF804008906E0302A46090E80B218F092FC98B92846FE
:2022BC00FEF74DFFBA4609E005EB8000018819B18278204619F0A8F80AF1010A317A5FFA02
:2022DC008AF08842F0D3B07A30B95FEA897003D53178204618F0E8FB9DF80400FFF706F827
:2022FC0028461AF037F97078022805D1B8F1000F02D0204614F044F945E2A888FFF716FBA3
:20231C001BF086F80028F7D1707D012808D1FFF73CF8F279706A7775002119F063FF17E05B
:20233C00B07D012803D1FFF7D6F8B77510E000240AE0706AE5B2415D012904D1E0B2FFF7D3
:20235C0035F8716A4F55641CE0B2F1798842F0D3502019F099F9FEF7A1FF14E21BF094F87F
:20237C0000280CD0F06900281CBF0468002C07D0286900906B7B2A7B6989E81CA04701E206
:20239C0068890121F4E168780024002840F01D81A879C10740F119810822002105A819F08A
:2023BC0021FFA8881BF090F8040076D06F694FB30622002107F1110019F0E4F968B306227F
:2023DC000021384619F0DEF9D0B9387C00F001084FF0000909F1010987F811900020009010
:2023FC0000230022414607F111000EF04BFE00285FFA89F002D10028ECD101E000280CD10D
:20241C00002068610622607900F001008DF81A00A11D05A819F0DCFE1FE06F69EFB1387CAD
:20243C0000F001008DF81A00062207F1110105A819F0CEFE6079012805D10622A11D04F189
:20245C000C0019F0C5FE062207F11101A01D19F0BFFE387C40F002006071A879410720791A
:20247C004CBF40F0020000F0FD002071A9790A0754BF00F0DF0040F020002071A9799DF8D8
:20249C001B00890801F0010108438DF81B00A9790A074CBF0821002108E0FFF769FA0028A5
:2024BC00ECD0307804210DF0A5FDE7E708438DF81B000020009000239DF81A1004AA05A832
:2024DC000EF0E0FD20B1FEF73DFF8DF810001AE06869C0B19DF810001AFB00FA0AF123035D
:2024FC006A46102198B218F06BFB60B91022FF21684619F047F930B99DF81A0005A900F08F
:20251C0001001AF0D9FF9DF81000F179884258D2E968686900290CBF00220A690023039355
:20253C000292019100902B69AA689DF8100005A9FEF719FE0446AF88B06A4FF6FF7848B96C
:20255C0006F1180100910223924A414601201AF05BFFB062B16A19B3FF20039002220023BF
:20257C000292019307A800900DF11203328B384606F052FA68B99DF812009DF8131000EBDD
:20259C00012290B228B1B06A418992B23846FEF706FD328BB06A002341461AF031FFB06276
:2025BC00200005D09DF81000FEF700FFFEF776FE200007D1707A0028A88804D1FFF76AF9A0
:2025DC0003E01524A888FFF7B1F9F06900281CBF4368002B0FD06A78A888012198476878EF
:2025FC00002808D1A879C10705D5F369A88822465C680321A047BEE0687806281BD1A88870
:20261C001AF062FFB8B1F17C012904D013D3032907D00CD30FE04179A8880022FFF7ECF8C2
:20263C0009E00022002140F2094004F0B7FAA88805211AF0E1FEF06900281CBF4368002BC1
:20265C0003D06A78A888022198479BE000970023E97801AA01F00101281D0EF013FD0028C8
:20267C00F3D19DF804001AFB00FA0AF1250305F10C02042198B218F0CBFA83E0F06900288B
:20269C001CBF4368002B03D0A888002200219847707810B9A88805216AE0A8881AF014FFAA
:2026BC00040070D0A87AC10712D5009700236179002201F00101A01D0EF0E4FC00281EBFA0
:2026DC0060790028012803D0E868C0F3402028B1307C022807D1A87A010704D4A8880321A1
:2026FC001AF086FE4FE06179A88805F1080227E02F7BAD8828461AF0E7FE040042D01AF094
:20271C00C3FE00283ED100900023617901AA01F00101A01D0EF0B6FC28BB9DF80400FEF79C
:20273C00A8FD07F00C07042F11D0082F0BD00C2F0FD100F0090109290BD06179002228461C
:20275C00FFF75AF81EE010F0090F02D1F5E7C107F3D501220092A37C9DF80410024628468D
:20277C00FEF7F0FF0EE070780028E6D1052128461AF03EFE06E0FFF7FBF818B13078042165
:20279C000DF038FC0127384609B0BDE8F08F00BF883E0020D2160200D14AD24B2DE9F04F4D
:2027BC0005461168DFF834931878AA789846ADF1240D401C002A00F09781C74E521FB9A3CC
:2027DC00BFA400F0C680521E4FD0521E1ED00A3A40F03C82A888AF7BADF8080068898DF8A8
:2027FC00127060B9ADF80E00A889ADF81000E988ADF80A102F89ADF80C70012000E000205F
:20281C00B3498DF8130002AA0C4627E1B149AA88102002AB07F03EFEB148EF7898F8006076
:20283C000468B61C37B90DF10A0014F0A7FE8EA3009007E00DF10A0014F0A0FEA978009199
:20285C008FA30190F1B22046002218F087F84846303018F0D2FC041C00F0008220890CF0EC
:20287C0065FD204617F03CF9F8E1314610201A4607F010FE5FFA80FA994898F80010006897
:20289C00002289A3491CC9B218F068F8CDF800A0934898F80010006800222346891CC9B293
:2028BC0018F05CF8A888834619F0CEF808282DD0C4004E4604EB0014A419D4F8A47104F5B9
:2028DC00CE747FB138461AF07FF910B138461AF067F938461AF088FD384617F001F960686D
:2028FC0017F0FEF8303637685C464FB13889844203D13046394618F04FFA3F68002FF5D1DB
:20291C00204616F02DF9204612F080FEBAF1000F4E4608D106F14C001AF042F9CA4802213F
:20293C00012218F0C5F900240094CE4DF27810202346294607F0AEFD0094327910202346D3
:20295C00294607F0A7FD664898F800700168F81C7EE1314610201A4607F09CFD5FFA80FB5C
:20297C00CDF800B05E4898F80010006800222346891CC9B217F0F2FF6878002850D16F8954
:20299C0009F5CE7A082000244FF6FF72AAF1180636F8181F8A4204D0401E04F10104F7D1F5
:2029BC0026E0378003201AF09FF87060D0B1082101707068A0F8017024201AF095F8B060C3
:2029DC0018B9706817F08CF80CE0E00000EB0410504441680091AF49806841F270720123F5
:2029FC0015F016FAE000012100EB0410504401753B4898F800400668281D14F0BFFD641C55
:202A1C000090002298A3E1B2304617F0A7FF8E480121022218F04CF909F14C001AF0BEF888
:202A3C00BBF1080F4E4612DAB07880B9002500958C4CF27810202B46214607F02BFD2B4642
:202A5C00009332791020214607F024FD06E1924C32791020214607F01DFDF2782146102054
:202A7C0007F018FDFAE0C0464C696E6B20506172616D20557064617465643A20257300C016
:202A9C004C696E6B20506172616D20557064617465204661696C656420307825783A2025AF
:202ABC007300C04600C046C044657669636520446973636F6E6E65637465642100C046C091
:202ADC004E756D20436F6E6E733A20256400C046D9570110F9DC0110BD880100B836002025
:202AFC001C480020304800206F78002F40F0B680EF798DF809702E7A8DF80A60EB7A8DF83B
:202B1C000F3000248DF80C40AA798DF80B40AF7A8DF808206E7A8DF80E70604B8DF80D6014
:202B3C0002AF3E681E607A685A60C6B2084652A32246314617F012FFDFF868A14E46F01CD6
:202B5C005A4F57490090524607F14003102007F0A1FCC0B208B119F02AFA4FF00B0907F146
:202B7C001400CDF8009050490190F2782346102007F090FCC0B208B119F019FA1C2007F1A5
:202B9C005C03009048490193F2781020012307F081FCC0B208B119F00AFADFF814B1F27895
:202BBC0010209223594607F075FC00942D49F2781020234607F06EFCC0B208B119F0F7F97B
:202BDC00301D37490090524607F17803102007F061FCC0B208B119F0EAF9CDF800901F372B
:202BFC000197314932791020234607F053FCC0B208B119F0DCF9327910205946922307F0EE
:202C1C0049FC0094174932791020234607F042FCC0B208B119F0CBF9264898F80060076821
:202C3C00A81D14F0ABFCB61D19A10091224615A30190F1B2384617F091FE034802212246AC
:202C5C0018F036F80AE0C04648610020421CD4B2C2B208461146224619F072FD09B0BDE82E
:202C7C00F08FC046ED740110436F6E6E656374656420746F20257300496E697469616C69C0
:202C9C007A656400257320416464723A2025730044657600D59D0100650202102339002029
:202CBC0099010110DBAD010011EC0000D84000201DEF01101C4800202DE9FE4F0446002021
:202CDC00009080460CB917F083FD04F1500A41F62300DAF800603080A6F8028002223273C2
:202CFC007273694620460DF017FB08B9072041E2009901B1B060B0682061DFF87C040178E0
:202D1C0084F8C010DAF80400407A15F0B7FB25302076207EB07386F80F80DAF80400017DF7
:202D3C00022904BF002017F053FDDAF80400007D012802D10020002104E083280CBF062002
:202D5C0002202021307404F124077174314678790DF02CFDDAF80400417848060AD5607D24
:202D7C00C10604D5E07F40F04000E07702E040F04000607506F1600504F1300085F80480C8
:202D9C004FF01E09B97E890001F0040129713067607DC10654D5DAF8042051788A060CD5CD
:202DBC0000F0FE006075DAF80400417811F0030F03D1E07F00F0FE00E077607D1AF010FB28
:202DDC00A075421C307CC0F38001002392B200F003001AF001FBA0831E20A18B01F59B7294
:202DFC0092FBF0F009FB1020C0B208B1C0F11E00411801F59B7161831E20A18B01F5967176
:202E1C008AB292FBF0F009FB1020A183C0B208B1C0F11E004018A08380B2E27D618B521E33
:202E3C0050434018608306F13408608BB4308000B0660620E871E17F41F00801E17721E09E
:202E5C0040F001006075DAF804104A78510744BF40F002006075607D1AF0C2FAA07500236B
:202E7C00401C82B2307CC0F3800100F003001AF0B3FAA083A08B00F59670A083C6F868800A
:202E9C0085F80780A17D207D61F3050006F19001207508700322607D48708A704FF0000B6B
:202EBC00B87E800000F0040040F003008870FA7ED20002F00802104388700020C870C6F87A
:202EDC009800B88BC0F30B00B883DAF80410CA7D40EA0230B8830022617D01F0FE012046E8
:202EFC000CF034FD019617E004EB4B160199202206F1640019F06CF906F16C00052101710B
:202F1C0006F16401A28B9200026078790DF04EFC0BF101005FFA80FBE07D401E8345E3DBCE
:202F3C00019E204610F028FFE07D012809D014D3032809D03EBF04F164007060CAF818807F
:202F5C000BE0C6F8048008E004F16400706004F18401CAF81810CAF8388041F62400B086A8
:202F7C000021F18606F14008B068618B00EB8100F0630221822088F8000088F801100021A4
:202F9C0094F8210088F8031000F03F0088F80200DAF80400807D012818BF022803D100F063
:202FBC007F00401E04E083280CBF06200220202188F8040088F80510DFF8C0B1DBF83C00C5
:202FDC00416908687A7902EB82028118D1F80100A8F8060000207067DAF80410487810F0B1
:202FFC00030F1FD01AF0F4F97067DBF818000078C107DBF8181009784CBF1F200F208A0735
:20301C00DBF81810097848BF40F020004A07DBF81810097848BF40F040000A0748BF40F035
:20303C008000287600206876DAF80410544A897C01F003016976B87E800000F0040001430D
:20305C006976F87EC00000F00800014341F010016976107828B1287E00F0FE0041F040017B
:20307C0028766976E07F1AF0BBF984F8200020461AF0AAF9E07FC10636D5DAF8040094F858
:20309C0020204178521C88074EBFD21EF87F121898F80400C0F380010023D2B200F003001E
:2030BC001AF09AF93880388800F59670C0F11E0190FBF9F009FB001987F80490DAF804108A
:2030DC004878810739884CBF00204FF49B70401838807880F06B39883A795218A63200EB4E
:2030FC008200F067022001E00020F067E87604F13000C6F8880006F18C00DAF804104A786D
:20311C00510706D504F138020260687E40F0200006E01C490A6851680160687E00F0DF000D
:20313C006876A17F94F8200060F30501A17740F60B00A8F814000021A8F81610DBF8380071
:20315C0000888000F065DBF83800008800B1072028700220687094F845106980DAF8040059
:20317C004178880744BF01216980009808B10BF0F9FF0020BDE8FE8F42680020D415020092
:20319C00880E00206C0F00202DE9F04FC54D4FF0000A5046ADF1140D0146C5F810A01AF0FF
:2031BC000FF9A860504601461AF00AF95146E86005F114032A46382012F09EFBC14CC24893
:2031DC00C54F04F110063060786880478046C049BE48C160BF4901610FF0EEF8B968404691
:2031FC00884706F1040BB84606F1080002900C3E039663E0103018F097F8A06100B303217A
:20321C000170FF2747706178029E8170E1886FF31F318180E188C1F30131817161880A2367
:20323C00018131686788237001F11002002FC26040F0DB812369002B00F0B98110202DE1D5
:20325C0084F800A018F090F818B1686901211AF0B3F80498C00826D3E8681AF045F9D0B9B7
:20327C00E8681AF0A5F8071C15D0A96969B1687858B1401E02D0401E0AD103E0B86818F0AA
:20329C0093F8A969B868884702E0B86818F08CF8384616F025FCE8681AF026F918B9686938
:2032BC0004211AF089F80498800807D3A8681AF01BF918B9686908211AF07EF86869C74AE9
:2032DC0051464FF0FF331AF017F90490D8F804008047D8F80810884701A80DF106016A466C
:2032FC0016F054FE60BB28789DF80610884227D1009815F075FA071C22D00C2019F0F4FBED
:20331C00061C1AD0D8F804008047B7603B78814643B9A86831461AF047F8686908211AF089
:20333C004BF805E0304616F0DBFB384616F0D8FBD8F808104846884702E0384616F0D0FB2A
:20335C00049800092DD3A8681AF0CEF808BB19F01BFAF0B9D8F8040080470646A8681AF041
:20337C00C3F890B9A8681AF01BF8071C0DD0B86840682861B9684868498810F045F8B868B0
:20339C0016F0AEFB384616F0ABFBD8F8081030468847A8681AF0A8F818B9686908211AF07C
:2033BC000BF804984008FFF454AF1EE12089401E87B2002F278100F0FA8016E1A7696189A3
:2033DC009DF80700FA6850546089401C83B2638117F0CAFF61880646C91AB1420CDBF868AF
:2033FC003146C01816F0E4FB6089801981B260886181884207D0F8E0F86889B2C01816F00C
:20341C00D7FB608860812369002B00F0D08002990968103080B241E09DF807106088A4F82F
:20343C000AA040EA0120B0F5D26F60807FF7E2AEA0E06769A38960899DF807107A68C018E4
:20345C0011546089401C86B2668117F08DFF61888146891B49450EDB78689B1949461B18D3
:20347C00184616F0A5FB6089484481B260886181884209D0B9E078689B1989B21B1818461E
:20349C0016F096FB608860812369002B00F08F80A1890918083188B2DBF8001052469847E2
:2034BC0085E0C0465C42002061786088092915D004209DF80710A0819DF80700618004215C
:2034DC0013E0C0462C470020896D010070180020E5B30100654401003040002005219DF817
:2034FC000770A18140EA07206080B0F5D26FA4F80AA03FDC091801F1080017F015FF6061A8
:20351C0078B3DBF80010627808314160039B0A704268197851704268597891706788617875
:20353C0009291CBF4168CF7004D14168CF7042683E121671FF214170A1883F22B2EBA12F74
:20355C000AD1C1F3C2163EB1932101704168887800F00300887001E0022101700520207016
:20357C0000E06788002F40D1236903B3A089083080B291E720810B2009E067789DF8071093
:20359C00A088092F40EA0120A08002D0042020702BE00320FBE79DF807009DF80770607036
:2035BC007F1E07D07F1E012F06D9FF1F02D084F800A01AE00120EAE70620E8E7092010E0C9
:2035DC0008279DF80710E088277040EA0120E0800BE007219DF807002170F8E74F0000805C
:2035FC00042020709DF80700608017F0BDFE00283FF428AE0DF10700012116F0D9FA2078F4
:20361C000B28F2D8800001A109588F46B33500005936000097350000FD350000C5340000CB
:20363C004F340000EF350000DD350000D935000035340000D9330000C93300000227277076
:20365C009DF80700A080D0E72DE9FC47D44C0F460646F80B80F00C826078B90F80F0AC8183
:20367C00B90880F09F81DFF84C83F90A80F00281390B80F0CC80380907D2F80FC0F02E82C0
:20369C0027F0804711F08CFF28E219F025FA814617F0AAFF002800F0B480082019F0DAF8AC
:2036BC00002840F0AE80802019F0D4F8002840F0A88068460FF0EAF8012803D10098002827
:2036DC0000F09F8094F84102002840F09A8000250126E8B218F072FD48B1837A3BB1867247
:2036FC0090F9090006FA00F0C0B216F0FDFA6D1C032DEED3032084F8240004F5CE7019F040
:20371C00E5F9484619F048FEC34800252A460168056050F8081CD44940F8085C04F16000EA
:20373C0017F0F2FD40460068006B8047A168401A010BE06AC1F1FF3282422CBF08444FF081
:20375C00FF30E06294F8300020B12069E16AB1EBC02F25D917F058FF294600B13146081CD9
:20377C001BD0C24840F6090101804580417B06F00F0221F00F010A434273017B05F00F0349
:20379C0021F00F0143EA010202732946416018F0C9FE418811F4406FFBD084F83060E562CD
:2037BC0014F0CCFBD14829460560022017F0F4FB022016F057FD10200DF0B8F8207818B95B
:2037DC006068503019F0D4F9C948007810B90D200DF0ACF894F8310020B184F831500520DF
:2037FC0016F040FDC348A06284F82450B4F9B400B4F9B610884214BF0220072010F0F2F8C9
:20381C0002E0484619F0C8FD27F008073AE720B1042016F027FD00206070656815F0F8FF2F
:20383C0038B128462D6A6FF4807100224FF00073A847E06858B140460068006B8047E268AC
:20385C006168801AC860000BC8600026E660AA4904F16000002217F057FD0221D4F8A000CE
:20387C0084F8241018B104F1E00019F093F927F4006707E719F030F9064617F0B5FED4F8D5
:20389C0098100028894600F08480002900F081809A49042504F16000002284F8245017F0E5
:2038BC0033FD304619F078FD04F5CE7019F00EF940460068006B8047E0604FF0010884F85D
:2038DC000180284616F0E6FCD9F810006060D9F81000816AC90803D3436A294600229847C4
:2038FC00404612F01DFE606880F8198060680DF0B3FA6568D5F808A040F60A02D01F5646AF
:20391C0000F1010C00E01E46736833B119888A4203D0884218BF8C45F5D100217160727B33
:20393C0008F00F0322F00F0213437373D9F80C201288904224D06046904221D02B8F03B3CC
:20395C00E96305F13802518095F8440001F00F0320F00F00034385F8443095F8450008F00A
:20397C000F0320F00F00034385F845307260707B01F00F0520F00F0045EA0001717300E0ED
:20399C00E160504618F0CEFD5146404617F004FB02E0304619F000FD27F480679EE0C0465A
:2039BC00B031002007F01CFED4F8A00008B927F0020793E08C010010514A116841F08001B6
:2039DC00116020B1042016F04DFC0020607019F083F880464B480068016804208847216AFA
:2039FC0081421BD1357ECDB1A568BDB1D4F8A8506DB1E968098840F60300884204D0E96864
:203A1C000988401C884202D106F1140001E006F1100015F045F806E01410044040F6C41172
:203A3C00316171612062404619F0B6FC15F0F0FE80B1356A30466FF4807100224FF00073E2
:203A5C00A847D4F89800002808BF47F0020701D011F0A6FDF569002130464FF080630A46EC
:203A7C00A84727F0005739E0F96901001867002019F032F8D4F8B06066B306F1280106C99B
:203A9C000A234FF0E0450B40154008BF002B21D106F1280191E8000306F1280595E80600B2
:203ABC0006F1280322EA090221EA080183E8060019F072FCB16879B1B9F1000F08BFB8F149
:203ADC00000F09D03069B6F93010B5684B464246A84701E019F060FC27F4804727B104F140
:203AFC00E000394619F056F8BDE8FC8700000460FE12020021EB000069DF0000E5B5010067
:203B1C00CC210840E00100102DE9F04F85B00D460295044615F8011BDFF858A48DF8011013
:203B3C000022DFF8541488788DF8002004F5A47618F080FC01902C219DF80100DFF83C2421
:203B5C00032804F2191804F1660B04F1F40904F5C77700F0C880072800F0C8810F280CD0B5
:203B7C00112800F03981182800F08F811A2800F04A811B2800F07981D8E199F809108807EA
:203B9C0003D40F2188F8001059E02878697800EB01223280A878E97800EB012272802879D6
:203BBC00697900EB0122B280A879E97900EB0122F280287A3072697AA87A01EB002272817A
:203BDC00E87A297B00EB0122B281687BA97B00EB0122F281E87B297C00EB01223282687C4C
:203BFC00A97C00EB01227282E87C297D00EB0122B282687DA97D00EB0122DFF88403F2824B
:203C1C0001788A0658BF1A2712D504F5AA70049071890391307A029021890191F08800908B
:203C3C00B38872883188204619F0B2FBC8B11E2799F80900410706D40F2088F800002046CF
:203C5C0019F0A2FB06E13A460F21204619F098FBF0880090B3887288A179384613F068FBCE
:203C7C00FFE004F18600718881800023B288C2800222F188018102704380A18EC91DABF829
:203C9C001E10628E8188B1EB520F02BFC188A28E914202BF0089E18EB0EB111F21D09BF8CF
:203CBC001000012804BF9BF811000F280CD09BF8150000281CBF9BF811001A2804D00F21A0
:203CDC008BF81A10FE2183E0FC21204619F0BCFBF0880090B38872883188A07919F04CFBF7
:203CFC00BFE0102174E099F80900C1070BD499F800101A20012989F8010002D1FF220D219A
:203D1C003FE00D2164E000208BF800008BF80600012289F804202946082204F1B00019F0BB
:203D3C0027FB0146022204F1B80019F021FB04F1A80701460822384619F01AFB06460821E2
:203D5C00384619F011FB04F19C0704223146384619F00EFB0421384619F006FB04F1A000AD
:203D7C0019F0FEFA04F1980019F0F6FA8548018841F08001018099F80000012805D1FF2266
:203D9C000421204619F0E4FA6BE09BF811600F2E18BF142E07D00E2E18BF0C2E03D01A2EB1
:203DBC0018BF162E13D19BF81070204619F0CCFA0421204619F048FB012F06D11A2E8BF8F7
:203DDC001A6014BFFD21FB2102E0314600E00421204619F039FB44E0287830761A286B78B0
:203DFC00737659D11068A779431C4F430020D855A379126811FB03F111440871A179707E52
:203E1C000EF0BFFE2DE094F806C010682E7811FB0CFC604400F1210506F01F032878B60908
:203E3C0030B16878F040C00702D5387A042805D120221A21204619F0A3FA12E0EB701068D5
:203E5C00A27911FB02F10144204681F82360002118F078FE28B99AF800004FF480410CF073
:203E7C00C9F801208DF8000064E0A67913684E433344D88808B900265E701068A27911FB25
:203E9C0002F1014400200871EBE728786978884204BF084010F0070F48D19BF811001628FC
:203EBC0005D13A7AA179134600200BF0D7FF022038710121019841770123387A397BB87008
:203EDC00B28E19F03DFA318E814206D3B28E397BB878012319F034FA0146B87A398040F00A
:203EFC004000B872012188F81F10BAE728780F2816D01A281AD1A079136848431844002342
:203F1C004370A079126811FB00F15018037199F80B0000F0FB0089F80B001A20A1796FE7A9
:203F3C0099F8090000F0FD0089F809002046029919F002FA9BF811001A2815D19BF81200DD
:203F5C0017281CBF1028FC280ED19BF81060204619F0FAF9012E03BF1A208BF81A00FB21A7
:203F7C001A21204619F070FA9DF8000005B0BDE8F08F00BFC70F0020780E0020BC67002005
:203F9C00200E00209C0F00202DE9FE4F0546DFF83004DFF830640278002A4CD0052A73D096
:203FBC00062A00F08080072A18BF082A00F0F7800A2A00F0D881112A02D0132A70D0F6E146
:203FDC00DFF804341878002119F05AFA04001EBF606D407810F00C0F2DD0216DC0064CBFCB
:203FFC00886C486F0622016801F10805A91C684618F0EEF8287800F00F0105291BD1450901
:20401C006946C0F3801019F093F9002813D03168684619F089F90746316804F1380019F004
:20403C0083F987420DD0606D4178C80604D440F2014019F075F9C0E1607B40F002006073AB
:20405C00BBE133681E2010FB07F6981906226946C01D18F0BDF8606D4178C806F0D5A17B70
:20407C000129EDD1DFF864038178480605D5E90703D4206D41F20A4102E0206D41F2044124
:20409C0041804183418698E118F05AFD0028FAD110F0A4FE012802D0012019F03DF98CE183
:2040BC0011F039F989E1DFF82853286819F030F90400F7D020790328F4D1207A00F00F0145
:2040DC00072937D1C34800684169497A4A1E11425ED0617A04F10A035A5C02F03F02252AAE
:2040FC0056DBA17A8A09012A52D111F03F0F4FD0007C18F009F8E17ACA074CBF04F1110245
:20411C0004F10B028B0748BF921D0B0748BF921CC90648BFD21C1621127852094A43AE490E
:20413C008B180A31EB608A5A428699898186DA89C2862DE000F00F00082829D1A17A8809D8
:20415C0026D129B3A3480168087C17F0DDFFE17A074688071CD5062201F001015143601866
:20417C0000F10C01684618F033F8207AC009FF280ED0694619F0DCF850B1306800F10D01B8
:20419C00684619F0C1F818B90521384616F0B4FC2079032802D0002016F01AFB03E1DFF8DC
:2041BC003CB29BF802000024FF281BD017F0ACFF804608F16C09D9F8040019F0A9F82A4655
:2041DC000179032901D011000CD08368197801F003008D06009003D50124009818B9BFE0C7
:2041FC001000FAD0E9E05D7803F1020A34B31AF8010B7B4B01902C2098F806C01F6810FB9B
:20421C000CFC67444FF0010E87F805E0002A1F6898F806E007F11A0C019F10FB0EFE07F02A
:20423C001F070CF80E7098F806701B6810FB07F01844019BC3F38113C3761AD10098032806
:20425C0008F217171AD0ADB199F8000068B108F1F4000278012A0DD1594B1A78072A04D07D
:20427C00082A04BFC078012804D13D21797001203870A2E05B4A1378012BFAD098F894001B
:20429C0070B32D1FEDB253462A4640460FF0B4FD00281EBF54490878002807D13D2179704C
:2042BC0001203870306819F02BF886E04F4801688847064698F80610DBF804204FF4D070B4
:2042DC0041435018002280F8412108F59E7001688079490810F0A8F945490A68304690472E
:2042FC00009803281ED043494869007882070DD598F894004A691178002814BF281D2846C3
:20431C00CA0748BFC01C1AF8000000E0812089F808002A460098C3B29BF80200514606F012
:20433C00EBFD1DE09AF800001CB11B2804BF022D01251C2803D230490B5C9D4205D0B870ED
:20435C000721404619F080F80AE01D48017808295146404602D118F0BBFB01E0FFF7D4FBC5
:20437C00D9F8040020E0254C207830B3244D286818F0CEFF08B3017903291ED1017A8A062F
:20439C0011D5807AE178C0F38112914202BF217900F01F00814206D1A078002801BF6078D3
:2043BC0000280121A170286818F0A6FF05E0002016F00EFA862019F05FF8BDE8F78F00BF46
:2043DC00C80F0020680F0020D50F0020C00C0020BC0A0020540F0020E0070020780E00202D
:2043FC00BC670020D20F0020476800203440002038400020D41502006C160200606700200C
:20441C00AC0C00202DE9F84FDFF83454A9780024FF2904BF002016F0DBF9A87817F074FE29
:20443C00054605F1680605F5C9773168086805F1900808B1EC8311E0B07B002804BFB07E83
:20445C0000280BD198F80010002904BF3878002804D1287F012804BF688CE8832989E88BEC
:20447C004118491C6981284618F042FF01281EBFDFF8D0030178012903D12989EC83491C14
:20449C0069814FF6FF79B07E01280DD1B28B6989288918F029FF38B1298968894A1C93B2DD
:2044BC0098422FD0B08B23E098F8000001280FD1B8F802206989288918F016FF40B12989FB
:2044DC0068894A1C93B298421CD0B8F802000FE03878012816D17A886989288918F004FF4D
:2044FC0080B1298968894A1C93B298420AD0788892B2904206D04844688180B218F0F0FEE4
:20451C004844E883387801280FD128897988401C80B2884209DB7C793C710220387023460C
:20453C00A979224600200BF099FC05F59A71087920B128890021401CE983688105F12E081F
:20455C00B07E012812D12989B08B4B1C9BB298420CD1688118F0C4FE8146B8F80410308CB3
:20457C0001FB090928460FF0C1FD01E0B8F80490EA8BDFF8D4A2501C00FB09F040F6C4198C
:20459C0009FB00F100912B68D3F80CE07144D960AE4B196809788909032940F006819AF83F
:2045BC000F30AB49DB0740F1F080B5F812C000230CFB00FC4FF4C87EBCFBFEFC0CF1010C40
:2045DC000B80A861C5F814C085F82020DFF884B2AB79DBF8000000F108025B01D1582A68C7
:2045FC00116100F10801AB79D26868695B01121ACA50DBF80000AB7900F108025B01D158EB
:20461C002A68916000F10C02A97949010C30535C03F0F00343F002034354DBF80010A879EC
:20463C008A1C400100211152387908B916F0D0F8DBF80000AA7900F110013879520140086F
:20465C008854DBF80010A87901EB4012002151743879042812D1A879DBF80010400101F143
:20467C0010021031135C3A7A43EA82030B54DBF80000AA7900EB421120204874DBF8001084
:20469C00A87901F112024001002111527249A8790A6802F114034FEA401C143253F80C0088
:2046BC00AB79D5F814C05B0100EB4C00D050B07E02280DD10A68AE7902F1140376011432D0
:2046DC009859AB7998F800605B0119FB0600D0509AF80F00C20771D5DBF80000AC7900F18A
:2046FC000803640108301A59AB795B01A2F5A862C250DBF80000AC7900F1080364011A5984
:20471C002B689A600098121A1A610868AC7900F11403640114301A59AB795B0102F5F66229
:20473C00C250387904280BD10868AC7900F11403640114301A59AB795B0102F56162C2508D
:20475C000868AB7900F114025B01D058C5F83401424A106B0B68AC79006803EB4416B8F82D
:20477C00043043436424B3FBF4F409FB04F0A0F59660F0613A480378012B49D10868A9799C
:20479C0000EB41120120D07249E00B885B1C1FFA83FCBCF1010F11BFB5F812C005F59A7E73
:2047BC00BEF806C00CF2DC5C02E7698A41434FF4C873B1FBF3FC0CF1010C02E7042C0BD1B3
:2047DC000868AC7900F11403640114301A59AB795B0102F56162C25038790A68AC79042844
:2047FC000CBF4FF4AA504FF4E66002F1140364011A59101AB8F8042009FB02F2A2F5167215
:20481C009042A5D30821284616F076F9012014E0506A0968AA79407801EB4213D872DBF8AD
:20483C000010A87901EB401229684A6007200D4A1070284610F00AFB0020BDE8F28F00BF3C
:20485C00780E0020D10F0020980C00203C0F002034680020980E00209C0E0020D415020030
:20487C00CC0F0020C80F00202DE9F04F0F46380589B018D5DFF8E4532888FF280ED0C0B2E8
:20489C0017F042FC040009D0A079162118F024FD204617F02FFC204618F01AFDFF2028807D
:2048BC0087F40060D6E1F80504D512F06EFC87F48070CFE1B80604D515F0F7F887F02000CB
:2048DC00C8E1F8070CD517F0DDFD30B100218160DFF88C03006800B1804787F00100B9E117
:2048FC00380704D516F0B7F887F00800B2E1F8060FD500210022002306910592049103931C
:20491C00029101920091022018F0DEFC87F01000A0E1B8070FD5002100230691059104910F
:20493C00039302910191009101223C2018F0CCFC87F002008EE179074FF01E08C94EDFF805
:20495C0028A340F1CD80C9480022002108920791007818F095FD0446C5488178FF2904BF1F
:20497C00002015F035FFA07A17F0CEFB05469AF8000095F82E91002805F5947B69D0606D78
:20499C00807A022818BF032807D130680D3018F097FC10B93068C11D07915946484618F081
:2049BC00C7FCA0B3606D807C3368002818BF012804D11946584618F0B7FC04E05A46494699
:2049DC00184618F085FDFF2843D018FB00F83068404406225946C01D17F0FAFB306810F832
:2049FC000810404400F1010BC01D41F0020908900622616DC87A00F0010085F82E01606DAF
:204A1C0000F10C0105F5947017F0E2FB21E05946484618F051FCE0B130685A46494618F0B7
:204A3C0057FDFF2815D018FB00F8306840440D3018F046FC58B9306840440D3018F040FC9E
:204A5C00002801BF30684044417F012901D149F0020905F12C004B4601780691428912098D
:204A7C0005920122698C0491C0880899029140080390CDF800B0079801900020A97918F090
:204A9C0023FCD5F89C017B498842A8790CBF0021012118F00DFC7848AB7902682C214B437A
:204ABC00134401221A73AB7904684B4323445A73AB7904684B4323449A73AB7904684B43D1
:204ADC002344DA73AB79006811FB03F10144002008740720A9790FF00CFF87F00400B9E032
:204AFC0038060FD500210023069105910491039302910191009101223B2018F0E5FB87F049
:204B1C008000A7E0F8045DD55C4930680C680D3018F0D6FB002844D13068C11D0D3018F085
:204B3C00C3FB3EE0606D4178480704F13E0526D5287802281EBF03286878012830D16978B8
:204B5C00306804F1380218F0C3FC8146B9F1FF0F15D0306818FB09F948440D3018F0B0FB1E
:204B7C0068B930684844C11D0D3018F09DFB30684844C11D062204F1380017F029FB2878F7
:204B9C00022818BF03280BD130680D3018F098FB30B93068C11D062204F1300017F018FBBB
:204BBC002468002CBED13648DAF8042000784FF4805113F02FFD10B18E2018F071FB87F405
:204BDC00805047E0B80505D517F0D2FD2D4901200860FEE7780504D517F0FFFF87F48060BB
:204BFC0038E0780405D5812018F05AFB87F4804030E0B9042DD5244C206810B1002015F045
:204C1C00E7FD4FF0FF3020600020204C0EF066FE216851F8202F684690471D494A6B086B84
:204C3C00C96A24681B4B019200900293ADF810106B46194A19491A4803921A4A07922568BF
:204C5C00194AA8471949086004F0E8F887F4005000E0002009B0BDE8F08F00BFC2480020B7
:204C7C00480F0020680F0020880E0020D70F0020780E00204DE50110BC6700204C0F0020A7
:204C9C00C70F00207C052043380F0020200F0020CC42002081C4010091C4010040670020D7
:204CBC00005D00201EFB0080506400201C0F00202DE9F041FF2805462AD117F09BFD10F050
:204CDC001F0F22D0042014F04FFD08B1042016E0012014F049FD08B1012010E0022014F0F6
:204CFC0043FD08B102200AE0102014F03DFD08B1102004E0082014F037FD20B10820BDE85A
:204D1C00F04114F0D7BF15F063FD0020BDE8F08114F0D0FF5FEA000814BFD8F804400024E2
:204D3C00012D46F2A81740F6C4160BD0022D68D0042D00F0A780082D00F0F480102D00F0D2
:204D5C003281E2E7012014F00FFD00281EBFB648006800281CBF8788BF00102014F004FD19
:204D7C00F8B1102014F0A6FF05466E6846B9022014F0FAFC20B1022014F09CFF05466E68A6
:204D9C00012014F0F1FC002818BF002C07D0B068C11BA06816F098FB08B94046B6E72846FC
:204DBC00B4E7022014F0E0FCA0B1022014F082FF06460120756814F0D7FC002818BF002CF6
:204DDC0006D0A868C11BA06816F07EFB0028E4D030469BE7042014F0C7FC08B10420E5E706
:204DFC00082014F0C1FC30B1082014F063FF416800298BD1D1E7012014F0B6FC002885D005
:204E1C00CBE7022014F0B0FC58B1884801688848CA69017801EB81015318DF88774307F53E
:204E3C001667042014F0A0FC28B1042014F042FF06460220BEE7082014F096FC80B10820A9
:204E5C0014F038FF05466E6846B9012014F08CFC20B1012014F02EFF05466E68022090E751
:204E7C00012014F081FC28B1012014F023FF064602209FE7102014F077FC08B11020B4E735
:204E9C000220B9E7042014F06FFC50B16948016869484A69017802EB01139F89774307F5CA
:204EBC001667082014F060FC80B1082014F002FF05466E6846B9012014F056FC20B10120EA
:204EDC0014F0F8FE05466E6804205AE7012014F04BFC28B1012014F0EDFE0646042069E721
:204EFC00102014F041FC88B1102014F0E3FE05466E68002EE8D1022014F036FC0028E3D09C
:204F1C00022014F0D7FE05466E68DDE7022014F02BFC28B1022014F0CDFE0646042049E7DE
:204F3C00042069E717F004FE08B1D0F89470042014F01AFC28B1042014F0BCFE06460820E6
:204F5C0038E7012014F010FC60B1012014F0B2FE0646082014F008FC002818BF002C3FF425
:204F7C0037AF1AE7102014F0FFFB80B1102014F0A1FE05466E6846B9022014F0F5FB20B1F5
:204F9C00022014F097FE05466E680820F9E6022014F0EAFB28B1022014F08CFE064608200A
:204FBC0008E7082028E7032017F0C4FD08B1D0F89C70022014F0D8FB50B1022014F07AFE9F
:204FDC000646102014F0D0FB002818BF002CC6E7042014F0C9FB28B1042014F06BFE0646F0
:204FFC001020E7E6082014F0BFFB80B1082014F061FE05466E6846B9012014F0B5FB20B130
:20501C00012014F057FE05466E681020B9E6012014F0AAFB28B1012014F04CFE064610207C
:20503C00C8E61020E8E600BFD0670020500F0020D80F0020540F0020D90F00202DE9F84F24
:20505C00054605F14C0AE87D9AF80010DAF8047081424FF00008C0F0938105F1280407F168
:20507C00980907F17B06C34640F08C80A87F7075E97FB175DAF808205278930710D5EA7F6F
:20509C00D30604D5C01E707501F0EF01B175C7F87CB086F800800022B17D01F0FE016AE104
:2050BC00910608D4E08B00B1E07E3076E08B00B1206AC9F80000DAF808004178CA070DD594
:2050DC00E08B00281CBF206A002807D0C9F80000A17EE08B814238BF08463076E87FC10696
:2050FC000CD5F86B217800EB8100F863F86BA98CA63100EB8100F867022002E0C7F87CB0C7
:20511C0000203070DAF80800417811F0030F22D1007817F011FD5FEA00081CD098F8B4000C
:20513C00032809D1E87F810615D440F02000E877B07D40F020000DE068B9E87F81060AD570
:20515C0000F0DF00E877707DA0F112017175B07D00F0DF00B075E97F002201F0FC01284687
:20517C000AF0F4FBB8F1000F36D0E87F810633D598F8B40002282FD141462846BDE8F44F2B
:20519C0017F0E4BCE87F81060AD500F0DF00E877707DA0F112017175B07D00F0DF00B075B9
:2051BC00DAF808004178C80717D5B07D717D00F0F700891E01F03F0182075CBF891D40F031
:2051DC000200420644BF491E00F0BF00B0757175C9F800B086F81880D2E09AF80020E87DF5
:2051FC00121AD2B28907009240F18280012A07F144083FD1F86BA98C00EB8100F863A87F89
:20521C0000F03F00A8777075E97FB175DAF8082053785A0703D5801F707501F0FD01B1751A
:20523C000023707DE17E00F03F00421898F80000521CC0F3800192B200F0030018F0CCF825
:20525C0000F59B70A8841E21A88C90FBF1F18AB2B17D01F0FE0128460AF078FB86F800B0C3
:20527C00E08B00B1E07E3076E08B00B1206AC9F8000085E0F86BA98C022A00EB8100F8639B
:20529C0026D1E87FC10706D5707D811F7175B07D00F0FE00B0750023707DE17E00F03F00A0
:2052BC00421898F80000521CC0F3800192B200F0030018F091F800F59B70A8840022B17D02
:2052DC0001F0FE0128460AF041FB607FA8F81E00617F0098491C081AC0B201281CDDF96B8A
:2052FC00AA8CA63201EB8201F9670221317014E0F86BA98C00EB8100F863617F0098081A04
:20531C00E97FCA06C0B207D5F96BAA8CA63201EB8201F9670221317090B395F81F80A97F4F
:20533C00D9F80020E37E1A44C9F8002028F00108DAF808205278530748BF28F002089207BF
:20535C0048BF28F00808012807D1207F3076C7F87CB028F0100886F800B001F0C004404638
:20537C0018F03EF800F03F002043707586F81680002208F0FC012846BDE8F84F0AF0E6BA3D
:20539C00BDE8F18F2DE9FE4F0422FF2101A816F029FFC44EB078FF284FF0000900F07F81B3
:2053BC0016F0B2FE0546B07817F044F8064605F217100178012908BF417800F0F48005F17E
:2053DC00740A05F592789AF80E00022808BF8AF80E9095F89201022808BF85F892919AF83B
:2053FC001C00022808BF8AF81C90B8F80E1019B198F80C000AF0FEFD6889AB4C288105F5A2
:20541C008D77A27AE079217B80184118E07A0818617B41180091B888401CB88039880098FD
:20543C0041183980798851187980D8F80000C0B19E490B68A97903F10E0C49010E331CF871
:20545C0001C030F81CE00099714420F81C10A97949015B5C00EB4300B0F84A105218A0F864
:20547C004A2014F0E7FEE079002804BFE07A002805D1207B002804BF607B002843D0F07E17
:20549C00A6F80E90C009CB4610D0307F00F00701022907DA00F0F802401C00F007001043B7
:2054BC00307703E0A879002112F044FE2989E88985F810904118287FA981012804BF688C76
:2054DC00E883A979012207200FF013FA607870B1012129779AF80200002804BF9AF80E00F3
:2054FC00002804D19AF81C0008B9688CE88398F81400002860D0022804BFE07A002856D133
:20551C0088F8149058E0A979002207200FF0F1F9A5F81E90317F11F0070F02D1F07EC009A3
:20553C0003D0A879002112F005FEA07A38B1287F01284FF0010B24D1688CE88321E0F88842
:20555C00401CF8804FF0020B287CD0B1584908686E69AB7995F82E7000F11402760040F600
:20557C00C4105B0110FB076606F5F666D6500968A87901EB4010C17C01F0F00141F00401C7
:20559C00C174A8892989814206D088429ED2081A41F2AB02904299DA287C08B1052901D061
:2055BC00082100E03E21284615F0A6FA77E0607A10B1022188F81410E07BC1070ED520690C
:2055DC002968C86000F5B470C86039480168A87901F11402400142F8009015E03448AB7902
:2055FC00026802F114015B01C858C8F810002F48AB79016801F108025B01D0582968C86094
:20561C00A5F81E9085F81C902A4A50690078810702D5A07B802800D181208AF800002649D0
:20563C0091F8200018B12946012017F07FFA28460BF070FC02281DD19AF80700022805DB3C
:20565C0001AA1E49284610F0DBFE8146284617F023FE012823D05FEA09000DD04A4601A9F3
:20567C00284611F0DBFB38B928460BF053FC012802D114E0012812D00121284617F008FE88
:20569C00FEF7C0FE01280AD0284611F0F2FF00F017F8009881B22A46584609F021FBBDE846
:2056BC00F78F00BF780E0020980C0020980E00209C0E0020D4150200A46400204C470020C9
:2056DC002DE9FE4FDFF81883D8F804601EB9BDE8F74F17F0D9BD3078DFF80893C24FDFF844
:2056FC000CA3012818BF02280AD004281CBF0828102805D0402818BF802800F0A08068E157
:20571C0017F07EF80028FAD0012014F02DF820B1012014F0CFFA13F0D3FF082014F024F8D8
:20573C0020B1082014F0C6FA13F0CAFF3078FFF7BFFA05009AF8010014BF6C6800240028E2
:20575C004ED005F0A1FE16F0DFFC064630680090D0F804B0B0798AF80300BCB10099284688
:20577C0017F024FA022811D02978012902D0082963D02EE128B917F083FD00F5E8504C30BC
:20579C00A060012088F8020011211CE10098017880290CD10820964938700A78DBF814006C
:2057BC00012A1ABFD9F824100978012113E007203870B07916F03EFE0446207BC10748BF40
:2057DC00B0795DD48A480178DBF8140001291CBFD9F824104978C172B0798AF80200BCE0DA
:2057FC00002D11D02878AE420AD1012818BF082802D1002C03D1F1E0002014F0E9FFE3E071
:20581C00012802D0082816D0E3E0002CF3D017F037FD0146A06801F5C241A83115F054FEF6
:20583C0028B917F02DFD00F5E8504C30A060112038700121C0E0002CDDD00820C0E09AF8C3
:20585C000100002800F08B8005F01EFE16F05CFC054628680090D0F804B09AF8020016F018
:20587C0053FC0190A8798AF803003178402911D1A87916F0DFFD0446207BC1070AD5A879E2
:20589C0016F042FC052115F037F9207B00F0FE002073A3E016F0AEFF10F01F0F3AD00120A2
:2058BC0013F062FF20B1012014F004FA13F008FF082013F059FF20B1082014F0FBF913F0F3
:2058DC00FFFE98F80200FFF7F3F9064674680CB3009917F06BF902281CD03178012902D095
:2058FC0008290DD013E028B917F0CAFC00F5E8504C30A06011203870012188F8021004E0C3
:20591C00082088F802001221397030465DE0002014F05EFF0198A8421FD0009934480A78A8
:20593C00802A0BD10821397000780128DBF814001ABFD9F82410097801210AE007223A702D
:20595C0000780128DBF814000EBF0121D9F824104978C172A8798AF80200009835E016F063
:20597C0049FF10F01F0F39D0012013F0FDFE20B1012014F09FF913F0A3FE082013F0F4FE1E
:20599C0020B1082014F096F913F09AFE98F80200FFF78EF9054628786C68012802D00828CB
:2059BC000DD01BE0D4B117F06BFC00F5E8504C30A06001211120387088F8021004E06CB1C9
:2059DC0088F80200122139702846BDE8FE4F08F0B5BEBDE8FE4F002014F0FABEBDE8F78F89
:2059FC0078670020D4150200C80F0020780E0020CC0F00202DE9F84F05004ED0DFF8E4824C
:205A1C0098F80000092818BF0A2804D00B281CBF0C280D2801D1212062E1A878002117F0B7
:205A3C002FFD040008BF4220F6D0AF4FA978DFF8BCA2397098F8000010B9A8788AF8000033
:205A5C0004F14806F068417801F01201022902BF706900280C2012D0607AF0B1A07B012818
:205A7C0004D1B5F8030008B1812816DA6878402813DA20460CF026F9B06808B907202FE16D
:205A9C00B561287801281FD1A07B00281CBF0128042819D19648007808B9122020E1954996
:205ABC004A78824208BF0920F8D0F068417848070AD504F1220180204A7F04F1380107F0A7
:205ADC0043FB08B10B200BE1687808B9112007E12878DFF82492DFF824B2012840F0AF8080
:205AFC00002121737167217A012903D1B16968794871F4E0012000212072E1726173254676
:205B1C000BF0EEF86060DBF8000080477C4A0146106802E06A68426000680028FAD10846AA
:205B3C00D9F8001088476968764848610021387816F0F4FF3978012211200EF0DAFEF06864
:205B5C004178C80605D5284601F00AFC010024D0C6E0688C11F040FC85F82100F068007829
:205B7C0016F0EAFF04001CBF94F8B400002807D0E87F40F02000E877687D40F018006875DC
:205B9C00284617F015F80100E2D134B194F8B400012804BF284616F0D7FFF0684178C80778
:205BBC001CD505F14204A18800291CBF3068002814D022788A4211D20F2017F05DFB68B1DB
:205BDC00F06801788DF800100F20A288ADF8012021788DF80310694617F04AFB98F8000068
:205BFC00A0B94949087800281EBFF068417811F0030F03D04548006817F036FB112088F844
:205C1C00000001212972FFF75BFD68E0284614F01DF800281CBFB168002960D0AA7B012AC9
:205C3C0004D02A69808802EB800202E0486E2A69821895F8C01010460BF09EFD4FE0207A93
:205C5C0000284CD0DBF80010884705463878012116F064FF00202E4920720A683E78114604
:205C7C000B68187A002802BF586D0378B3421FD0C9689142F4D138789AF80010884224D11C
:205C9C0016F000FC616888421FD114F0D3FA40F2014017F045FB1F491F4A20480860012115
:205CBC0010780AF0A7F9D9F800102846884716E01B4E30780128DEDD084613F0E5FC16F065
:205CDC0049FC3078411E3170D5E7204617F0C8FAD9F8001028468847204613F069FA0020C6
:205CFC00BDE8F28FC80F0020D60F0020D50F0020D40F0020780E002038400020344000208D
:205D1C004C0F002009920000880E00206C0F0020D0670020480F0020C70F0020B5A70000E0
:205D3C00446800202DE9F043A24CA349A34E20700A22002008600D23A14840F22521027020
:205D5C004380818085B09F4A9F48106037789F480770FF2F7178417008BFFF29B27882700E
:205D7C00F378C370357905717679467114D1FF2A08BFFF2B10D1FF2D08BFFF2E0CD19449E5
:205D9C000A7802704B7843708A788270CB78C3700A790271497941718E4902788E4D8F4EA0
:205DBC008F4F0A7043784B7082788A70C378CB7002790A7140798B4A4871FF2028706870C3
:205DDC00A870E87028716871002087490880F06B8649407808708649F06B0078087013883E
:205DFC00844885490380F06BC06C08608349F06B90F83C0008708249F06B90F83D000870B5
:205E1C008049F06B90F86C000870F06B406901797D484A1E0270F06B7C49C0783870F06B5E
:205E3C008069086008B914F0D3FCF06B7849C069086008B914F0CCFCF06B016E75480C2272
:205E5C0016F0C6F917F008FAF06B7349006A086008B914F0BDFCF06BDFF8C081406AC8F814
:205E7C00000008B914F0B4FCF06B6D49806A086008B914F0ADFCF06B6A49806E002840D08C
:205E9C0001220A75F06B806E02681378C3F3400048B1F06B806E02681378C3F3C00000283B
:205EBC000CBF01200220487500208860C8600861F06B806E426890780870F06B806E4268FC
:205EDC00D0784870F06B806E426813788B70F06B806E42685078C870F06B806E42681079BE
:205EFC000871F06B806E426850794871F06B806E426890798871F06B806E4268D079C8712E
:205F1C0001E000220A7502F023F807280AD107F0ABF920784FF480410AF06CF8002014F013
:205F3C0057FC44E040480168884781460FF036F8D8F8000001688847684616F071F9D8F824
:205F5C00002004208DF80000694652F8043F002098473649086011F07DFCF068344A018861
:205F7C003878344B014311804846196888470C21314816F0F3FD284617F06AF917F064F94B
:205F9C002E4800214FF6FF72016082808171F06B90F864102A48006816F044FA0121FF208D
:205FBC0016F0BCFD20784FF400510AF023F805B0BDE8F083C70F0020380F0020D04F00502C
:205FDC00700E00203C0F0020B63F0050400E0020E8120050500E0020480E0020D4150200C0
:205FFC00C40F0020224900209E0F0020C60F0020D40F002032680020C46700204568002070
:20601C004668002043680020CB0F0020200F0020240F00206C670020280F00202C0F00208A
:20603C00300F0020E866002034400020C8670020A00F002038400020FC0D0020800E002056
:20605C00DC6700202DE9F84306460D46707801071DD4D6F80310B84821F07F412039814222
:20607C003FBFD6F8061021F07F412039814228BF112033D2B01DF11C88425CD3B07A0028F3
:20609C0018BF012803D0022818BF032853D1B07C002818BF012803D0022818BF03284AD153
:2060BC00307D012818BF022803D0832818BF032841D1707A10F0070070723CD030780121B2
:2060DC0017F0DEF904000AD1002017F0B9F8044617F0B2F8844214BF07200D2029E104F128
:2060FC00540100200E606072227A012A08BF0C20F4D0E075727A012383401A4208D0E27D96
:20611C00521CD3B2012B04BF00F125072776E275401C0328EEDB7078C20619D5317D0129AA
:20613C0009D1102811D012280CD0132804D0152804D01D2804D09DE0002007E0042102E076
:20615C00012003E00221A1735EE00320A0735BE0FF22A273307D02281EBF727802F0030070
:20617C00032808D01307E6D408B19006E3D4520707D516F10C007DD0F07A002818BF0128FF
:20619C0078D100206075E077707810F0030F25D1207D00F03F0020757078820605D4486804
:2061BC00002804BF8868002801D018216175707881060CD4307D832818BF032803D1012141
:2061DC001820E17702E0607D40F0010060757078410715D5E07F40F0020010E0217DC0074E
:2061FC004CBF4020802001F03F0108432075092118206075E1777078410701D50B20E07750
:20621C00207D00F0C000A07796F913007F2806BF4A4800780EF0A8FB04F12907387045B182
:20623C004749C86B416908683A7802EB8202805C2870B07ADFF80C81DFF80C91434D002814
:20625C0018BF012809D17875B07AC10758BFC8460622414604F1300032E028680D3017F08A
:20627C002FF8B8B1B07AC10754BF4946414617F023F808B912205CE0B07AC10754BF494672
:20629C004146062204F1300015F0A2FFB07A00F0010007E02868C11D062204F1300015F0A6
:2062BC0097FF032078752968B07A00F001000870B07AC107286858BFC84606224146401C46
:2062DC0015F086FF7078410730D5B07A022818BF032822D1F17A286806F10C0201F00101A7
:2062FC0017F0F6F88046B8F1FF0F16D01E20296810FB08F8414401F10D0016F0E1FF60B9CD
:20631C0028684044C11D0D3016F0CEFF0120B875062229684144C91D04E0F07AB87506224A
:20633C0006F10C0104F1380015F052FF012060720020BDE8F28300BFE1B70B00CA0F002032
:20635C00D4150200480E0020400E0020680F002000202DE9F04F0146ADF11C0D16F068FFCB
:20637C00A94C6060A948A06104F11C0016F0C0F9A06012F071F904F12805284615F010FD7C
:20639C004FF0010B4FF4E1302064A14884F828B029466063002012F0A3FCE06000B9FEE7B0
:2063BC0084F800B0042204F1100116F00CFB9D4FDFF86082DFF87092DFF870A2B81C06908B
:2063DC00606800214FF080424FF0FF3317F094F8A06817F089F80028F2D1A06815F0D7FB59
:2063FC00051CF5D02F78002F40F08D802778002F78D08A49894E08464F788078884907EBF8
:20641C000027A782A4F8FE70F2780698A2750CF00BF9A269DAF8000099F80010B7F57F47F7
:20643C0058D07F1E52D07F1E24D0BF1E1ED0FF1E0CD07F1E58D17B486421904700200146B8
:20645C0013F022FD4FF6087033A309E07548642190470020014613F017FD4FF6077038A354
:20647C00009099F80010DAF8000037E04FF604723DA332E098E8C000674B4FF0FF32324065
:20649C003B4002AF87E80C00634B08F1040292E8C0004FF0FF323B40324004AF4FF6027685
:2064BC0087E80C0039A30022009614F057FA0620002113F0E9FCE06802A9042216F088FA8C
:2064DC00E06804A9022216F083FA0DE04FF6017238A302E04FF47F4240A30092002214F003
:2064FC003DFA01E007F06EF82778E0682FB1A27D2AB1002121704A4903E084F800B0474966
:20651C00042216F060FA686808B113F0E9FA284613F0E6FA5CE7C0466F70636F6465203DF9
:20653C00203078257820284843495F54505F4741505F4144565F44495341424C452900C00E
:20655C006F70636F6465203D203078257820284843495F54505F4741505F4144565F454E61
:20657C0041424C452900C0466F70636F6465203D203078257820284843495F54505F53456A
:20659C00545F54585F504F57455229006F70636F6465203D203078257820284843495F5460
:2065BC00505F4745545F464346475F424C455F4D414329006F70636F6465203D203078256C
:2065DC007820284843495F54505F4745545F434346475F56455253494F4E29006F70636FF8
:2065FC006465203D203078257820284843495F54505F4745545F534F4654574152455F5617
:20661C00455253494F4E29003C2C0020DB9F0100B1B00100E8120050FFFF00004C2C002020
:20663C00D82C00203A2D0020304800201C4800202DE9FE4F01200190A74EA848A84F02780C
:20665C00112A02D0122A0DD040E1A64C2078002116F016FFA4490546087810B100220A70FC
:20667C00FCE0002D00F02581A048DFF88482DFF8849238600122217811200EF03AF9286D62
:20669C00696D009141F60802009B9B495C78E30640F1E680044641F20443B4F802C09C4550
:2066BC001FBFB4F81AE09E45B4F832C09C454FF4A05A1CD095F80EC0BCF1010F04BFB5F827
:2066DC00A6E09E4513D0B4F802E041F20A439E451FBFB4F81AB09B45B4F832E09E4506D0B6
:2066FC00BCF1010F04BFB5F8A6C09C4503D13380C7F800803DE0002340F2FE3B4FF0180C36
:20671C000CFB03FCA444BCF802E0A6F800E0BEF1010FF3D0BEF1000F5FD0AEF1020EBEF18E
:20673C00010F5AD9BEEB0B0E1AD04FF48063BEEB030363D04FF4406BB3EB0B034DD09B1ED6
:20675C00012B4AD91B1F48D040F2FA3BB3EB0B0379D05B1E6BD0D81E50D0001F4ED077E0C2
:20677C00B4F800C040F6010EF44536D15B1C022BC4DD386840452FD1A06C0168A06C01F12F
:20679C00080501680879032804BF94F86C0001281AD1D5F80E0000281CBF288B002813D050
:2067BC0095F8220010F0E00F0ED105F11E0016F03BFD012808D1688B298BAA8B401C89002B
:2067DC004843B0EB021F70DBA6F800A0C7F80090A06C01680020087167E0A87B01281CBF02
:2067FC000428A6F800A0C7F80090087D0028C0D08868401C002288600A82BAE7A87B0128B8
:20681C0006BF41F20243ACF80230ACF802A03088904215D1CA68088A4D8A521CCA60401C04
:20683C0082B2AA4238BF2A464A82088208E000994A78D1064CBF816C416F0868002101719A
:20685C00C7F8009095E7002013F0C2FF832003E0002013F0BDFF842016F00EFE012038E019
:20687C00C38E41F204455C1B1CD0A41F1AD03380408890420CD1CA68088A4C8A521CCA60C3
:20689C00401C82B2A24238BF22464A82088206E0087D20B18868401C002288600A8241F262
:2068BC000643C846C7F80080338001211348007809E016F03DF958B1C08811490F4A3080A5
:2068DC0039600121107809F095FB01E0002001900198BDE8FE8F00BF9A0F0020C80F0020F4
:2068FC00480F0020D50F002048680020756B0210911A0000B5A70000E8660020C70F0020D4
:20691C00C35201002DE9F04FDFF84C9204460D460020ADF1440D01461F460D9016460E914B
:20693C0083460F91D9F808A0CDF840B010F0CAFE262803D010F0C6FE252825D1308843F6C3
:20695C00070181420ED040F60201814206D0B0F5C15F19D1F07B022816DD43E0F07B0228B1
:20697C0012DD3FE096F8240002280DDD307C0F2838D13169C1F31421B1F5803F04D00F2848
:20699C0030D1B1F5A02F2DD1002D2BD056B328784FF0010808FA00F01AEA000F22D03046E1
:2069BC00594616F0D7F865606C4DA660A86980B110A800900DA90EAA0FAB304607F042FE64
:2069DC000E980B214FF6FF72502314F030F8FF2808D016F081F882462878022804DB5046EF
:2069FC0016F0DAFC5C46B3E000286DD106F01AFB5B495C4E086840F00200086009A8C9F82F
:206A1C00006015F0BFFD584E5849707809AA0B9005F1E00010F088FD554905F58E7009AA18
:206A3C0010F082FD09A815F0C5FC192109AB3078504A0A9005F1600012F02FFA4E4A05F16B
:206A5C007C001A2109AB12F028FA4C495A4605F5AC70134611F064FE49495A4605F5CE701A
:206A7C00134611F05DFE47480068C0F3814030B1454A05F1340004215B4614F051F8B07805
:206A9C00012802D10D200AF0A1FA05F1A00015F01DFB05F1980015F019FB594685F8241072
:206ABC0085F83010072085F84002A960E962374B1970E960052685F83110354A2E61042054
:206ADC00AA6214F069FA287805EB8001401CC1F8B840C0B22870504616F05EFC1FB901A888
:206AFC0015F044FB01AF38684FF4FA76E6602060B8694146A062388A61766083F869206363
:206B1C00786800280CBF40F6C410594620616061204E266266622176E661F86800B120626C
:206B3C00786900B16062B86800B1E061C82204F1380059460DF013FC04F15000594613F02A
:206B5C001BFE15495A4604F1B800134611F0E8FD204611B0BDE8F08FCC210840B031002095
:206B7C0000200940110000E0FC120200E5BC010045FF0000F9690100555C0100C5B5010019
:206B9C00F5B90100B44F0050B17C01005068002021EB0000E3B2010091CA0100F8B51446CC
:206BBC0000254FF48067A04EC21B84B006F18C0334D0921E39D0521E41D0521E47D0521EB0
:206BDC004DD0521E51D0521E00F07780921E00F07980D21E00F0A980521E00F0B480921EAE
:206BFC0000F0BD80521E00F07880521E00F0BE80521E00F0CC80521E00F0CF80521E3BD080
:206C1C00521E53D0521E48D0921E00F0DA80921E00F0DE80521E00F0E980F8E001290FD19A
:206C3C002078022817DC7070FBE0012908D12078022810DA0028B070F6D17074E2E001293A
:206C5C0040F0E3802078052805DAF070E9E001296CD12078022880F2D8807073E1E01029E8
:206C7C0064D110222146714814E001295ED12078022863DA3071D4E0012957D120780228BC
:206C9C005CDA00287071F6D00120B074602206F12C01184615F09CFAC3E00129FCD12078BD
:206CBC00022802DAB07115F0F5FBBAE001293DD12078022842DAF072B3E0012936D120782E
:206CDC00B073AEE0002931D116F0A2FB10B9FAF75CFB1DE001207075A3E0072926D1062233
:206CFC00611C02A815F008F800950023217801AA02A80AF0C7F9B0B9F07A10B916F088FBC7
:206D1C0010B1F07A012808D19DF80400FAF74EFB0546502014F0B8FC1EE0716A9DF8042052
:206D3C00012088547DE034257BE001296DD1317C2078022903D0C11F0A2902D365E0102819
:206D5C0063D1F0736DE001295FD1317D20783075002908BF012864D1FAF7A0FA61E00129AA
:206D7C0053D12078032850DCF0745AE001294CD12078022849DC002847D03074022803BF49
:206D9C001020F0730120002016F04AFA49E001293BD1207814F0E8FD43E07079002834D1A0
:206DBC00602908D1002C30D060222146184615F00FFA012003E0012927D134B32078B0740B
:206DDC002FE0012921D104B320781949087028E0D9B916F01DFB30B9FAF77DFB054650207E
:206DFC0014F052FC1DE00120B0751AE001290CD12178022909DA012904BFB07800280FD01E
:206E1C007174084615F04EFB0BE0182509E00F2806DA022904D1218811F002FD054600E0D9
:206E3C000225284605B0F0BD883E0020386500204B6800202DE9F04F0668ADF11C0D0F46EA
:206E5C00141C04904068DDF840A00590184608BF6FF0090800F03681002814BF99460DF14C
:206E7C00040915F039FE83463079400838BF6FF00E08C0F0248196F82401002818BF6FF021
:206E9C00080840F01C81C6F82871F079C6F82C410123C6F8304100F0EF00F071002586F8D8
:206EBC002431F079C6F8385100F0BF00F0710598756315F005FD584616F06EFA15F0FCF820
:206EDC0088BBF06B400906D3B06B8446336C049810212A46E047D6F8382105982146D219D8
:206EFC0012F0EAFCD6F83811241A0144C6F83811F1D1059815F06EFB0028FAD0059815F08C
:206F1C00D9FCF06B800906D3B06B0446336C049820212A46A047D6F8380186F82451A846A3
:206F3C00C9F80000CEE0B479A84674B9BAF1FF3F0BD0BAF1000F08D006F5C67451462046F6
:206F5C0015F0C0FD204615F0BFFD15F0C5FD834621E0D6F830319BB9002C40F0A3805846FB
:206F7C0016F01AFA50464FF0FF3115F0A7F950464FF0FF3115F0A2F915F0AEFD834691E0A2
:206F9C00584616F009FA50464FF0FF3115F096F915F0A2FD8346D6F83001002800F082800F
:206FBC00F079410978D2C00973D206F59E7A4146504615F083F9584616F0EEF906F5867B72
:206FDC00584602A912F0DEFE044615F085FD0390D6F83001A04238BF041CD6F83811029861
:206FFC002246C9190BF020FB5846214611F093FFD6F83801D6F830110019091BC6F8380133
:20701C000398C6F8301116F0C7F9002C03DDD6F830010028D4D115F05FFD8346D6F83801EB
:20703C0028B1059815F04CFC04980AF051FCB479022C28D0012C8CD1D6F8300190BB86F8E9
:20705C002451584616F0A8F9307A40F008003072C10891D2444613E0307A00F0F7003072FA
:20707C0040F0040030720094D6F8D0C1D6F83821336C04983946E047307A00F0FB003072EC
:20709C000009E9D278E7D6F8380108B96FF00F0808E06FF00C0805E0F0796FF00D0800F066
:2070BC00EF00F071B079012805D086F8245106F5C67015F00BFDD6F83801C9F800005846A6
:2070DC0016F06AF9404607B0BDE8F08F2DE9F84F15F01AF80746964C41F628000021208007
:2070FC006180616016F0CCF800F57A60A060DFF844A2DAF80000A168C160227B617B02F015
:20711C00F00201F0F00142F0820241F001012273617300222521A173E2734069417A0129CE
:20713C0018BF032904D0042918BF062902D015E0002017E0022020212074617462827E48D5
:20715C007E4DA061656116F067F828607C48016A0978CA074CBF1F210F2105E0794800787A
:20717C000100E8D10021E7E7026A12789307026A127848BF41F020015307026A107848BF16
:20719C0041F04001020748BF41F080012971002068714FF00008DAF800106B4A4869007805
:2071BC0000F0010040F002006871C146897A890001F004010843687197F82E11C90001F082
:2071DC000801084391784A0648BF40F0200068710120A97A288101F0C001A972A81D022114
:2071FC0015F0BCFC1620E87207F1610E1622574B384602FB08F15E18416A31604FF0010B74
:20721C00876A37710227816A090A71710BFA08FB816A090CB171F771002131819EF8007045
:20723C0037749EF8011071749EF80270B7749EF80310F17400F12C019EF8047037750F785F
:20725C00C97B01F01F0141EA47117175DAF80070D7F814C09CF8091011EA0B0F17D04FEA8D
:20727C0009110CF1100B3BF801B0A6F80AB00CF1120B3BF801B0A6F80CB00CF1140B3BF8DD
:20729C000110F18109F101015FFA81F908E0BCF810107181BCF81210B181BCF81410F18180
:2072BC0008F10108B8F1020FA3DD29490E7812FB06F21A443B1DEA602B619CF80010002920
:2072DC000FBF00F59470234801684868A97F686101F0E00141F082014FF6FF70A977A883D1
:2072FC007869A16800F10C023001135A40F6C41000FB031129620020E97F174B686201F0A2
:20731C00E00141F08101A862E862E977187860B1B87A022809D1114908680D3015F0D0FF57
:20733C0018B9687940F004006871BDE8F18F00BFE8640020540F0020800C0020BC0A00200D
:20735C00D4150200D80F0020C00C0020E0070020D90F00206C0F0020880E0020680F00203C
:20737C002DE9F84F0446002000900CB913F030FA04F1500569462E68204608F0CDFF08B92E
:20739C00072015E1A04641F28839DFF828B2DFF828A2002469684A7A182060430123371881
:2073BC00A3401A420AD098F80E103AF81100388000211BF80420BA73F97302E040F60100E5
:2073DC0038800021798007F118007860387B00F0EF00387340F08000387398F80E10012967
:2073FC0016D1397B002C0CBF0220052001F0F0010843387324B915F043FF00F57A6000E0ED
:20741C004846B860787B00F0F00040F0020017E0002C0CBF0221002100F0F000084338739D
:20743C0024B915F02DFF00F57A6000E00020B860022C797B0CBF0120022001F0F0010843DE
:20745C007873641C06F14800386106F16801032C79619FDB98F80E000024012808F1B0074F
:20747C0018D108F1A40070631822314614F0B0FE06F11800A865C5F85C90397801F0F001DC
:20749C0041F005013970787800F0F00040F00200787000E07463B068C8F81000474801785F
:2074BC00397415F095FFB064454881690978CA07826912784CBF1F210F219307826912788E
:2074DC0048BF41F0200153078269107848BF41F04001020706F14C0248BF41F08001117069
:2074FC0054706968887C00F0030008F13E0150700B7863F3820050704978947061F3C300F5
:20751C005070D47040F0100050703465746508F13800F06598F80E00012818BF042815D0A4
:20753C00A86830B1B0F803009070A968D1F805003065E86830B1B0F80300D070E968D1F8E9
:20755C00050070651F4801684868F06508F13000B065D07D00F0EF00D07540F08000D075BC
:20757C0000F0F00040F00600D0752869B0F8030000280EBF144849F640414843706613498A
:20759C00087838B15078117840F0400001F0FE01507011700E498B78507859064CBF40F0B8
:2075BC00200000F0DF005070009807F0DBFD0020BDE8F28F506E0210F46B02104268002048
:2075DC00D41502006C0F002000204E00880E0020C00C00202DE9FE4F8D4802780024521EB3
:2075FC00032A4FF0010A0AD9103A40F00C81894C2078002115F044FF040000F0058114B9F1
:20761C00002013F0E5F8606DDFF80C824178DFF80C92834DC806216D4CBF886C486F0622E4
:20763C00016801F10806B11C01A814F0D1FD3078C0F380108DF800004FF01E0B3778794E2F
:20765C0007F00F0103292FD101A915F071FE002829D0606D807C012818BF032823D1296823
:20767C0001A815F061FEFF281DD01BFB00FB286810F80B205844411CD9F8000015F0C8FD65
:20769C0098F8001088420ED028685844C11DD9F8000001AA15F0B8FD28685844062201A948
:2076BC00C01D14F095FD9FE007F00F000528FAD19DF8000001A915F03BFE7F0990B32968E5
:2076DC0001A815F031FE616DFF2823D0897C022918BF03291BFB00FB0CD1286810F80B20E5
:2076FC005844411CD9F8000015F092FD98F80010884279D028685844C11DD9F8000001AAD7
:20771C0015F082FD28685844062201A9C01D14F05FFD24E04878C2066FD5887CF8B10128E8
:20773C0062D11CE03A48017802295DD19DF80010286801AA15F0CCFEFF2855D029681BFB08
:20775C0000FB01EB0B00427F012A04D00D3015F0B7FD002848D040F2014015F0E1FD606D02
:20777C004178C80649D530498878410605D5F80703D4206D41F20A4102E0206D41F20441E6
:20779C0041804183418629480180206D816C0A68816C08680079032802F1080724D1D7F8DC
:2077BC000E0000281CBF388B00281DD097F8220010F0E00F18D107F11E0015F035FD0128C5
:2077DC0012D1788B398BBA8B401C89004843B0EB021F09DA164A1749174886F800A01160E1
:2077FC000121007808F006FC606D4178CA0604D5307848B9216D886C01E0216D486F0168F0
:20781C000020087100E0A2465046BDE8FE8F00BFC80F0020D50F0020456800206C0F002001
:20783C00680F002048680020C00C00209A0F0020480F0020911A0000C70F00202DE9F04FA3
:20785C000746F88916468A46ADF1440DC01D80B205460DF003FE8F4CFF280BD1284605F08A
:20787C0089F9854204DD641C207800B905200EE1012000E000206178D9B916B1022E18D171
:20789C00B8B1387AFE88BD888DF82C000023009309AAADF82A60E18E94F83300ADF8285052
:2078BC00032306F057FC9DF834003874BDF83060BE81BD8955B3FE8946B3AD1B4FF0000966
:2078DC001FFA85F84D463A7C761B202ED4BFB6B22026E06808EB050189B2334601EB423139
:2078FC0001AA15F052F80AEB050101A8324613F0F5FB58B9AD19FE89ADB2AE42E3DCB9F14D
:20791C00010F1CBF4846B88140F0BA8094F83310E58EE06801AA04238846490315F035F887
:20793C00019800F0FF007E2806D140467C2112F021FC019800F0FF007C2840F0A580F889E2
:20795C0042F20102C11D8EB2A9198A4240F39A80F9883A7AC1F301238DF83910B98843EA92
:20797C0082038DF838308A1007468DF83A200423C0F3851201F0030142EA81128DF83B20AE
:20799C0010FB03F1FA1D01F0FC017B1990B28DF83C101FFA83FB0D282BDB50463946002217
:2079BC0014F0F8FE024605210EA814F0F3FE9DF83C103B4600F03F07524641EAA011B800D4
:2079DC008DF83C1040F0020096278DF83D0029468DF83E70404610F0D5FA074659460EAA6E
:2079FC0007234046677010F0CDFA384360704DD135E004F1240051463A460AF015FE0EA9AB
:207A1C000A68381900F124094846097902607B1D0171002204F1240099B214F0BBFE9DF815
:207A3C003C10962300F03F078DF83E3041EAA011B8008DF83C10334640F002000EAF4946A0
:207A5C008DF83D003A68B8790A60BA88887140468A8004F12402294610F094FA6070E18EE9
:207A7C00AD194FEA8807AAB28919E18607EBC8010919A1F84C2048B14046594610F04CF8B3
:207A9C00607803E0052000E001206070C0B211B0BDE8F08FA4430020F8B58B488B4D0178EA
:207ABC002A788A4200F00E816A68002400E0641C8C4280F204814FF4D0736343134418798E
:207ADC000028F4D1E0B214F01FFB0121017100224271426200F161018471012200F1680319
:207AFC004A711A71012400221A609A6000F1900602814281047480F8392082610277C283B2
:207B1C00327000F592749A76227580271F739A730027FF22DF741A7600F20D131F70DF70A4
:207B3C00BC46BE4600F5897783F801C083F802E0A7F800C0A7F802C087F805E000F1E70396
:207B5C0086F804C083F800C083F801C000F1EC03C3F800C0C3F804C083F80AE083F80CC0CA
:207B7C0083F808C083F80DC083F80EC083F80FC0A7F808C0A7F80AC0A7F80CC0A7F80EC023
:207B9C0047F23057A76100F5C676C4F800C02273A4F80EC084F81CC084F81DC0A277012763
:207BBC00B7720227F77286F80EE086F80CC0484FDFF820E13F78777386F806C084F80AC09E
:207BDC0084F804C084F805C084F806C084F807C084F808C084F809C000F5B3743E4F84F8D5
:207BFC0000C086F800C04FF01B0C3F88E7803B4F3F882781BEF800706780394F3F88A7805B
:207C1C00A4F80AC04FF4A477E7812782A4F80CC0E7822783A4F812C0A4F814C06783A78306
:207C3C00E78327846784A784A6F802C00127377100240719641C042C87F87720F9DB294A7C
:207C5C0014780C7057784F7094788C700446D778CF7012790A710021234A5018671840785F
:207C7C0087F8FD00491C0829F7DB2048306100211974A07914F0DEFB0646A0790EF00FFDF8
:207C9C001B480178307C717300F0FC0030740022B069F28100F0004040F4853040F0400095
:207CBC00B061307F00F0F80030772878401C2870C0B2012804BFA079A8702046F2BD002001
:207CDC0012F086FD0020F2BDD40F0020780E0020C50F00208A0F00208C0F0020980F00205C
:207CFC00960F00209C670020C00C00204DE50110374A00202DE9F0470D4629048F4EDFF82F
:207D1C00408240F1F1808F4F38780DF07FF9040018D021780120B02917D0B12908D0C229DD
:207D3C0000F0B580D02904BF2046FAF709FAD1E0207920B92289E1886088F9F730F920464E
:207D5C0013F02FFD85F40040F5E02179787A012910D009294DD01E2900F08D807D2908BFB4
:207D7C00002806D16088F9F7F9FD01466088F9F7B2FD86E00028FCD1207AB4F802900828E9
:207D9C0035D14846F9F7EAFD02280FD003282ED1002204214846F9F7A2FC0246F8690028F5
:207DBC001CBF4368002B22D004211EE0002210214846F9F794FC8246484615F085FB60B194
:207DDC0098F8001039B9811D4079012200F0010015F016FA01E001203070F86900281CBF6F
:207DFC004368002B03D05246052148469847608805E0002845D1617860881A2902D1F9F7C1
:207E1C0049FD3EE0F9F7AAFD022819D0032838D120896688012804BF6089032806D1E0684E
:207E3C00827804213046F9F75AFC00E01820F96900291CBF4B68002B23D00246042117E098
:207E5C00218966880120012904BF6189032907D1E268917821B9012210213046F9F73FFC50
:207E7C00F96900291CBF4B68002B0AD0024605213046984705E0B87A18B9608800210CF018
:207E9C00EFF9217904F1080015F032FB57E7A07810BB0121B9742022E11C07F18C0014F0DE
:207EBC0097F9202204F1230107F1AC0014F090F9202204F1430107F1CC0014F089F9F86964
:207EDC0000281CBF4368002B06D0627806210020984701E00028D9D11B480078FF2802D050
:207EFC00214603F011FA2DE7690716D5174A106880B1F9F73DFD04000CD0E07A50B90121F9
:207F1C00E1726268A17A2089F9F730FB606808B114F020FB85F004000DE028070AD531788C
:207F3C00012902BF98F80000002809F023FE85F0080000E00020BDE8F08700BF4C6800203C
:207F5C00AA0F0020883E00203C4A0020E467002038B5774D687914F005FB76490028086050
:207F7C0063D00022026002730868C2610262A87914F0F8FA70490028086056D000220260B8
:207F9C00C27200200A681074052308684374002209684A61E87A14F0E5FA68490028086068
:207FBC0043D0674C21782878491D10FB01F080B214F0D8FA63490028886036D020780028BA
:207FDC006CD0698811FB00F080B214F0CBFA5E4A0028506029D05D482278017811FB02F032
:207FFC0080B214F0BFFA5A49002808601DD000250AE0E8B214F01EFA00214180816001804D
:20801C000223037101736D1C2078E9B28142F0D314F0A8FA4F490028086006D02078400079
:20803C0014F0A0FA4C490028086079D02078400114F098FA49490028086071D0207840016D
:20805C0014F090FA46490028086069D0102014F089FA44490028086062D02078000114F07B
:20807C0081FA4149002808605AD0302014F07AFA3E490028086053D020782C2110FB01F042
:20809C0080B214F06FFA3A4A0028106048D0207814F068FA37490028086041D0364C374DCC
:2080BC002178287800EB4100C000103080B214F059FA33490028086032D000F1080141600D
:2080DC002878227800EB4200C000103080B214F049FA2C49086018B300F1080141601E2122
:2080FC002078401C10FB01F080B214F03BFA264A1060A8B1082014F035FA244C206078B15C
:20811C00062014F02FFA216808602168086838B100204860062014F025FA1D49086008B97D
:20813C00072032BD14F0F6FC00B1002032BD00BFE4480020500F0020540F0020440F0020D7
:20815C00D40F002078670020780E0020394A0020C0670020340F0020CC670020980E0020F5
:20817C009C0E0020A00E0020A40E0020A80E0020BC670020D467002046680020456800206A
:20819C006C0F0020700F0020680F0020DC670020400F00202DE9F0438A4904688A4D8B4EE8
:2081BC000B68607D8846ADF1140D401E0B281DD8DFE800F0BC060AA5860A5A0D163E1F1698
:2081DC00216988680A7B05E0206981680AE02169C8680A7C09680FF003F810F0C1FAEDE010
:2081FC002069C168022200200A70E7E04FF0FF30E4E025692A7C012A09D129680868032895
:20821C0005D1E8681A4613F0E7FC05460EE0E86829680EF0E5FF054620690168C0688A6982
:20823C00406800218018401C0CF099F8284653E0206901688A69202A0BD105F17C00016851
:20825C0021F000410160284613F02DFE206901688A694FF08059D9F80002C06D0092CDF85F
:20827C0004808B684A6829E020694FF080590168D9F80072CA68786D00920A6901928A69C1
:20829C00534F02928B684A68844630463946E047002809F5007118BF6FF0050040F08E80F1
:2082BC00206902680C689168206A0091D168019191690291CDF80C8053683A4631466CE080
:2082DC0025692A7B012A09D129680868032805D1A8681A4613F080FC05460EE0A86829687F
:2082FC000EF07EFF05462069016880688A69406800218018401C0CF032F828466DE72069A1
:20831C0003689969202905D1284613F0CCFD2069036899694FF08059D9F80002C06D0091DC
:20833C00CDF804805A68D9699B6836E04FF080592169D9F8002248680968526C40688969AD
:20835C00904709F50076002818BF6FF0040035D1216930680A68C06A116992690346284664
:20837C0098473068406A80470828FAD0306840688047062818BF6FF003001FD120690368AD
:20839C0037689968386A0091D968019199690291CDF80C801A6AD9695B6804462846A0470D
:2083BC00D9F8B001006A014613208847D9F8B00100690146132088476FF01F0005B0BDE860
:2083DC00F083C046186800200062024060620240C06202402DE9F04F834C4FF0FF0A0025CB
:2083FC004FF0100BADF1240D84F834A004F1300984F832A065E00C2015FB0096E0686903A1
:20841C0006AA042314F0C1FA06F116079DF818009DF8193038700698F375C0F385410329B8
:20843C0003D09621B1EB106F38D1C0F30140F8703878FF2830D0FE282ED07E282CD007A8CA
:20845C0010F0E4FDE06869034FF088524FF4005314F09BFA65484FF4005650F8041D361F1F
:20847C00B6B2B1F1FF3F06F1885201D1032EF4D810684FF00108414600F0FF03FF2B18BFBE
:20849C008846491C000A0529F6DB1060079813F0D3FB4644FE8001E0A7F806B038787C2812
:2084BC000BD0782809D0702804D0FE2808BF84F8325004E084F8345001E084F833506D1CA8
:2084DC00EDB2E078A84296DC94F83310FF2920D194F83420FF2A15D194F832200025FF2A2A
:2084FC0018D0521C92FBF0F14143521A91B28A0002EBC1024A44978B002F08BF84F832A03B
:20851C0003D00A4684F833200225214691F8331000E00125FF2910D1002684F83360304639
:20853C0008F024F86178084360707E21304611F021FE2146E07891F8331094F83220FF2A50
:20855C0014D1491C91FBF0F24243891AC8B284F8320008F00BF861780843607094F832004A
:20857C00FE2111F007FE204690F8331084F8311094F8332010462F46810001EBC001494467
:20859C00898BA570781EE18602D0401E23D028E0172926D91046C91F01AA89B209F05AFFB9
:2085BC009DF80F00C00816D300200090BDF81220E18E94F833000323891AC91F01AA89B2EE
:2085DC0005F0C8FD68B9BDF8101051B19DF814000FF0A2FA05E0012084F83500002004F0BE
:2085FC00C9FA09B0BDE8F08FA4430020002000112DE9F04FADF1240D079004F013FD06F0D2
:20861C00E5FB0FF05FF8704C002517280FDC172826D0012824D90C3822D0401E27D0401EB9
:20863C0001280ED9401F0CD0801E0AD013E019381DD0401E05D0801E03D0093817D0401E00
:20865C0009D113F0E1FA022807D013F0DDFA012803D013F0D9FA21680DE005211F2508E0D1
:20867C0013F0D2FA0228F6D101210D4601E00321072520460160554AD068C0F3815001282D
:20869C0004D112680120120E9040054313F050FD504BDFF83C81FF2240181C46401E471CFB
:2086BC00C8F800007F1E04F8012BFBD1079A1268002702F0FF03FE2B1DD0DDF81CC03B46CF
:2086DC00012602F0FF04FF2C0ED0A04205D3A14203D806FA04F4254201D0022070E02743D5
:2086FC003C4C02F0FF02A3545CF8042F5B1C02F0FF04FE2CE7D1082008F068FC3649079875
:20871C0008603648012112F037F8DFF8F8A0344E00244FF001094FF0040BA04609FA04F07B
:20873C0005421AD1074208D19AF8000001280CD004F0FF0141F4C04104E026480799005DB9
:20875C0051F82010274805F055F8E0B24FF0FF3112F0EAFEC6F8008001E0C6F800B01C48F7
:20877C000068641C361D8442D8D904A813F022FE1D4C9AF8001020780129059005D01B48C2
:20879C001B4A102104AB10F088FB684613F0FAFE6068194902901748CDF80C806A460EF032
:2087BC00C3FE164951F80D0C20F4F85040F4005041F80D0C124AC1F8FF9F4046C2F8009066
:2087DC0009B0BDE8F08FC04640490020A84F00503C490020686500201C68002004620020EE
:2087FC0054600020007FC767741302007C660020A1B9010014640020658501000D300940ED
:20881C002C000940444900202DE9FE4F9B4615468946824614F060F97B49019008680CAF07
:20883C00504508BF48687B4C6FF0010828B1B83013F0A8FD002840F0D68012F09BFB061C10
:20885C0000F0DB8004F5CE7014F040F90023B4F9B400C6F80C90401C86F832306FF31F3072
:20887C00A4F8B400C6F808B0B4F8B40030866748C6F810A097E80C0020210027B846194099
:20889C00104006F1180383E80300424686F8332006F1200383E88001E8683064287C86F887
:2088BC00440028687063287986F83800A868F0636869B064A869F064287F86F85000687F95
:2088DC0086F851002F7C27B9EF6817B1012086F844002F795FB999F80C0000F00F0002289A
:2088FC0005D1012086F83800D9F808007063484608274568002D18BF002F70D100886FF33B
:20891C000900B0F5305F18BF022506D196F83300082540F0100086F8330006F1180090E8C3
:20893C000C00414606F1180745EA0200194387E80300D4F8D800824507D194F8DC0041087F
:20895C0024BF00F0FE0084F8DC0031480768002F39D004F1A0000090D4F8A810D4F8AC2071
:20897C0004F198052B463046B84710F1030F10D0B6F93010B4F9B420914207D0B4F9B410E5
:20899C0001F6FF716FF31F31A4F8B41010F1020F1BD010F1030F18D096F83300B6F930802A
:2089BC0040F0800086F8330000278AF8FC702868864205D0F068007B00F00F0002281CD10F
:2089DC000CF0EEFD19E06FF00200B4F9B410804601F6FF716FF31F31A4F8B41005E07F1E08
:2089FC002846FFB285E76FF0020894F8DC0040F0040084F8DC00C4F8D8A0019814F0CCFCDA
:208A1C004046BDE8FE8FC04668320020FFEFFF9F78490020B03100202DE9FE4F0D468246D6
:208A3C00287AC10693461E464FF000090CD5584614F0E2FB030000F0EA800A22294650463E
:208A5C0098475FEA00094DD128780C9F0D9CDDF8388002281AD168680178407801EB002206
:208A7C0092B24FF42053D21A012A10D9921E3AD0521E14D0FD3A7BD0521E00F08280521E7E
:208A9C006ED0521E74D0521E00F09680ACE0002C2AD1E868017839800278416888E0002C66
:208ABC0022D101203880E9680A78327000216889401C80B214F09CFB398860B10278921C24
:208ADC0051183980418971704289120AB27041680278F01C6DE0091D398004220021701C76
:208AFC0013F080FB95E0002C67D1E8680488042139803470220A72700DF10201204614F02C
:208B1C0077FB5FEA000821D0D8F80C40BDF802204FF6FF756B46294614F072FC50B998F8AE
:208B3C000030D8F804203C48022114F05DFB08B9ADF80050207802280AD161680222301D65
:208B5C0013F046FB3888801C388001E0ADF80040BDF80000B070BDF80010090AF17058E095
:208B7C00002C2AD1E8680168504613F085FE02E01CBBE8680088022139803070000A7070E6
:208B9C0047E0E86813F0FAFF82B2A242B8BF4FF007093EDB944208BF002205D008EB0401C3
:208BBC009142B4BF4246121B3A8092B2E8680119304613F00DFB2CE014B14FF00B0928E089
:208BDC00E8680721398002783270437873704188B1704288120AF27001793171C288727113
:208BFC00C088000AB07114E0584614F0F9FA5FEA00090CD09DF83C000290CDF804800094EF
:208C1C003B46324629465046C847814601E04FF00E094846BDE8FE8FE01602002DE9FF4719
:208C3C008246DAF804603068DAF80050076C17F4F06F47644DD0A86B00284AD0E8790024E1
:208C5C0000F07F00E871F80A2C6028D3E86CAC6CDAF80090DAF80480241A06E00068C1B284
:208C7C0009F144000FF01AFB641ED8F800008169490901D2002CF1D1306804E001688DF8CD
:208C9C0008109DF8081081694909F7D32868401C2860E979C81104BF41F08001E9713068D7
:208CBC00EB6B446804F00F0404EA0301B1FA81F24FF0004323FA02F0014006D0A86B20B1F3
:208CDC002A682B6C84465046E047204613F07AFC2863D5F8D80140680068F16BD0F804255B
:208CFC000A4201D1F90915D350460DF0A1F9504606F0E0F86879012804D1A86E10B1504673
:208D1C000BF0BCFD05F1740013F032FFD5F8D80140680068D0F80415B06B014255D0D5F8FE
:208D3C003401002851D050460CF0A8F9504608F0CFFDA87901283CD1D5F83001002838D087
:208D5C0005F5867801A9404611F01CF80446D5F83001A04238BF041CD5F83821D5F828114D
:208D7C0001988918224609F05FFC4046214610F0D2F8D5F83001D5F83811001BC5F830010D
:208D9C000919C5F83811504608F0A2FDD5F8300178B995F8240160B1002085F8240100901E
:208DBC00D5F8D041D5F82811D5F838212B6C5046A047D5F8340120B93168886B40F400607E
:208DDC00886305F59E7013F0D3FE380B23D33168086B20F480700863E879820811D300F03D
:208DFC00FD00E96BE871880907D3A86B28B12B6C0746202100225046B847022011F032FA2B
:208E1C003168886B20F400608863A87918B905F59E7013F0ADFE0090BDE8FF87F8B5584C97
:208E3C00584B2568186855F8183F00224FF0FF31984711F0FFF95449544CC86B4069417986
:208E5C0053482170002201680A8000254A800D710068427100200AF041FD2078002107F025
:208E7C00A5FC09F019F94B48006814F0B5F914F0AFF94948006800B105734848006800B106
:208E9C00C5720026464C474D12E06068F1B24FF4D072514342185379012B08D1F0B213F0ED
:208EBC0033F9074613F026F9384614F011FA761C2978F0B28842E8D314F086F93A483B4A8A
:208EDC00017811700EF09AFE0FF01CFB3848394A8078C1074CBF07210521FF2400074CBF7F
:208EFC00FF20FB200140344801700021334811700023334A03700121324811700370324AB2
:208F1C00324811700370324A3248334913700370324A334813801B2303804FF4A470314A42
:208F3C00314B088010804FF42960304A1880FB212F4B1180198044F290202E492E4A088086
:208F5C00108014F03DF914F037F90AF016FA0AF070FB13F0E9FD2949294A002008701F21E2
:208F7C002848047044708470C47001712648047044708470C4700171252010700020F2BDDF
:208F9C00200F00201C0F0020D4150200CA0F0020400F00206C0F0020500F0020540F00202B
:208FBC00780E0020D40F0020C60F0020D30F0020C00C0020CC0F0020C50F0020CD0F00201E
:208FDC00CE0F0020CF0F0020D00F0020D10F0020D20F0020406800208C0F00209C0F00202C
:208FFC008A0F00208E0F0020900F0020920F0020960F0020940F0020980F0020C80F002019
:20901C00416800209C670020A46700202DE9FE4F12F02EF800255FEA000903D00CF040FE0E
:20903C004FF0FF396348006828B1804703E0306850F8081F8847604EDFF88081336853F8C5
:20905C001C7F01AA69460DF10100B84700285C4F2FD10198A0F10C07B979032906D159481B
:20907C0001680029E7D001988847E4E79DF80000002400E0641C54490A789442D7D2D8F8D1
:20909C0010100A5D8242F5D1E0B2FF28CFD0387910F042F9B979012902D10199087003E03B
:2090BC00022904BF019988700199E0B202F02CF9C1E73968EAB231F8120028B942480278CC
:2090DC006D1CE9B29142F4D33F49404C0878DFF800A18DF80000E9B2814226D2DAF80010ED
:2090FC00884739685FFA85FB31F81B20ADF80220002321F81B3021688847364ABDF80210BA
:20911C0088F80050E8B252F82B3098470546FF2088F80000DAF800108847396831F81B20A5
:20913C00154321F81B502168884711F0A1FF05464D4520D005B9284D28480068DAF8001084
:20915C00A84238BF05468847316851F8202F8146D8F808009047D8F80C202149521CC8F8BD
:20917C000C202846356855F80CCF08F10803E0472168484688471B4A1B4C106828B13168AD
:20919C00206851F8242F904711E000250AE03968EAB231F8120020B13168206851F8242FB2
:2091BC0090476D1C9DF80010E8B28842EFD3BDE8F78F00BFFC6700201C4A002044480020C9
:2091DC002C680020F46700204F1402003840002034400020EC0E02008EC2F528F0670020D3
:2091FC00D9B20000F8670020E86700202DE9F843DFF8B891804699F80000002114F040F9B4
:20921C0098F80010044601291CBF002011F0E0FA14B9002011F0DCFA04F14C060020B16804
:20923C004A787768D10641F64C5531D507F1680108808870C87008714871C88008818872A6
:20925C00C872786714F01CF8B968281812F03CF928B114F015F82D18BD60B8682061B06824
:20927C0090F913107F2903D15148017884F82910012104F1290013F08DFB217E18204143BD
:20929C007818A0F55E7194F8290007F08FFA3AE007F19C0108808870C87008714871C880A8
:2092BC0008818872C872C7F8A80013F0E9FFB968281812F009F928B113F0E2FF2D18BD60FF
:2092DC00B8682061607DC1060BD5B868618B00EB8100F86397F84400012802D1F86BC01D6B
:2092FC00F863E07F81060ED599F8000013F024FC00281EBF00F1B4010878002803D0887953
:20931C0008B902228A71616870682A4A8A614860B2685078C30659BF10208861264B8B6170
:20933C005078830703D5886940F4002088615078430703D5886940F4000088611F4B1878C7
:20935C0000281CBF507810F0030F03D0886940F4802088610020B1683070087E10F0300FF5
:20937C001CBF40460DF0B0FA1549C86948B10522D021002012F084FC0622D421002012F048
:20939C007FFC10490A68206990607169B1F8030048B1306F38B92269B1F8031049F64040DD
:2093BC0000FB01223267BDE8F18300BFD50F0020CA0F00200200008012000080880E00203B
:2093DC00A4640020D06700202DE9F04F724C002704F19800ADF1140DB946B8460568029769
:2093FC008246CDF80C903DB3D4F8AC00B84203D1D4F8A800B8421DD0D4F8A8600EB3D4F836
:20941C00A8102869096988421BD195F83300400917D3D4F8AC60A6B90127D4F8A800C068D1
:20943C0040880028F9D0D4F8A800C06840880128F3D006E0012704E004F1E000022113F01A
:20945C00A9FB002D43D087F0010B03A802AA594608F0C2FE5FEA000809D0012F07D003990E
:20947C0029B104F5AC7012F06BFD4D462FE0002D2DD04A48066856B3B8F1000F27D0039858
:20949C0028BBCDF800B002980190D4F8A800D4F8AC100AF108035246B047401E02D0401E0E
:2094BC0008D014E0029800B9284601214B460091014605E001230093D4F8A800D4F8A810E4
:2094DC000069B1F930104A4603F01CFA60E0002F5ED0002D5CD060682969884252D1B8F19E
:2094FC00000F0BD0039848B1D4F8A80030B9D4F8AC0018B9082010F0F7FB49E0082012F0BF
:20951C0095FA95F8330004F1E006C0F3001028B9504611F072FEC4F8A80004E0504611F07B
:20953C006CFEC4F8AC00A8691D49C0430860A8694A6810434860E869C04341F8080CE869AB
:20955C0051F8042C104341F8040CEC680820294611F022FD204611F08FFC2088A0F602009D
:20957C0040B141F21E01401A04D041F6E671401A012803D80120214611F00EFD4FF08041DE
:20959C00304603E004F1E0004FF4806113F002FB05B0BDE8F08FC046B03100207C49002098
:2095BC00101004406D4A2DE9F04112780F46ADF1180D824215DD6A4C3B7804EBC0046668EB
:2095DC002568012B01D1786858B17878012801D1B86830B113F080FA2979490803D313F0C6
:2095FC00DBFE0020B6E0297941F00101297113F0D3FEE87900F0FB0000F0FD01E87101F0F9
:20961C00F702E971104600F0EF01E8710846E87100F07F00E871287A00F0FE00287200F0C3
:20963C00FB002872387868717878A871397DE87901F0010100F0FE000143E9717868C5F8B4
:20965C000801B868C5F8D001F868A8633869E863B869A862787F85F82D00387F85F82C00B4
:20967C00B87F4FF0000885F82E003A6AC5F8288143462B661846C5F83001A866C5F82C013D
:20969C00686628636863E866C5F8340185F85C0085F82401A96BC5F8D8312A6411B9E86352
:2096BC003048A86396F8400007F090FCF168326905F1440012F0F9FD7169B26905F58670AF
:2096DC0012F0F3FD28480068C068014630688847204610F0BFFB0EF075FBC5F8D801204644
:2096FC0003F078FB214A05F5EE702346042111F017FA684612F05EFE327A05F10C007168F2
:20971C0001921B4A00946B460FF0C7FB05F17400414611F031F8414605F59E700A460FF036
:20973C0009FF03A813F018F905F1C40011490594424603AB0EF0F4FF0F4905F5C670424662
:20975C0003AB0EF0EDFF3068716B0860326B31682046516006B0BDE8F081C046F710020051
:20977C0084130200F9CB0100D0010010C1C50100398C0000D1C50100C1B20100F8B5684DD5
:20979C0041F62700002128806980696013F078FD00F57A60A860634E3068A968624F016118
:2097BC002A7B697B02F0F00201F0F00142F0820241F001012A73697300222521A973EA73FB
:2097DC00C0698178012902D0042902D015E0002018E002202021287469746A825348544C40
:2097FC00A8616C6113F0E4FC20605248C1690978CA074CBF1F210F2106E038784000C1B23A
:20981C000029E7D10021E6E7C26912789307C269127848BF41F020015307C269107848BFEC
:20983C0041F04001020748BF41F080010020607121713068C169497801F0010161713B785A
:20985C00C26903EB8303D318DA78520002F0020211436171807A800000F00400014361711E
:20987C000120A17A208101F0C001A172A01D022113F074F93068011D2161026A5178012943
:20989C0018BF022919D1E17A01F0C00141F01901E172617941F020016171C069417801290B
:2098BC0011D0254A107808B103290CD0234800684168616113F090FC0BE06179002001F050
:2098DC00DF01E07261711E4800684168616113F06BFC1C48A06120210AF03DFDA17F01F0DA
:2098FC00E00141F082014FF6FF70A177A08330683B78A968C26903EB8303D51840F6C410D6
:20991C00EA8800FB021121620020E17F606201F0E00141F08101E177A062E062F2BD00BF57
:20993C0008650020500F0020D80F0020680C00208C0A0020D4150200880E0020700F00206E
:20995C006C0F0020340B00202DE9F84F8AB080460E4615469B4602A86049202208F064FE15
:20997C00B8F1280F0FDA280018BF012D0DD0022D18BF032D09D0042D18BF052D05D0062DA7
:20999C0018BF072D01D01220A5E0DFF854A19AF8000008B121209EE0524F534C41F62A00A1
:2099BC00002238807A8091462368588900280CBF384600207860C7F808904FEA4801387B7F
:2099DC0000F06000387358897B7B8DF8006000280CBF022201226631B97303F0F0031A4374
:2099FC00802158467A73F9730128404EDFF800B17E61C7F818B021684A8932809DF800105B
:209A1C00B170F5709DF8002006D0022806D1012038740023002109E00020F9E703280CBF28
:209A3C0002210621397400238908022013F0D4FCF93040F27122B0FBF2F240F27121726057
:209A5C0001FB120000B1012071684018706040F6C41071684143716087F81190002009F098
:209A7C003DFF24480078002106F0A0FE08F014FB307A214B00F0FE00307286F80990C6F873
:209A9C000C90F07A00F0F00040F00100F072ABF80090216881F8008020689DF8002042708D
:209ABC00802221688D7039462068A0F80490A0F80690027209208AF8000002AA0F48104C83
:209ADC00CDE9000925680F4855F85CAF0068D0470D49088000200BB0BDE8F08F54140200A9
:209AFC00C80F0020940B0020440F0020040D0020AC0E0020CB0F0020890801000200008008
:209B1C00200F00201C0F0020880F00207CB56D4D044628680E4628B94FF0FF3000210CF053
:209B3C00EDFD286000213CA30A4610F017FF20463DA3801E08D0801E61D0401E4CD0401ECE
:209B5C0037D0401E22D00EE02868012E05D000210A4610F003FF37A357E000210A4610F01B
:209B7C00FDFE39A351E0286800210A4610F0F6FE2868022100223AA310F0F0FE01208DF886
:209B9C0003009DF803000028FBD17CBD286800210A4610F0E3FE28680221002236A310F051
:209BBC00DDFE01208DF802009DF802000028FBD17CBD286800210A4610F0D0FE28680221C0
:209BDC00002232A310F0CAFE01208DF801009DF801000028FBD17CBD286800210A4610F03F
:209BFC00BDFE2868022100222DA310F0B7FE01208DF800009DF800000028FBD17CBD28683C
:209C1C0000210A4610F0AAFE29A328680221002210F0A4FE7CBDC0463E3E3E535441434B5D
:209C3C0020415353455254002A2A2A4552524F522A2A2A003E3E20494E5445524E414C2077
:209C5C004552524F522100C03E3E20494E5445524E414C204657204552524F522100C046F6
:209C7C003E3E2044454641554C54205350494E4C4F434B2100C046C03E3E2057524F4E4794
:209C9C00204150492043414C4C2100C03E3E204943414C4C2054494D454F55542100C04622
:209CBC003E3E204943414C4C2041424F525421003E3E204F5554204F46204D454D4F52598C
:209CDC002100C0461C4800202DE9FC41DFF87C810028074600F08C803D68E8788DF800009B
:209CFC0028798DF80100684613F05AFAA86808B150490160E86808B14F4901604F4C28781C
:209D1C004F49207045260E8068786070687984F83C00A87984F83D0095F830004A4984F817
:209D3C006C0048484EC980E84E00B8680178E17090F82C1084F8641046686660826A2266B8
:209D5C00836923658168A160C168E16001692161C169A165016A616541696161466AE6656B
:209D7C00E9692E697A68E662036BA1631068A06168692063A8696063286A7A6820649668AB
:209D9C00A36616B912F0CFFC00E026627868C06810B912F0C8FC00E060627868006910B94F
:209DBC0012F0C1FC00E0A0627868406810B912F0BAFC00E0E0612869E0626E6A6664AB6A32
:209DDC00A364E86AFA68E06490680068012111F049FEF968C86820B912F0A5FCF9684446A6
:209DFC0001E0444620600868496812F005FA02E012F099FC444620681549164A164B4568E3
:209E1C005020A84710B1206880688047134C606880470546124812F035FD10F0E5FE0DF028
:209E3C0069FDA168284688470EF0BAFE0020BDE8FC81C046259A0100EBC20100CC420020C0
:209E5C002249002040670020F44800201C4A002021B001004E680020E8670020304000200B
:209E7C00FDBC01002DE9F84380460D46C0B212F04BF90646E8B212F047F907465FFA88F0A4
:209E9C0012F0D8FA0446E8B212F0D4FA0246306839684368D1F804C07879717909B128B9EF
:209EBC00A8E0002840F0A480FF20A4E0F089B6F8621140088842F88905D3B7F86211400870
:209EDC00884206D296E0B7F862114008884280F08F80E07EC009D07E02D0C00902D189E04F
:209EFC00C00972D106F1820E07F182019EF8000088B17089BEF80290401C80B248450ADB28
:209F1C000878002876D07889B1F80290401C80B2484509DA6EE0087830B17889B1F8029012
:209F3C00401C80B2484563DA9EF80E00012810D17089BEF810E0401C80B2704509DB887B36
:209F5C00012857D17889098A401C80B2884209DA50E0887B012805D17889098A401C80B271
:209F7C00884245DA06F5C97107F5C97091F800E0BEF1010F12D1B6F80AE049880EF1010EF0
:209F9C001FFA8EFE8E4509DB0178012932D179894088491C89B2814209DA2BE001780129E5
:209FBC0005D179894088491C89B2814220DA607B517B81421ED388421AD3718E7E8E8E429B
:209FDC0004D2D08946438E4214DB11E0E089B14203D24143B1420BDB0CE0D189814209D38A
:209FFC00884205D3DCF80810986811F06DFA08B1284600E04046BDE8F2837047F8B50146FD
:20A01C005A4C5B4F5B4D5C4EA07801294DD0022924D008B322793946102000F03BFAE27880
:20A03C003946102000F036FA5320A8755021E97585F8210085F8221000270097E2783B46F0
:20A05C003146102000F026FA00972279314610203B4600F01FFAA7702EA34CE0022822D09A
:20A07C0022793946102000F015FAE2783946102000F010FA4720A8754221E97585F8210095
:20A09C0085F8221000270097E2783B463146102000F000FA3B46009322793146102000F085
:20A0BC00F9F90220A07021A325E0012822D022793946102000F0EEF9E2783946102000F062
:20A0DC00E9F94720A8754121E97585F8210085F8221000270097E2783B463146102000F0C1
:20A0FC00D9F93B46009322793146102000F0D2F90120A07015A32248204F00780930C1B27B
:20A11C003868002210F02AFC1E480FF029FC0120F8BDC0464175746F436F6E6E6563742052
:20A13C0064697361626C656400C046C04175746F436F6E6E65637420656E61626C65643A7D
:20A15C002047726F7570204200C046C04175746F436F6E6E65637420656E61626C65643A06
:20A17C002047726F7570204100C046C0B836002065020210D8400020ED7401101C480020BA
:20A19C0030480020486100202DE9F04F5F4C0C3C94F8318094F832A04FEA880000EBC800EB
:20A1BC000019B0F84C00ADF1240D0025ADF81C0004F1300008904FEA8A0000EBCA00001973
:20A1DC00B0F84C60657006A80EF020FFAB46BDF81C106078162951DD002840F09080BDF83B
:20A1FC001C0001AAC01F81B2ADF81C10404608F031F9BDF81210BDF81C200D46E81D05F1DB
:20A21C00100387B2934273D89DF80E0096286FD19DF80F00420827D2800825D3BDF81C00DD
:20A23C00CDF800B0401B1FFA80F99DF80D20BDF81C004346401A80B20FF0D4FC70B9E068B8
:20A25C00C6F1885209EB48393B46D21B494602F5005212F09AFBF619B6B205E0BDF81C00D2
:20A27C00401EADF81C0043E0BDF81C00401BADF81C00BDF81C1060781629ADDC00283ED1DB
:20A29C004FF6F0704FF40051C6EA0040C6EA0141E1FA40F01FFAA0F283B2102102F188529E
:20A2BC0050460DF06FFE617808436070069811F0C3FC08994FEA8A0000EBCA0040188683B6
:20A2DC00BDF81C70A4F84470A4F84060B4F9422094F83D100123504610F0D2FB94F83E104C
:20A2FC00B4F944205046022310F0CAFB58460AE0404607A90BF0D4FD01283FF468AF069816
:20A31C0011F09AFC102009B0BDE8F08FB043002001282DE9F84F40F0A780DFF87491D9F8E0
:20A33C003401012840F09D800220C9F8340111F037FB01200FF0DCFA5FEA000805D00120CE
:20A35C00C9F8340111F03AFB90E0102012F07CFA00280CBF002501250F2012F075FA08B106
:20A37C0045F002050E2012F06FFA08B145F00405012011F0F1FE012805D099F838010128F3
:20A39C0018BF002703D1002005F042F8012712F055FA384CDFF8E0A040080AD20026206A58
:20A3BC0080680146504688478346BBF1040FF6D000E00126304612F0FCFA012E0AD0BBF175
:20A3DC00010F05D1206A4068012102465046904712F070F8206840690146284688470A2029
:20A3FC0012F032FA254E30B12068C06A3146091D024608889047092012F026FA28B1206815
:20A41C00C06A31460246088890471D4903200124C9F834011B4E0C600023336028460DF036
:20A43C002FFB0128FAD1184D286804200FF060FA0646164804602868012F02D1204604F075
:20A45C00E7FF12F09BF908200FF052FA0746C9F8344111F0B3FA57EA060018BF4FF0FF382C
:20A47C0004E06FF0040801E06FF001084046BDE8F88FC046B801001000400340AE0C020068
:20A49C00282008600C2008402C2009400C400940E83A00200FB42DE9F04106AF8046ADF1ED
:20A4BC00280D12F079FE3E1D26F00306361D30F0010001D111F002FDCDF81A601420ADF8FA
:20A4DC0016000025CDF80E50FF248DF818407B68CDF81E3013F014F8064612F05DFE30F034
:20A4FC00010015D011F012FB4A492A468446062031F80C7F4FB14B681B689E4204D0401E5D
:20A51C0002F10102F4D100E0D4B2604611F0E1FC4146204603220DF11A0310F004FC12F04B
:20A53C00EFFF0FF0F7FDA8460746CDF8008012F033FE30F0010063D0002F61D041F28830CC
:20A55C0001A90FF0B7FD009C002853D112F020FE0199012645187868019B41464FF00052C8
:20A57C0012F0CAFF00282BD00DF122000DF1230102AA0CF065F8B0B99DF8220003A90FF0BF
:20A59C00B1FD38B9029A12F0B3F900281CBF029C464615D10299684610F054F878684FF0EF
:20A5BC00005112F009FF0198B0F1FF3FD3D00028D1D012F0EDFD281A02D00199814217D2FA
:20A5DC0011F062F907F10805009F11F09FFA01463FB13A4652F80C0C40B9286842F80C0CD1
:20A5FC002F60084611F075FC304603E00246F1E70190B0E720B92CB1204612F02CFA01E02A
:20A61C0011F05CFCDDF81A0000680AB0BDE8F04104B07047844000202DE9F0478AB00446BE
:20A63C000E46154602A85049202207F0FDFF310018BF012E0BD0022E18BF032E07D0042E84
:20A65C0018BF052E03D0062E18BF072E09D128000BD046488078012D05D0022D18BF062D22
:20A67C000AD012207CE0C10708D5DFF8049199F8000028B1212073E00007F6D411206FE0F6
:20A69C0022463C4C41F62A00002120806180646040F6C418C4F808808021207B364FDFF8F9
:20A6BC00DCA0E17300F0650040F0050020730023607B00F0F00040F002006073A908662077
:20A6DC00A0736761C4F818A001203880BA70FE70257405F0030012F07FFEF93040F27122A0
:20A6FC00B0FBF2F240F271217A6001FB120000B10120796840187860786808FB00F0786075
:20A71C007868A0600020607409F0E8F81C480078214606F04BF807F0BFFC387A194A1A4BC8
:20A73C0000F0FE003872002179720020F860F97A01F0F00141F00101F972AAF800000D211E
:20A75C0089F800102146114C2568CDE90020104855F85C6F006802AAB0470E4908800020AB
:20A77C000AB0BDE8F08700BF54150200C00C0020C80F0020940B0020040D0020AC0E002010
:20A79C00CB0F00200100008089080100200F00201C0F0020880F00202DE9F041DFF85C8144
:20A7BC0098F80000002112F06BFE040004F1500602D110F00DF891E0207A08B9002140E02D
:20A7DC00217B491C21733069407920B1C9B2814208BF432135D004F13E070020B8730B2582
:20A7FC0012F0DDF87168D1F80320D4F810E022F07F4240F6C41303FB02EE90FBF5F50B2275
:20A81C0002FB1500D6F800C080B24FF47A6148431EFA80F0CCF808003368394899682161AE
:20A83C0033690268B3F8030000281FBFF06E0028A37B012B0CD0938801EB8301814207D36E
:20A85C003C2120460DF03CFEBDE8F041FAF738BF2C4D2878012809DDD06801681068096971
:20A87C00006910F031FE08B10BF0B2F970684178C8061BD5A17B01290CD1002222722878FD
:20A89C0010B1204612F0ECFC1F480078022105F0B1FB0EE0306890F8631001F0E00141F064
:20A8BC00860180F863101949416602E0204612F045F91749087888B13878022818BF032884
:20A8DC000CD1144F38680D3012F0FAFC30B93868C11D062204F1300011F07AFCFAF7F0FE3D
:20A8FC004CB17068017E480605D54146BDE8F041032012F0BDBCBDE8F08100BFD50F0020EC
:20A91C00D067002044680020C70F002000204E00880E0020680F00202DE9F84F0C4606464C
:20A93C00207C35687768012815D0216860688969806881422FD1A26890684900401A012819
:20A95C0029D150680078042825D1E0688068401A012820D123E02068016803290ED0616824
:20A97C0080698968884216D1A16889684000884211D1E168896888420DD110E061688069C6
:20A99C008968884207D1A1688968884203D1E1688968884203D06FF00800BDE8F88F304690
:20A9BC0011F026F9002818BF6FF0010062D12C616FF0200068604FF0020985F814904FF04B
:20A9DC00000885F802802C49DFF8B0A0DFF8B0B0237CC3B160682268406892690AF058FF28
:20A9FC002168A0688A69406851460AF051FF21680868032822D0A0688A694068594680183E
:20AA1C000AF046FF16E0606822684068926908F06DFC2168A0688A6940685146401C08F078
:20AA3C0065FC2168A0688A69406859468018401C08F05CFC20680068012801D00A2000E096
:20AA5C000720687510490F48324610F05DFC3978132012F047F80D4880F8008048460FF056
:20AA7C0019FC0B480068006901461320884730460DF038FCBDE8F88F0062024060620240BD
:20AA9C00C0620240B46600203D160100154A0020B00100102DE9F0474E4E4F4C96F80090C6
:20AABC004E4FA9F10905042D8AB000F28980DFE805F003036767710002A84949202207F059
:20AADC00B3FD788810F47F4F2080FBD0454C464DDFF81881DFF818A14FF4A051401A14D0D7
:20AAFC00C01E12D040F20141401A4ED1414A2D68D8F800000023CDE9002355F85C8F5346D0
:20AB1C0002AA3946C047208060E0B9F1090F0FD139490A685089002837D0384908780FF069
:20AB3C00E9FD0021002012F02FFB002030704DE0B9F10A0F29D1324E307830B370780028E1
:20AB5C0044D101212F4A717092F8200030B1B078012803D10021032011F0E8FF2A482D6865
:20AB7C000021CDE900015346D8F8000055F85C8F264902AAC047208000207070B07025E059
:20AB9C00788810F47F4FFBD0208000200FF020FE852019E078882080022807D94FF4A051A3
:20ABBC00401A03D040F20441401AEED1B87B801CC1B2B529A8BF6620B8730020788005E087
:20ABDC0000200FF005FE842012F056FC01200AB0BDE8F087C80F00209A0F0020940B0020C9
:20ABFC004C160200880F0020200F00201C0F00208908010002000080440F0020CA0F002004
:20AC1C0060670020A464002002808080500C00202DE9F84F074686B07888574DDFF85CB1A3
:20AC3C00884612F0ADFA064604A800903B7B7989388907F10D0212F0E7FB0024824605960E
:20AC5C0049E06968FF208855A3B26868FF22C25434E0A0B2002877D1788800234FF6FF72D7
:20AC7C00112112F089FA0028686067D0BBF80000001D6880641C6968BAF80A008855A2B2E4
:20AC9C00BAF80A006968000A8854BDF8102079890DF11203504612F0B3FB661C8246741C0B
:20ACBC00BAF1000FB6B2CCD06968BDF812008855A2B2BDF812006968000A8854641C30487B
:20ACDC006B680168BBF80020A6B2981911F080FABBF800000419BAF1000FA6B222D0BDF83C
:20ACFC001020788851460AF041F88146A0B938790599234B1B6803908A1F92B200200292AA
:20AD1C000190CDF800B0BDF8102078885146FDF783FE002881469CD0BAF80A10A8F8001049
:20AD3C00484600E00020A4B2CCB901003989A8F8001008BF0A2007B0BDE8F08FBAF80A0093
:20AD5C00A8F800001120F6E7BBF800006988021D914204D10599891F801981428ADA6888C8
:20AD7C0096FBF0F028802946788812F001FA002818BF1620DFE700BF380C0020840F002061
:20AD9C00080F00202DE9FE4F04004868019048F6B80900F0A280DFF848A166689AF8030084
:20ADBC00504D514F11F0B0F9009040F6C41B12F067FA80462078022808F6C41814D1009AA7
:20ADDC002146002006F0D0FF01280DD13868C16928788A1D00EB800048F6B901105A0BFB20
:20ADFC0000F08842A8BF8146207802280CD139682878C96900EB80000A18891D9388085A8D
:20AE1C00834243D1C6F808802078384D384F042814D1009A2146002006F0A6FF01280DD17F
:20AE3C0038684169287801F10C020001115A0BFB01F048F6B9029042A8BF814620780428EC
:20AE5C000BD139682878496900010A180C315389085A83421AD1C6F808802078012805D1DC
:20AE7C002448016888884FEA80090FE0082804D111F05EFE08B1D0F894902078102805D173
:20AE9C00032011F057FE08B1D0F89C9001998868414608F5884512F067F95C35814507D203
:20AEBC0001988168B068A1EB090110F00DFB68B1009A2146002006F057FF01280DD19AF81F
:20AEDC0003204946204603F0C5F930B9B068294610F0FAFA10B1012000E00220BDE8FE8F13
:20AEFC00780E0020D80F0020500F0020D90F0020540F0020D06700202DE9F84F07460C462C
:20AF1C0015469A46C0B211F0FFF88346F8B211F091FA074601263879DFF83C81DFF83C9114
:20AF3C00012802D0022859D094E0BAF1020F0AD100207880388002223A71B8680CF0A0FA47
:20AF5C000020B8604DE0388802280FDB7A8841198A420BDA00207880388002223A71B868D0
:20AF7C000CF08EFA0020B8608B203DE001280CD128000AD079882078091D41EA0021798025
:20AF9C00384629460EF0B8FB0646B868002861D0012E5FD13B882A462146184411F018F9CB
:20AFBC0038882D183D80ADB27A88954252D19BF87410802917BF81297F2199F80000091AC4
:20AFDC0049B200915346B96898F8020006F0D6FC00207880388002223A713BE0BAF1020F3F
:20AFFC0038D1280004D18C20BDE8F24F12F058B9012D03D13D80217879802AE021786078BE
:20B01C00091D41EA00217980384629460EF074FB0146B868F0B101291CD12A46214611F058
:20B03C00D7F87A88954211D19BF87410802917BF81297F2199F80000091A49B20091022325
:20B05C00B96898F8020006F099FC03E038882D183D803E71BDE8F18F780E0020C90F00207F
:20B07C002DE9F0410246046846684F494D48258EE76A10F049F93178272011F033FD06224F
:20B09C002946384604F086FB002840F0868094F83C00042805D145480068406901462720DE
:20B0BC0088474648424F001F00684FF0020820F00200C7F880034FF08056C7F8FC82D6F842
:20B0DC00FC01406801460620884706F5FE7600285CD13068C06801462046884794F83D00AA
:20B0FC0000F00F0101290CBF4FF4E2724FF4E072400928BF42F000522E48011F0A60636A92
:20B11C004B60002545600122856094F83C1084F84120042903D040460FF0BCF8636A306843
:20B13C000169226AE0698C461946E04794F83C00042808D0022825D121484FF0FF3111F097
:20B15C00BDF8A56B1EE03068806901461A488847000807D2D7F84C01800F06D3204610F04C
:20B17C00B3F802E04FF0FF30A063284684F8410094F83D10A56B490938BF84F84200204634
:20B19C000EF012FA281C0AD1BDE8F0814020386080263E600025C7F8FC524FF0FF30A06375
:20B1BC00BDE8F08198660020953F0100B001001004440240544502400100008088470240B2
:20B1DC00A46200202DE9F04104460E46904611F05FFB4649FF2808BF4F7804D0444A1378E6
:20B1FC000969C0180F5C434DFF2F04D1286850F8081F884713E0304600F052F80146FF2014
:20B21C0008F8020C22002E680CD156F83C4F434600223846A04770B1404610F0C2FA012002
:20B23C00BDE8F081012CF7D13468434600223846A0470028F0D10020F2E770B50C000646DC
:20B25C0015461AD0300604D52A490A6852F8080F804727490A78964204D3204610F0A1FACF
:20B27C00032070BDA4F10C010868002804BF887AFF2804D0204610F094FA052070BD8E7222
:20B29C00012D1D48214602D10FF086FC01E00EF061F84FF40041304604F0ACFE002070BD27
:20B2BC0010B580F08004042C04DB1248016851F8082F90470D482044007910BD38B504465A
:20B2DC000E4801688847094A0546D068844206D1084A0B491368086853F8241F88472846F5
:20B2FC00BDE83240074A136818470000444800204F1402001C4A0020F86700203440002046
:20B31C00E86700203840002080B5020606D50A4601460120FFF756FFC0B202BDBDE80840D1
:20B33C000022FFF78ABF70472DE9F8434F4C2168087B68B911F014FF2168096A0878002808
:20B35C0004BF8888002840F08080002109207AE0474D484E0020688011F092FF00F6C41074
:20B37C00009020683278C16902EB82028818C1888088814202BF40490879012865D03F4FE9
:20B39C000099386A10F0A0F868B1786A18B1009910F09AF838B10098A86021680868BDE8A8
:20B3BC00F24303F0CBB9002007F038FE2530A87340F6C4122168C86990F802C03378BCF1A0
:20B3DC00050F48D183F00103337003EB8303C86903447879DB7863F3410078713078D1F8E9
:20B3FC001CC00B6900EB80080CEB0809B9F804C002FB0C3CC5F808C0C1F810C043002B74BC
:20B41C0038BB6874A8683578CB6905EB85055E19F38802FB03023A62194A107888B1887A20
:20B43C00022818BF03280CD1164D28680D3011F047FF30B928682368C11D0622181D10F031
:20B45C00C7FE00210A2011F013FFBDE8F143FAF737B92020D5E703EB83031844D1F810C08E
:20B47C00808802FB00C0A8600861CBE7500F002008650020D80F0020AC6700208C0A0020CC
:20B49C00880E0020680F00202DE9F84F514C617811B900200FF09CF911F0F2FE0026814614
:20B4BC0009F6C419B2464C4DDFF830812FE010F02BFE0746787940B32968B879F2B2761C1A
:20B4DC00885449463B685868D0F808B0384611F043FE38680178402902BF07F1820001780C
:20B4FC00012902BF41887A89914205D1B969C088091838460DF0F4F95FFA8AF759463846E6
:20B51C000DF0EDF838460BF0CAF80AF1010A98F800105FFA8AF08842C9D36078F6B28642CB
:20B53C0005D000200FF054F9822011F0A5FF607801282DD1002600E0761C98F80010F0B28E
:20B55C0088421FD210F0E0FD074678790028F3D02968B8790A7890421CBF00200FF038F9CD
:20B57C00B879FF2102F0BCF8F889B7F862114008884205D3387C18B9B87901210CF0DAFD80
:20B59C00B87925E000200FF023F9822011F074FF617828680AF0ECFB07F0D2FB0446C0B23E
:20B5BC00FF2805D100200FF013F9822011F064FFE0B210F0A9FDC189B0F862214908914270
:20B5DC0005D3007C18B90121E0B20CF0B3FDE0B2BDE8F28F780E0020340F0020D40F002006
:20B5FC002DE9F84F504CD4F8A000D4F8A060002800F095800546E86840F6030108274A1C67
:20B61C0002E040687F1EFFB260B15FB10388994218BF9A42F5D129692CC838312CC189C809
:20B63C0081E8890006F1280090E800034FF0000A06F12807D34687E8000CB16821B35746D5
:20B65C004FF0E24A07EA08001AEA090508BF002813D036A090E80C0002EA080213EA09032D
:20B67C0008BF002A04D0B5683069B6F93010A847504607EA080800EA0909B5683069B6F95D
:20B69C0030104B464246A84711F026FA0546B4F9B600401C6FF31F30A4F8B600214886F831
:20B6BC0033B06FF0020737860FF0A7FD284611F073FEB4F9B400B4F9B61088422FD160687D
:20B6DC00D4F8B860D4F8BC7090F8FC1000290CBF0520072008F086F958462EB196F8FC50D0
:20B6FC0005B9306886F8FCB05E462FB197F8FC5005B93E6887F8FCB0864238BF061C66B1C8
:20B71C00B6F1FF3F0BD011F00FF8B6FBF0F104F5CE7010F015FCBDE8F88F10F05DF9BDE844
:20B73C00F88FC04650320020B0310020F0FFFFFFFFFFFF8E2DE9F0478046D8F80860306862
:20B75C00076CD8F8045047646A6CA96B286C17F4F06FA0EB020937D1F8091FD2780979D346
:20B77C00B9B196F82100464A145C601E814294BF0C1C641E404621460EF0D6F8A86B001B6F
:20B79C00A863A86B002865D105F18800012111F001FA404649460EF0ABFB5BE00029F8D090
:20B7BC0040460EF0C1F8014695F82D00A96318B9A86B00284ED101E00020A86305F188006E
:20B7DC00012111F0E7F945E0F80A21D24FF0000A544603E0A86B401EA863A96B91B1404612
:20B7FC0001210EF0A1F83068446814F00F04C0F804A0EFD0296BAB6B686B491E2963401E30
:20B81C006863EBB905F18800012111F0C3F913E0306844680022202904F00F044260CCBF6A
:20B83C004FF0200A8A46404651460EF07DF8CAF120008145C8BF8146494640460EF058FBCE
:20B85C00EC7740460CF098FA706A18B10246214640469047B80910D3AF6A77B140463946BC
:20B87C000EF0B6F8A862AD6A3DB996F820000549095C4046C9190BF097F9BDE8F087C04673
:20B89C00C4130200D013020038B5044686B0A07801250146012918D003292CD0062939D06A
:20B8BC000A2912D00E291CBF0F29102900F08980152918BF162979D017297DD0812975D0C2
:20B8DC00832918D0842974D080E0214611F040FC68462146162206F0A7FEBDF8040011F021
:20B8FC00F3FD040073D0002011F09AFD014660880DF040FC6BE0A088224611F025FC05468D
:20B91C00E078002863D123896289E188A08811F017FC5CE0A0880122402111F00DFC002009
:20B93C0011F006FCC0B2022821D110200FF07CFBB8B1D02101701121E27842708170A28890
:20B95C008280E188C18022890281618941810021A2898173828101461E480078FFF7D4FC17
:20B97C0035E0A0880022402111F0E6FB2FE0A188ADF80010012803D10021ADF80A1011E04E
:20B99C0080B9E088ADF8020000212089ADF804006089ADF80600A089ADF808008DF80A10C7
:20B9BC008DF80B50684611F0BFFB10E02246182104E022461C2101E02246062111F09CF803
:20B9DC0002E0204611F0A2F8054600E00025284607B030BD3D4A00202DE9F041044604F1D9
:20B9FC00500500202E68708006F17B086968487A0CF044FD2530207604F12207207EB0731C
:20BA1C00204608F0B9F9207D88F815000020617D88F8161088F81800C6F898003888401C1A
:20BA3C00388080B20BF0D8FC84F821006868417811F0030F42D1007811F07EF800283DD0C1
:20BA5C0000F1B4010878032806D1E27F930603D442F02002E27731E001280ED1E07F40F07C
:20BA7C002000E077607D40F018006075204611F09FF8204611F068F820E008B10879E8B1A1
:20BA9C00E07F00F0DF00E077A868002804BFE868002810D16868007D83280CD0617D0328D4
:20BABC000A4607D0C80648BF01F0EF02100748BF02F0F7026275204611F07AF8617D0022D3
:20BADC0001F0FE01204603F041FF0020F08606F1420094F8211001F03F010170B168628B8D
:20BAFC0001EB8201F1630021818294F84520028469684A78910709D5BA887A80A17F01F076
:20BB1C003F0141F08001A17701210184E07FC10608D5F06B7988A63100EB8100F06702203D
:20BB3C0088F80000BDE8F081F0B540688178467806EB01260178ADF15C0D092914BF051D90
:20BB5C00451D4A49096801B18847494C1F2000210C3C34F80C2F964204D0401E01F1010140
:20BB7C00F7D10C341F297ED00AA80021302208F0F6FBA77801212FB1A068067800F1010C58
:20BB9C001EB954E004F1080C08260022134658101CF8000002F00407384100F00F070009CB
:20BBBC0010D3B7F10C000CD0401E08D0401E04D0401E14BF2978102104E0082102E0062175
:20BBDC0000E00221F8081DD2032F0CD0022F06D0012F01D02FBB2AE015F8017B0EE06878F6
:20BBFC002F78AD1C08E0E8782F7807EB0067A87807EB004768782D1D07EB00270DEB0200DB
:20BC1C0087620EE00DEB020007F00B078562BF1E05D07F1E14BF0D4405EB810501E005EB8D
:20BC3C004105761E02F1040203F10103AFD10C9800900D9F01970E9E02960F9D0395109BF2
:20BC5C000493119A059212990691139F0797149E0896159D09950B9B0A9A6168102021F069
:20BC7C000041FEF717FC17B0F0BDC046C8480020D00802002DE9F8434D480278012A1CBF75
:20BC9C00032A112A40F092804A4F3878002111F0F7FB040039D004F15008D8F8040040789B
:20BCBC00810740F18380D8F80060C00604D5B06C016801F1080524E0706F016801F108050E
:20BCDC004FF49669287C03280FD8DFE800F002050B084FF4EE690BE04FF4C46908E040F66C
:20BCFC00E86905E041F6F03902E000200EF070FDF06B4844F06394F845000228A8BFA6F8EB
:20BD1C006200062011F0B8FA00284FD0D8F80400017EC80740D50B2010F02CFC040037D0F0
:20BD3C0013202070062239786170A91C2878C0F38010A070E01C10F04BFAE87B00F03F00EF
:20BD5C006072A97B802918BF81290FBF7F211A4A1078091AA172E11CA07811F0E9FAA0B1CD
:20BD7C00164F3968E01C11F0DFFAFF280DD01E213A684843135C43F00203A37006223968D8
:20BD9C004B1C1918E01C10F023FA2146062001E000210E2011F06CFAD8F804004178C80657
:20BDBC004CBFB06C706F016800200871BDE8F183C80F0020D50F0020C90F0020680F0020BC
:20BDDC002DE9F84F8146D9F80040D9F8047094F82360B4F814A0D4F810B090460D465EB19A
:20BDFC00A168434810F06AFA002818BF6FF001007BD1012084F8260084F8218000262560F9
:20BE1C004A463C483C49E6610FF07EFA3978272010F068FE51465846062203F0BBFC002822
:20BE3C0057D13749091F086820F00200086094F82000042806D133484C3800684069014626
:20BE5C00272088472D4F4FF0020B4FF0805AC7F8FCB2DAF8FC0140680146062088470AF5B0
:20BE7C00FE7A38BB58460EF015FAB8F1020F4FF0010005D0B8F1040F18BFB8F1060F01D19E
:20BE9C00314600E00421C7F84C11E968C7F85011C7F8546184F82400DAF80000AA68E96834
:20BEBC00036968681C460B46A047484609F0BCFCBDE8F88F4020386080253D6094F8260039
:20BEDC0020B10B4810F054FE84F82660C7F8FC6207E094F8260020B1054810F049FE84F837
:20BEFC0026604FF0FF30E061E069BDE8F88FC04654620020986600200D5401000444024096
:20BF1C0088470240FC010010F8B58AB004460D4602A84049202206F087FB282CA8BF122089
:20BF3C0076DA3D49087808B1212071E03B4841F629020026028046804060002282606300EA
:20BF5C00067B06F0600606736633467B837306F0F00646F0020646738023C3730F27304EAF
:20BF7C00304B4661836132603771012777712E4FB760552737737773B7733261012DF77B54
:20BF9C0007F0F00747F00107F77304D0022D0CBF0125022500E000250026057442744682B1
:20BFBC00002780251A805F809E809D719A601F4A13681C70FF2315686E701468A3708023DB
:20BFDC0012689680D68013720A220A700C21184A118041F2A40353804FF6FF74154954609D
:20BFFC000A6148604FF40163134C144A14480B80CDE900264E808E60CE604E6102AA256819
:20C01C00006855F85C6F0F4BB0470F49088000200BB0F0BD74140200C80F0020940B00208B
:20C03C00AC0C0020E40D002029417671440F0020580E0020500C0020200F00200200008064
:20C05C001C0F002089080100880F00202DE9F0470646880FC0F08E8000200AF061FA46483F
:20C07C0010F060FA454C40F60A09A4F8009000256580207B05F00F0120F00F0001432173A3
:20C09C006560607B4FF0010808F00F0720F00F0047EA00013046617304F0DEFED6F808A0AD
:20C0BC004A462146D01F574600F1010C00E027467C6834B123889A4203D0984218BF9C45E1
:20C0DC00F5D179607A7B2E4C05F00F0322F00F0213437B73D4F8983033B1DA6812889042A2
:20C0FC0023D06046904220D0338FF3B1F56306F13802558096F8440005F00F0320F00F000D
:20C11C00034386F8443096F8450008F00F0320F00F00034386F845304A60487B05F00F061F
:20C13C0020F00F0046EA00054D7310F029F81548A06294F8310080B91348006801684046A7
:20C15C00884701280FD0787B08F00F0120F00F00014379730D4EA66205E00CF081FC0028B9
:20C17C00FBD00CF00BF8504610F0DCF9514640460EF012FFBDE8F08701010E041867002073
:20C19C00B031002065360000E0010010497401002DE9F04385B004460E4691461F4608F0E8
:20C1BC0032FB05004ED16A46012104200EF008FD70BB9DF80000FF2818BF484517D1484559
:20C1DC0026D1B9F1010F18BFB9F1030F20D1062101A808F0C0F801AA062106200EF0F0FCAC
:20C1FC00B0B90622394601A80FF04AFC80B90022002140F20940FAF7D1FC054600220021E2
:20C21C0040F21A40FAF7CAFC054318BF1E2057D1DFF8B48088F80090B9F1010F12BFB9F1EA
:20C23C00030F384606F042FD284D2E70062010F07FFFC1B201B9287825490870204610F04D
:20C25C006FFF05003BD101A8002100220023002680E84E0098F80000002818BF012802D1CD
:20C27C0001A900200EE011F0E7F81022FF210FF089FA012808D101AA102102200EF0A0FC9C
:20C29C0010B901A910F048FF11F0D2F8102200210FF078FA01280FD101AA102103200EF033
:20C2BC008FFC48B91022FF2101A80FF06BFA18B901A9012010F030FF20460BF093FB28464F
:20C2DC0005B0BDE8F08300BFA90F00203C4A00203D4A00202DE9F44F054686B068888B46F6
:20C2FC0010F04EFF4549841E0878A4B288B144498D4204D02022294641480FF069FF414E36
:20C31C000594414FDFF8F480DFF80091DFF800A117E005F10806F3E7BBF1000F49D1638917
:20C33C00BAF80020D9F80010688810F0F1FE002883463ED130884FF6FF71884239D0401CB3
:20C35C00308005983989801E884232DBBBF1000F2FD104A80090337971883088721D11F059
:20C37C0053F8040025D0608930802146BDF81020688808F0FBFC8346D8B928790599D9F82F
:20C39C00003003908A1E92B2002002920190CDF800A0BDF8102068882146FCF73DFB8346F8
:20C3BC0098F800000028B7D0BBF1160FB4D1002021E039895846C1B17A8891FBF2F13980AF
:20C3DC0098F8000050B10E4C217904F1080011F08FF82022002120460FF004FF68883946FD
:20C3FC0010F092FE38B1162005E032880100069908BF0A200A8007B0BDE8F08F396800201C
:20C41C00C8640020D0640020380C0020080F0020840F00202DE9FF4105466E68AF680C4632
:20C43C0010F05AFB3178012903D110F0B5FF002080E00121317010F0AFFF207870706078EF
:20C45C00B07060687060A068B060E068F06020693061207D3075607D7075A07DB075A069EF
:20C47C00B061207F3077607F4FF0000843467077A07F3363C6F82080B0771C46746274636A
:20C49C00B462B46386F82C4086F82D4086F8A84186F8A941786804F099FD284604F0AAFE3B
:20C4BC00284609F055F968460FF084FF3A7B06F16C00B9680192214A00956B460CF0EDFC19
:20C4DC00684610F05FF8396902911D49009506F188006A460BF028F8B07830B906F1C400F5
:20C4FC0021460EF049F917483061707830B906F58A7021460EF040F91348F060684610F0CC
:20C51C002BFA01948DF8004006F5B2700F4902950A226B460CF004F9B969FA6906F13C00E6
:20C53C000FF0C3FE0A4A06F1580004212B460EF0F7FA28460090BDE8FF81C04651B70000C6
:20C55C00DB61010033CA010001CA01007182010071C601002DE9F84F80460D462868DFF8AF
:20C57C0024A1D8F80040D8F804700689D0F804B0E168914650460FF0A1FE0028CDF80090AA
:20C59C0018BF6FF0010074D148464FF0000960723A49656142464B46C4F804903648A37018
:20C5BC000EF0B2FE3978272010F09CFA31465846062203F0EFF8A8B9334E4C3E306840695F
:20C5DC000146272088472E4F4FF0020BC7F8FCB2F06C406801460620884750B14020386073
:20C5FC0080263E60504610F0C3FA4FF0FF30BDE8F88F58460DF04EFEF06C95F82010C269C3
:20C61C0028699047F26CDDF800C095F8200095F821101368BCF1010F4A4608BF01229847A7
:20C63C00E869C7F85001C7F85491A869C7F85801A96959B1F06C076968684A461346B84710
:20C65C00F06C806901461148401E8847207A042804D030680069014627208847F06C0369EC
:20C67C00E969EA68A8681C460B46A047404609F0E5FBBDE8F88FC046986600203D62010001
:20C69C000444024054620020FC010010030000802DE9FC4706467568D6F808802F780FB14F
:20C6BC00AF6B1FB14FF0FF30BDE8FC8729630024EC77171C6C631BD005F13C0910F00CFA9D
:20C6DC008246694648460CF02BFA002820D4504610F062FE9DF80000296B0870686B296BFE
:20C6FC007F1E00F10100686301F101012963E5D169786A6B286B0129A0EB0200286305D12D
:20C71C00E868296B0346304698476A6B144659E0AF63D8F80010086B40F400700863D8F8CF
:20C73C000010886B40F4FA608863504610F034FE05F5D4700EF0D8FF687805F5D47768BB3E
:20C75C0010F0CAF995F82D1069B1696B59B1A96B49B1AC6310F020FE05F5D4700EF0B4FF0E
:20C77C00686BBDE8FC8710F017FE696805F58A7630460FF0A3FD0028F2D0AC6330462146D7
:20C79C000FF09CFD0028EBD038460EF09DFF1022696B286BEA77401A2863E1E710F09CF9AE
:20C7BC0095F82D1061B1696B51B1A96B41B1AC6310F0F2FD05F18800012110F0EBF901E042
:20C7DC0010F0EAFD2046BDE8FC8770472DE9F04F05468846ADF1140D1C46D5F808B00E9956
:20C7FC000092DBF80400019108EB0401884238BF6FF003047BD3404E30684FF0FF310FF021
:20C81C005DFD3E48019F01684FF0000978081CD23846CDF80C90800827D334B33046DBF8CC
:20C83C0000200099066823464244491E521E11F8010F12F8015F054085421CBF6FF006041C
:20C85C00301C52D15B1EF2D10FE034EA010701EA040202D02A480068121801EA08012846D3
:20C87C000AF046F9002803903CD1DBF800500BF0CDFC27464544DDF800A0029002E0BF1BFB
:20C89C00B244AD1997B1082F8CBF08263E1C10F023F904902946324650460FF011F8814672
:20C8BC00049810F079FDB9F1000FE8D002980EF0EBF9B9F1000F12D10198C00812D38CB13E
:20C8DC00DBF8000000994044491E401E10F8012F11F8013F9A4202D1641EF7D102E04FF0EC
:20C8FC00FF3003900448039C006810F041F9204605B0BDE8F08FC046846700208C6700206A
:20C91C00886700202DE9FE4F0CAF1D468B465FEA02083E78009014BF4FF0804A4FF0005A8C
:20C93C0010F0DAF80324DFF804910190BBF1FF3F14D1D9F8A81000980FF0FCFD58B9D9F81B
:20C95C00AC1000980FF0F6FD00280CBFD9F89870D9F8AC7008E0D9F8A87005E000985946CF
:20C97C0000220CF061FC0746002F59D097F8330030F07F0053D04C46D4F8A800B84219D00E
:20C99C00D4F8AC00B84215D000982A463346394606F08CFB002842D094F8240001283CD088
:20C9BC0094F82400042838D0214904F1E00010F0F1F832E0D4F8A800534600220CF052FCC4
:20C9DC00D4F8AC00534600220CF04CFCB8F1000F14BF184818480EF04FFAB6B1D4F8A80057
:20C9FC0000224FF080730CF03DFCD4F8AC0000224FF080730CF036FC3869C4F8D80094F8D7
:20CA1C00DC0040F0010084F8DC0035B1D4F8981000982A46334606F049FB832400E00424D1
:20CA3C00019810F0B9FC2046BDE8FE8FB03100200200004001000204010001042DE9F04F4F
:20CA5C00ADF1140D02921D460191DDF83CB00E9C009010F041F8464A6FF001084FF00109FD
:20CA7C00002392F840A2039009FA03F616EA0A0F6FD0B5F1FF3F18BFAB426AD1D8B20FF0B8
:20CA9C009DFB002865D0877A002F62D192F84012B14382F840124F468772009D437292F81C
:20CABC0042120560491C82F84212019E06722E4F4760017A074601291ED0022924D140F201
:20CADC000361018290F90930C17C5B1D21F00F0103F00F030B43C3746379817C63F3C7013A
:20CAFC008174C17CA37963F34611C174C17CE37963F30411C17407E00A20388297F909004D
:20CB1C00401DB874A0687861BBF1000F08BF002012D09BF801009BF8001097F90960134C7C
:20CB3C004FF6FC75800040EA4110711D40EA012005EA000144EA0100B861029800B17860F4
:20CB5C00506808B93868506008F02AFD97F9098002E05B1C032B87D3039810F01DFC40469D
:20CB7C0005B0BDE8F08FC046E3B2010001000406B03100202DE9F84F494D8146686910B1CC
:20CB9C008047002857D0002055D1012085F83F0095F8317095F83260E8686A460423790350
:20CBBC000FF0F3FE009810F4403F03D095F83500002840D038460621F8220EF09DFE009A8F
:20CBDC0005F13004B800F82300EBC700001900F1180802F0FF0088F80030702803D03846D6
:20CBFC0070210DF0C7FAE86871036A4604230FF0CCFE009800F0FF00FE2803D03046FE2151
:20CC1C000DF0B8FA30460621FE220EF075FE4FF0FE0BB00000EBC60004EB000A001900F16F
:20CC3C00180484F800B0B8F80400A5F84200FDF7ABFA102802D10020BDE8F88FB9F1000F54
:20CC5C000CBF10204846B5F84010C1F500518842CCBF78217C2130460DF08CFA384603F036
:20CC7C0085FC68700621FC2230460EF045FEFC20207085F8327085F8316085F83360BAF8A8
:20CC9C001C005946E88638460DF074FA002085F83500E88EC0F5005000B2BDE8F88FC04635
:20CCBC00A443002070B504460FF014FC484DC5F814010FF017FCC5F818010FF01BFCC5F8B1
:20CCDC002801B4F5C061C5F810117CD095F8300168B9C5F82C11D5F81801C5F82001D5F8B1
:20CCFC001461C5F81C61D5F82841C5F82441D5F82C01D5F81461002854BF02236FF0010312
:20CD1C002C4604F59072116800EB4000C018431000EB937001EBA0011160D4F82011C4F816
:20CD3C001C6100291CDD1E293DDDD4F8240130B93429B4BF15391E21C4F8201125E02A295B
:20CD5C00BABFD4F820010B381E20C4F82001D4F81C013E28D4BF401C3F20C4F81C011FE07E
:20CD7C00D4F82401032812D011F10A0FA6BFD4F820010B300120C4F82001D4F81C010028E2
:20CD9C00CCBF401E0020C4F81C01032009E011F1140FA6BFD4F8200115300120C4F82001CF
:20CDBC000020C4F82401D4F81C010EF09BF801200EF0BCF8D4F820010EF0A6F8D4F824018F
:20CDDC000EF0C6F870BD002085F8300170BDC046E83A0020FEB50568446868460FF06EFE26
:20CDFC00444E434FDFF804E195F82C00DFF8F8C095F82D3095F82E203168385C49681EF836
:20CE1C0003701CF80230D4F800C0AA6A07433B430F4601996046B84740F2F2712068374BA2
:20CE3C00354A416494F8541094F855002768595C105C08437863E069411E06D1A06AFF285B
:20CE5C001CBF386B40F4004002D1386B20F40040386331B9E06AFF281CBF386B40F4804092
:20CE7C0002D1386B20F480403863F86A40F01000F862386B40F001003863E06B90B3A06BAD
:20CE9C0080B30FF029FEB96C21F00101B96410F083FAD5F8D8014168E76B0968CF62D5F83B
:20CEBC00D8014168E36B0968C1F80435D5F8D8017268E16B40685268006891FAA1F1B1FAC5
:20CEDC0081F1134602229847D5F8D8017268A16B40685268006891FAA1F1B1FA81F113467F
:20CEFC0002229847FEBDC046E713020048140200F6130200D0010010EC130200F113020005
:20CF1C00F8B5424C2168C87A10B910F0F9F862E03F4D404E0020688010F0B2F900F6C4105C
:20CF3C0000900099306A0EF0CFFA00281CBF706A00280BD000990EF0C7FA38B10098A8608A
:20CF5C0021680868BDE8F24001F0F8BBA87B27280CBF2520401CA87340F6C41221682E483D
:20CF7C004F6997F809C003780CF0050EBEF1050F37D15FEA8C7704D59B1C03F003031F46F6
:20CF9C0002E083F001035F000370009BCB60AB60FBB223BB2F746B74AB684D69007805F135
:20CFBC000C0700013D5A02FB053232621B4A107888B1887A022818BF03280CD1184D2868BC
:20CFDC000D3010F07DF930B928682368C11D0622181D0FF0FDF8BDE8F140F8F771BB20231B
:20CFFC00D8E71B0107EB030C0C37BCF80AC0FB5A634502D1009FAF60CEE7CB6802FB0C3CCD
:20D01C00C5F808C0C1F80CC0C6E700BF540F0020E8640020BC0A0020D90F0020880E0020EB
:20D03C00680F00202DE9FE43464C94F84201002875D13C483C4E4FF00108027B3368416800
:20D05C0084F84281814684F84121C3F38147C4F86C11AFB9D9F8100090B156F8085C0FF0DE
:20D07C0063FB64210246C5F306604143B1FBF2F22E49002304F194000BF052FB0FF022FAB1
:20D09C0068460FF069FC00252F4604F10C0001956B468DF80070264902953A460BF040FBCF
:20D0BC0068460FF059FC04F15000082201956B468DF800701F4902950BF032FB1E4A04F123
:20D0DC00D80032213B460BF0E8FE1D4A1B4F04F1F4002C212B463D600BF0DFFE306899F891
:20D0FC000D30C0F381501BB1032803D184F83981032806D0022804D0012802D10BF070FCF0
:20D11C0006E0386840F04000386002200DF0C2F856F8040CC00802D228460DF0BBF8002054
:20D13C00BDE8FE83D4110200B44F005031C90100FDCB0100BD8901007DAC01009022084044
:20D15C00CD450100E83A00202DE9F04705460E46924680281EBF402800200DF039FB3C49D7
:20D17C00487850B33B480078002110F089F9040004BF00200DF02CFB802D21D1616D4878FA
:20D19C00C20604D5A27B012A18BF042A1FD000F01402042A1BD0C20606D5A07B20B9887CDC
:20D1BC00022818BF032816D0487810F0140F04D1887C022818BF03280DD00020BDE8F08740
:20D1DC00402DFAD1244801684A69107808B9012402E00128F1D100240027204DDFF88080A9
:20D1FC00DFF880901BE08879504502BF0B783078834213D148787278904202BF8878B2789F
:20D21C0090420BD1C878F278904202BF08793279904202BF48797179884217D07F1C99F8C0
:20D23C000010F8B28842C8D20EF06EFF014648790028F3D0002C01F59471D4D18A79D8F8B7
:20D25C0000000FF0E5FF29788842E7D20120B5E7780E0020D60F0020540F002045680020F3
:20D27C006C0F0020D40F002010B53448006808B10FF070F93248006808B10FF06BF93148B3
:20D29C00006808B10FF066F92F48806808B10FF061F92E48406808B10FF05CF92C4800687B
:20D2BC0008B10FF057F92B48006808B10FF052F92948006808B10FF04DF92848006808B104
:20D2DC000FF048F92648006808B10FF043F92548006808B10FF03EF92348006808B10FF0D9
:20D2FC0039F92248006808B10FF034F92048006808B10FF02FF91F48006808B10FF02AF9CF
:20D31C001D48006808B10FF025F91C4C2168086810B108680FF01EF9206808B10FF01AF953
:20D33C001748006808B10FF015F91648006808B10FF010F9BDE8104006F01DBE500F002078
:20D35C00540F0020440F002078670020780E0020C0670020340F0020CC670020980E002053
:20D37C009C0E0020A00E0020A40E0020A80E00206C0F0020700F0020680F0020DC6700201D
:20D39C00400F0020BC6700202DE9F041454C05462078002800F08280B4F9B600B4F9B41016
:20D3BC0088421DD004F1980128460E460DF007F970B9D4F8A81028460FF0BCF828B906F1A7
:20D3DC00080128460DF0FBF801E0D4F8A80038B1B0F930100A224FF0E043284602F000FCB9
:20D3FC000FF07AFB804604F1B8000168A94219BF00264660002606602078401EC0B22070AE
:20D41C0000283BD194F82400656002280ED108200CF06AFC40460FF0BFFF05F150004FF0EC
:20D43C00FF310EF04BFF0FF057FB804604F1E0000FF0AAFB04F160000FF04CFB04F58E7036
:20D45C000FF0A2FB04F17C000FF044FB04F5AC700FF032FB04F5CE700FF02EFBE16911B1B9
:20D47C0004F14800884704F134000EF08DF80C480078012802D10D2003F058FA606805F1E0
:20D49C005007854208BF666040460FF085FF38460FF06CFB05F1B8000FF00EFBBDE8F0810C
:20D4BC00FE120200B0310020F8B53C480178012407296FD13A49087810B100220A700FE0AF
:20D4DC00384EB078FF280BD072684FF4D0714843111888790EF0AEFF20B1007BC10701D5D8
:20D4FC000120F2BD304D31483149286031480A68B37802EB43135F88078017F47F4FF6D0E2
:20D51C002D4A2E494FF40066BF1B1CD00A3F012F1DD940F6F636BF1B032F84BF7F1F012FA4
:20D53C0009D940F2FF36BF1B05D07F1E012F0ED9FF1E0CD020E0107D28B39068401C00234B
:20D55C00906013821FE041F2014058801BE04FF4A0565E8041F608030088984213D1D0680D
:20D57C00578A401CD060108A401C83B2BB4238BF3B465382108206E000200DF029F9852051
:20D59C000FF07AFF29680E4829600121007802F031FD00E000242046F2BD00BFC80F0020FE
:20D5BC0048680020780E0020480F0020756B0210980E00209A0F0020E8660020A15300007F
:20D5DC00C70F002070B5424DA98A05F1FE000646ADF1300DAA7D018005F19C01801C0C460E
:20D5FC0005F022F80DF044F83A480FF03DFAA88AAA69B0F57F4017D0401E02D0C01E35D06C
:20D61C0048E0247803A80021202206F0A8FE0DF037F900283ED04FF4C04003A922460DF0C9
:20D63C006FFD2646D8B910E0247803A80021202206F095FE0DF024F960B34FF4004003A9E6
:20D65C0022460DF05DFD264648B9304600210CF01BFCE86803A922460FF0BAF903E00020BF
:20D67C0001210CF011FC0EF0B3FB13E0304664219047062000210CF007FC207864260090FA
:20D69C00164D0196144C029629782068002202A30DF064F90CB070BD53657420706F776542
:20D6BC007220746F2025642064426D2073697A656F66284843495F484F53545F434F4D4D29
:20D6DC00414E44293A2578202020257800C046C03C2C0020F44700201C4800203048002099
:20D6FC002DE9F04780468946C0B20EF00DFD06465FFA88F00EF09EFE074630684568707980
:20D71C0010B9FF20BDE8F087387CC0F34000002863D136484178012940F6C41408D1344822
:20D73C0001680A7890451CBF00200DF051F856E0B9F1FF0F14D05FFA89F00EF0E5FC0068E1
:20D75C00D0F80480A968D8F80800728E04FB02110DF0BAFE002842D1A968D8F808002CE081
:20D77C00404606E041464846FCF77CFB484518D048460BF0D5F88146B9F1FF0F2FD05FFA00
:20D79C0089F00EF0C1FC0068D0F804A0A968DAF80800728E04FB02110DF096FE0028E1D0FE
:20D7BC001DE0DAF80810A868728E04FB02000DF08BFEA0B1A968DAF808000FF0D5FCB969A1
:20D7DC0060F31E01786921F0004220F000439A42B96102DA60F31E01B961002092E7708E3F
:20D7FC00B969444364F31E01F6E700BF780E0020340F00202DE9F84F0E4607465FFA86F973
:20D81C00300824BF3A484640DFF8E8A04FEA8908394C5AF8081007F4E02507EA0602B5F50E
:20D83C00E02F04EA020486EA010007EA000021EA0701C0F3006044EA010401D1610E14D3E6
:20D85C0007F4E021084310D004F4E020B0F5A02007D0B0F5803004BF24F4003444F4A024F1
:20D87C0003E024F4803444F4C0242448012505FA09FBC0F800B00FF02FF95146220A414455
:20D89C004A70230C8B70220ECA700FF085FD1C4CDFF8708020682946002501FA09F4044214
:20D8BC0018BF0D1C35B9F80D04D34146C6F3805001F80900380E0DD30FF00EF9310E34BF12
:20D8DC000021211C0E4A1268A24311430C4A11600FF062FD35B1F80D04D34046C6F38051CC
:20D8FC0000F809100548C0F800B0BDE8F88FC046006000A000100840007F077FE020026055
:20D91C00D020024000200240F8B5424C3E4DD4F83C01002850D03B4E401E0AD0401E42D00F
:20D93C00401E0AD0401E35D0401E08D0401E16D013E0012102200D4604E0022100E0032121
:20D95C000125002084F83A110BF06AF8356004F150000FF0B9F82846F8BD0320F8BD002696
:20D97C002E606E6028688008FCD268688008FCD2294826490127001D06600D200F6002F00A
:20D99C00D5FF02200CF06EFCC4F83C6184F83B610220F8BD0520C4F83C0100273760306853
:20D9BC008008FCD22BE00320C4F83C010027376030688008FCD222E0154E0F20C6F80B00C5
:20D9DC0042F62A20C6F80F000BF010FC0120286029688908FCD394F83971C6F81B001FB954
:20D9FC0003220021104602E0002129630322C4F83C0146F8012C696068688008FCD2002048
:20DA1C00F8BDC04658600C4054600C4004800C4001400C40E83A002038500C402DE9FE4361
:20DA3C003E4C0646A01D008881460EF00DF8DFF8E480394F08280BDB38784746401CC1B200
:20DA5C003868002222A30CF089FF0020BDE8FE83A51922352978FF291BD148460DF0F4FF11
:20DA7C000546082D01DB0EF0A2FAFF202C492D4A00900023CDF804901020FCF70BFDC0B2E0
:20DA9C0018BBE800012100EB0510001980F8B3111BE0C10001EB00110919B1F89C010BF01C
:20DABC005FF82978E08800230A460BF017FC1E48006850F83600009038784546401CC1B283
:20DADC00286800220EA30CF049FF0120BDE8FE83436F6E6E656374696F6E2068616E646C05
:20DAFC0065206973206E6F7420696E2074686520636F6E6E4C6973742021212100C046C02D
:20DB1C0050485920707265666572656E63653A20257300C01C48002030480020B8360020DD
:20DB3C005545010089BF0100946100202DE9F843092986B0064617463FD196F824203988CB
:20DB5C007888521C491E86F824204143786889B2425C08444178307B02EB01240128A4B294
:20DB7C0039D139887888002548431FFA80F93D80A846C8452FDA7888D7F804C0B17C431F99
:20DB9C00C4449BB20CF1050206F113000FF02CFB70B1A84506D078687A8800EB08014019CD
:20DBBC000EF016FB788839884519491CADB23980788840445FFA80F8DBE738790A2818BFCD
:20DBDC00062802D196F8240090BB96F82400401C86F824007C884FF6FF70844218BF002CFA
:20DBFC0026D0308A844223DA307B641C0128F48112D1ADF800400222318AADF802108DF8EA
:20DC1C000420032128228DF805108DF80620694630880FF071FA04E0308806F10E010FF09F
:20DC3C006BFA307A47F2305106F0FEFC162000E0002007B0BDE8F0832DE9F0413B4E0546EF
:20DC5C00B0780EF061FA0446B0780EF0F3FB07462068D0F80480287880281EBF40280020FB
:20DC7C000CF0B6FD32480021017041708170C170017141718171C171017241728172C17266
:20DC9C0001734173C17301618022827329486968007802F08BFD707802280EDBD8F808000C
:20DCBC00B9690818A0F5965060F31E01B961A0797178884238BF08F089F9002C1EBF1E4E4D
:20DCDC00F069002830D01D490868A1792C235943425C012A18D1A96941F42031A961052251
:20DCFC00A47913FB04F31844D021C0690DF0C8FF0622D42106F110000DF0C2FF0020012188
:20DD1C0086F82000F1740FE0A86920F42030A8610522D02100200DF0B3FFBDE8F041062292
:20DD3C00D42100200DF0ACBFBDE8F081780E0020980C0020CA0F0020A4640020BC67002066
:20DD5C002DE9F04391460A68D9F800401678804600271D463846ADF1140D242E02F10102A1
:20DD7C000A6058D11678521C4C2E0A600ED1AA68E41C24F00304241D54F8040C41460FF0E5
:20DD9C00B7F92968EF600127091A2960462E1AD1E41C24F00304241D54F8040CE41C02905A
:20DDBC0024F00304241D54F8040C002741460390AA68ADF8047001A80FF096F92968EF600C
:20DDDC000127091A2960532E25D1E41C24F00304241D54F8040CE861C9F80040288B009097
:20DDFC00A968EA69D8F800004B460FF079F9D8F80040002744B1A9688142D8BF481ED8F804
:20DE1C0000100918C8F80010D9F800402968EF600127091A2960662E0BD1298B012904D0FE
:20DE3C00E41D24F00704083403E0E41C24F00304241D1FB9E9690E700127EF60C9F800400B
:20DE5C0005B0BDE8F0837047F8B58AB004460D46164602A83349202204F0E6FB282E0DDAC8
:20DE7C00200018BF012C09D128000BD02E488078012D05D0022D18BF062D08D012204EE0A3
:20DE9C00C10706D5294F387828B1212047E00007F8D4112043E0284605F020FD24480078CF
:20DEBC00002102F083FC04F0F7F8760006F66216B1B2012004F01CFB1E4940F60800002291
:20DEDC0008804A80496000208860012C0A7B1A4C02F060020A734A7B02F0F00242F002025B
:20DEFC004A730CBF03220A228A730023134A4A610B828861CDE90033C87C114B00F0F00026
:20DF1C0040F00100C87402AA0B20387025680D4855F85C6F0068B0470B49088000200BB0E9
:20DF3C00F0BD00BF34150200C00C0020C80F0020CA0F0020B00B0020200F002029417671B7
:20DF5C00890801001C0F0020880F00203F482DE9F04F001FADF1140D00F1A80100F1980B29
:20DF7C008046029100F1AC0103914FF480400EF0B7F8E8B14FF00450D0F89813D8F8046077
:20DF9C0090F88503C3F38857C1F31501C0F38002C1F31501B8050143B06841EAC2716A46D0
:20DFBC0001F0F3FED8F80400816801200CF0F4FF002702260DF10409234D049759F8044F8D
:20DFDC00236883B3206880690EF08AF882462068002352460BF046F91AF00A0F08D1BAF187
:20DFFC00000F20D0206847F48047C8F8B0001AE020681449AB688069014023EA0100A860DA
:20E01C002068C1692A6822EA01002860216810200CF0C2FF21680BF108000CF097FE0498DB
:20E03C0047F002072060761EC8D127B108F1E00039460EF0AFFD03F0E9FEFBF7C5F905B0BE
:20E05C00BDE8F08FFDBFFFFF0C100440B43100207FB53848364908600CF0C8FA4FF08055F4
:20E07C00D5F8D801344C036801210A4620469847D5F8D8014268012120469047324C04F11A
:20E09C00100005682D4802680023D90750082A600143D007801A99414FF47A72002304F04E
:20E0BC0025FD002908BFB0F1004F28BF6FF000406860234D0026042005F1240141F80C6F6B
:20E0DC00401E8E60FAD105F160010620401E21F80C6BFBD106F07CF92A691A480392416838
:20E0FC0001910368009381680291684608F0F8F84FF0FF30314608F001FB206000F066FEB5
:20E11C001249122005F076FF12200DF085FB104CC0B2207008B909F0FDFA0BF0C1F82078E2
:20E13C0008B10BF0ADF90EF0D7FF304600907FBD5C490020299B000000400340241402000D
:20E15C00304000208C1102001C48002002400020B83600202DE9F04715468046287A0C461E
:20E17C00ADF1180D00F03F01E8880E9F6FF39F2040EA0130A9889946172C6FF39F2141EA57
:20E19C00003A5FD3324EE41F40466A46A4B2214604F060F99DF80B1088083DD348083BD287
:20E1BC002A7AEB8819F00F0018D0401E12D0401E07D0401E18BF042047D1009850450DD03C
:20E1DC002AE09DF80800904226D1BDF80600984204D021E09DF8080090421DD197B109F0AB
:20E1FC00F00010280ED1BA89BB686846002108F00FFB78B9F988B868BA88401839680CF0BC
:20E21C006DFF38B968460EC80EC503C885E8030000201AE09DF80B10C8080BD3BDF80E00B8
:20E23C00844204DC2146404609F076FC02E0241AA4B205E00020FEF79DFC96F83380F48EF8
:20E25C00162CA0D80020A8810A2006B0BDE8F087A44300202DE9F84F074615468A46E8B22D
:20E27C000DF052FF0446E8B20EF0E4F880460FF007F8002C81461EBF002F6079002809F6B3
:20E29C00C41963D0206846687F68B06849460EF06BFF504506D3B168B86850440DF014F9E1
:20E2BC0001280CD1E089B4F86211400888424BD2207C002848D198F81B00C00944D12846B1
:20E2DC000AF02EFB0546CDF8009003E028460AF027FB0546FF2D39D0E8B20DF015FF06467B
:20E2FC00E8B20EF0A7F881463068D0F804B0DBF8080000990EF038FF504507D3DBF80810ED
:20E31C00B86850440DF0E0F801281FD1F089B6F862114008884205D2307C18B999F81B0093
:20E33C00C009D3D098F81B00C0090DD1A0790AF0D3FDE189B4F862214908101A814203DB6B
:20E35C00A079012109F0F6FE012000E00020BDE8F28F70472DE9F0410D460446287B266866
:20E37C00676801280CD0296868688969806881421ED1A8688068A0EB4100012818D11BE0EF
:20E39C002868016803290AD069688069896888420ED1A9688968B1EB400F09D10CE069688A
:20E3BC0080698968884203D1A9688968884203D06FF00800BDE8F08120460DF019FC00280D
:20E3DC0018BF6FF0010037D12B7B1C4933B968682A684068926904F089FF05E068682A6823
:20E3FC004068926907F054FA35616FF0200070604FF0000886F80280012030752968096825
:20E41C00012918BF04200F4970750D4822460CF07BFF397813200EF065FB0B4880F80080BE
:20E43C0002200BF037FF094800680069014613208847204609F056FFBDE8F0810062024094
:20E45C00B46600203D160100154A0020B00100102DE9F047344F814657F80C0C15468846AB
:20E47C00800824BF31483860334E3149DFF8C4A0002034680860DAF80000A16927208847B8
:20E49C002F4C2E4804F13002116823460840106003F17800006820F48070A0673068016BCB
:20E4BC004FF4806088473068016B4FF4816088473068016B4FF4C06088472249012008602D
:20E4DC00C4F88081206057F80C0C800805D2B5F1FF3F08BF4FF040453D60DAF80000E069F6
:20E4FC008008FCD3072008F065F90228FAD1B9F1010F13D0306A144D81682846884704284D
:20E51C00F8D0012804D1306A4268032128469047D4F8180220F00300C4F818023068806B1A
:20E53C008047BDE8F087C0461C000940FD0000400C4009402C200940B8010010FFFFFEFE47
:20E55C000C2008402820086000400340F8B588B007460D4616461022002168460DF042FED9
:20E57C00374C2068002848D0C288BA4204BF0178002942D14178062927D1C1780A0733D445
:20E59C0000F1480200F1280104AB08300EF0A0FD002832D138460EF097FF04002DD0E06A00
:20E5BC0018B91C200DF0DEFFE062E06A28B30EF08BFDE16A887604A9E06A827E68460DF080
:20E5DC0007FEE06A102269462DE0806DA8B1112913D1028A96420DD100F1120108222846A0
:20E5FC000DF04EFA012805D10EF06EFD02462068816D17E032200EF063FD38460EF064FF0E
:20E61C0004001CBFE06A002814D0018A8E4211D100F11201082228460DF032FA012809D1A4
:20E63C00E16A8A7E68460DF0D3FD694638460EF043FD02E038460EF03BFD012009B0F0BD68
:20E65C00740F00202DE9F8431D463B4B089C1B68C3F340689B0E15D20388A3F6020343B18F
:20E67C0041F21E069B1B04D000F11A030B60C06903E000F112030B604069106000202860E6
:20E69C00206056E00388A3F60203F3B141F21E069B1B17D041F6E6769B1B05D0876AC36AAB
:20E6BC0090F82460BC4603E0D0F820C0436A002600F11A070F60C1691160C5F800C02360B6
:20E6DC00007E0DE0466A836A01E08669C36900F112070F60416911602E602360C67B007CB8
:20E6FC0000F00707286888B140F203714FF6FF7205230CF09CF98146B9F1050F06DA304647
:20E71C00394606F0C3FA296841F82900206880B140F203714FF6FF7205230CF088F90546B3
:20E73C00052D06DA3046FF2106F0B0FA216841F825004046BDE8F88394120050F8B58AB00B
:20E75C00044602A83249202203F06EFF1CB900200CF03EF85AE02F4D2F48304E304A44609C
:20E77C0000212B68306853F8487FB8476168087B00F00F0002280CBF88680EF081FD6169AA
:20E79C00A06009B120468847606800880EF0C4F908902449087D78B1487D022818BF0128C1
:20E7BC000AD1606800880EF0B3F928B101788DF8241040788DF82500616888680DF022FE25
:20E7DC00A069002141F0E243CDE9000361682C68306854F85C5F144B02AA6FF00106A84788
:20E7FC00124C6FF00205B04218BFA842208006D101200CF049FEB4F90000B04203D0B4F98C
:20E81C000010A94202D101200CF03EFE0BB0F0BD14160200200F0020786700201C0F002088
:20E83C00FC420020E866002089080100880F0020FEB53B4C206887684268C06800280CBF31
:20E85C000021012102F001007F1E4FEA52020144F8D1241F2069012904D8012100220DF01B
:20E87C006FFF04E00121002223A30CF077F8A6680225B6F1FF3F08BF227833D06268906875
:20E89C0029466D1C0FF27C0CEDB2B04210D01069F300C7581FB9C0184068026803E01069C1
:20E8BC0050F836703A46002F14BF17A017A001E01A4A6046022908BF0FF2540C00900192FD
:20E8DC00CDF808C0206913A301220CF047F8701C0BF028FB22780646B6F1FF3F02D09542D4
:20E8FC00CCDBFEBDAA4205DD2069521E2946D2B20DF026FFFEBDC0463C204E657874204999
:20E91C0074656D0000C046C02000C0462B00C046203E00C025732573257300C0D8120200E6
:20E93C003448002070B58AB004460D4602A82F49202203F079FE282D09DA20000BD02C48AE
:20E95C008078012C05D0022C18BF062C08D012204AE0C10706D5274E307828B1212043E039
:20E97C000007F8D411203FE0204604F0B7FF2248224C0078002101F019FF03F08DFB6D00E6
:20E99C0005F66215A9B2002003F0B2FD1C4940F60700002208804A804960002088600A7B80
:20E9BC00184B02F060020A734A7B02F0F00242F002024A7302228A730B6148610022C87BD0
:20E9DC00114B00F0F00040F00100C8730C203070CDE9002225680D4855F85C6F006802AAC1
:20E9FC00B0470B49088000200AB070BD74150200C00C0020C80F0020CA0F0020200F00206B
:20EA1C00200C002029417671890801001C0F0020880F00202DE9F0410EF032FC364D8046ED
:20EA3C00286800281DBF354E30780028002061D029680A68107A002841D13278022A3EDBCC
:20EA5C0008460AF021FE0DF085FD3078411E317035E00DF0A4FF296809684B6DD3F803705F
:20EA7C0027F07F4740F6C4135F434FF00B0C90FBFCFC0B2303FB1C0080B24FF47A640A6907
:20EA9C00604317FA80F082180A610AE00868827B012ADED10EF0F4FB29680A6800F57A6041
:20EABC001061307802280ADB2868C16800680A68006911690CF008FD08B107F089F82868DA
:20EADC000168096940460CF0FFFC00282968DDD10A68107A0028ABD0506D094B02781A70A7
:20EAFC000868016D00698860296808684168026D4A60006DBDE8F081D06700204468002062
:20EB1C00D50F002070B5324C0D46A80850D2E8085DD30125042065700BF0BCFB2D4800683F
:20EB3C00006B8047A060606804F198060146306870B10069064649B18E4207D0B16AC908EA
:20EB5C0003D3436A042100229847757631466160486821490078086002200BF09BFB1020F0
:20EB7C0002F034FA1D48007884F8245010B90D2002F02CFA60684168886808B9C86810B16B
:20EB9C0017480DF0CFFC17490720002608601649174B0E60154D4E600A68A36245EA020036
:20EBBC0008601A200DF09AFF19200DF097FF70BDFCF716FD204600F1A001096811B906F0D9
:20EBDC00EFFC70BDE03045F002010DF0E3FF70BDB03100208C010010D0210840FE120200C4
:20EBFC005100070600000460141004400240004069C000002DE9F0410E4635490546087840
:20EC1C001746984608B912205FE0002128460EF037FC040008BF342057D0300002D0012E34
:20EC3C0008D01BE0606D417801F01201022926D0A06D04E0606D4178880720D5E06D0321CE
:20EC5C004170A0F803703100C0F8058002D10DF04DFF01E00DF04EFF072801D1182034E0DA
:20EC7C0068B91C4F3868011D11F83520500711D5206E01210170206E0DF03AFF08B11E20B7
:20EC9C0023E03868011D001D11F8352002F0FB0200F83520396801EBC5000179CA0704D56A
:20ECBC00320008BF01F0FE0105D08A0704D5012E02D101F0FD0101710749087820B10022EA
:20ECDC000A70FF20054908700020BDE8F08100BFA70F0020B00E0020A60F002064020020B5
:20ECFC002DE9F84F88463549354F0546887816460DF0A0FB82463868002855D0B888B2796C
:20ED1C0090421CBF4FF6FD7188424DD130894FF0FF0928B9B879C10748BF4FF0010B0CD483
:20ED3C009AF81D10B879012904D1810748BF4FF0020B02D4FF2837D1CB462248007B0DF0F5
:20ED5C0019FC040030D02570B0791F4960800A68B079115C217196F89601607196F97410D5
:20ED7C00A171A4F80880B6F81C0160813189A1823068016984F81CB08908A1610DF082FB61
:20ED9C00050004D184F80C904FF0FF3008E0297821730EF075FA0146A8680EF0E5F98008B2
:20EDBC0020612046396888479AF81D00012804BF00218AF81D10BDE8F18F00BF780E0020EB
:20EDDC00800E0020E4480020D46700202DE9F047ADF1900D0DF080FE2D4A1178002952D173
:20EDFC00114601240C700EF0D7FAFEF71BF9082002F0ECF820A80DF0DDFA4FF0FF3021906E
:20EE1C00254A2448102120AB0AF047F82348244990F800800B7800274046054683421BD3B8
:20EE3C00DFF880A08600A1460DEB0600041FDAF80000315821F0FF0044F8040F880807D20E
:20EE5C00E8B201F001010DF02DF909FA05F007436D1C361D9D42EAD91549134C4FEA8800A8
:20EE7C00C0EB830201F1D003121D1F600DEB0001001903F0D9FB0D49086820F4F85040F4A4
:20EE9C000050086001E00EF087FA24B0BDE8F087454A00206066002091760100E3100200BC
:20EEBC00E41002008C1202000010084000300940002002402DE9F84304684668D4F8D8114D
:20EEDC00E079D6F83480D1F80490C00862D3E06E00285FD1E06CA56C00272D1A07E0006821
:20EEFC00C1B204F1440009F0D9F97F1C6D1E30688169490901D2002DF1D11FB104F174008A
:20EF1C000DF036FE04F1440069460AF03BFFE066E06E00283ED0E07900F07F00E0716079CC
:20EF3C0030F0010005D13069E16E4008884238BFE066E06EB0F5806F84BF4FF48060E066F9
:20EF5C0000990918491EC8F80410134FC8F80870D8F80810451EA80541EA9041C8F808103A
:20EF7C00F06BD9F80010012390FAA0F2B2FA82F203FA02F08861D4F8D8014168F76B0968E0
:20EF9C008F6234680DF0A8FDA16C41F00101A1640EF002FABDE8F8830180000C2DE9F843E9
:20EFBC000D4600272878022814461E4663D168680178DDF82080407801EB00205FEA08022A
:20EFDC0080B204D0B0F5285F0ED00B2056E04FF42851401A08D0401E24D0C01E2AD0A238B2
:20EFFC0043D0233841D046E0DDF82490E8680DF0C5FD80B2A0EB08024A45BCBFA0EB080054
:20F01C001FFA80F909EB0800162809DAA6F800904A46E86800EB080120460DF0D9F82CE0E3
:20F03C000D272AE0E8680088022131802070000A607022E0E868B0B10821318002882270B7
:20F05C0003881B0A63704188A1704288120AE270818821718288120A6271C188A171C088C8
:20F07C00000AE07109E0308007E001213180E8680278227001E0378001273846BDE8F28312
:20F09C00F8B58AB002A82C492C4C202203F0CCFA207808B121204CE004F020FC2848294D27
:20F0BC000078294601F082FB02F0F6FF41F62A000021288069806D6040F6C410A860802264
:20F0DC00297BEA7301F0E00141F0850129730123697B1D4A01F0F00141F002016973252642
:20F0FC006621A973002719496961AA610B808E70CF7048604F72087A00F0FE000872CF60A9
:20F11C00CB7A134803F0F00343F00103CB7217800D21217029460F4C0F4A256800680F4B11
:20F13C00CDE9002755F85C6F02AAB0470C49088000200BB0F0BD00BFF4140200C80F0020F6
:20F15C00CA0F0020940B0020AC0E0020040D00201C0F0020200F0020010000808908010023
:20F17C00880F0020F8B505462868416D4A78D10648BF40F6AC5465D4066D448B4CB9307C84
:20F19C00C0F380010023872200F003000EF024F90446286800F1440104F2DC540A695378D1
:20F1BC009A0728D4808C60B94A8802B9362296F84400C0F38001002300F003000EF00CF96D
:20F1DC003DE04A78012A14DD0A7896F84400C0F38001002300F003000EF0FEF8296822468D
:20F1FC008C8C91F8451004F59B74491E01FB042425E0241826E024300023C27F96F8440099
:20F21C00C0F3800100F003000EF0E6F80746286844304178012914DD027896F84400C0F3AB
:20F23C008001002300F003000EF0D6F82A6892F84530214607F59B745B1E03FB04140419A0
:20F25C0000E03C19AC80F1BD2DE9F04F0E46304910202EA2ADF11C0DFBF71CF92F4D304C9B
:20F27C005FFA80F805F11800076804F1140BB3450BD0B44246D12B482B4F0078C01CC1B27C
:20F29C00386800220DF05CFA3CE017B1A8690AF027FC4FF00F0A18FB0AF00DF025FCA8619F
:20F2BC00002804BF0020E0612CD01A4E0821074600254FF6FF794FF00108E16136F8180F4B
:20F2DC00814504BF08FA05F2002115D03288124910206B46FBF7DEF80DF1020008F04EF98D
:20F2FC0001465246384603F09FF9606A08FA05F1002240F835700F3758460BF0D9FC6D1C0C
:20F31C00082DDBDB07B0BDE8F08FC04600C046C0BD8801003C380020F9DC0110B836002071
:20F33C0048610020304800201C4800202DE9FF4106464FF41670ADF80800ADF8006000258A
:20F35C00ADF806504FF4C870ADF802004FF44870ADF8040030460CF077FB29490A68294996
:20F37C000978082829DA284FC40004EB0014E419D4F8A4010EF038F8D4F8A40104F5CE7833
:20F39C0018B10AF0ADFBC4F8A451D8F8040008B10AF0A6FB1D4910206A46FBF77BF8C0B2F0
:20F3BC00112811D10C200DF09FFB011C0CD038460E8130300BF0CAFC06E01046491C04A3E4
:20F3DC002A46C9B20BF0CAFA0090BDE8FF81C046436F6E6E656374696F6E2068616E646C75
:20F3FC0065206973206E6F7420696E2074686520636F6E6E4C6973742021212100C046C014
:20F41C001C48002030480020B8360020A59601102DE9F041344D364CDFF8C880334F064623
:20F43C00012E38D101200CF097FE012833D098F8380100282FD128684646C0F3814080B9E0
:20F45C00386970B10CF090F80A200DF025FB3846006901460120884706F194000DF034FB2E
:20F47C0001E00BF0F7FC0121286886F83811C0F3814010B91037386848B90DF0DFF98009A5
:20F49C0005D28020A060206840F08000206003200AF000FF23E016BB06F0CAFA286845465C
:20F4BC00C0F3814060B9386950B105F194000DF00DFB0CF049F8386910B10146002088479D
:20F4DC0095F8380158B12068802720F0800020600320A7600AF0C6FE002085F83801002024
:20F4FC00BDE8F081E83A0020B44F0050D4110200902208402DE9F0411646884604460DF0AC
:20F51C00EBFA074631488325B8F1090F36D8DFE808F0554A4744402917053C37044694F8F6
:20F53C002400E8B9D4F89800D0B9316804F1E0000CF012FC316804F58E700CF00DFC3FE0D1
:20F55C00044694F8240058B9D4F8980040B9316819200DF0C7FA31681A200DF0C3FA2FE0FB
:20F57C0000252DE0306828B1012807D180200AF0BBFB25E080200CF059FA21E003251FE05F
:20F59C00202031460BF008FD1AE031781048017016E031681030016012E03088A0850FE03E
:20F5BC00308860830CE0012026696369607606F16000206103F16000606101E03068206070
:20F5DC0038460DF0E9FE2846BDE8F081B0310020F03300202DE9FC47324FDFF8CC80DFF811
:20F5FC00CC9004463868804731490A68A2180A60D8F800108847D9F80050002D42D000269D
:20F61C000094386880478246BDF802000024002804BF9DF80100002807D128799DF8001069
:20F63C00884202D3401A287106E06868009981423ABF401A68606C60A88860B9E88860B951
:20F65C00E86800281CBF298900290AD0A87A00F0D1FCE8686860A88808B9E88808B12889C4
:20F67C0038B92868002E0CBFC9F8000030602C4600E02E462D68D8F80010504688471CB92E
:20F69C00002DBED1BDE8F387A088002804BFE088002803D12189A07A00F0ACFC20460CF03E
:20F6BC0059FFEDE734400020384000200C680020106800202DE9F84307467D68BE6890462B
:20F6DC000C460DF009FA814630682B78026B02F4807203B11AB148460DF05EFE56E005F5CF
:20F6FC00B2700DF0F3F92C620024EC776C623168086B40F48070086348460DF04DFE05F298
:20F71C00A9100BF0F1FF414638460AF061F905F2A919A862A8B93846414607F045FAA87851
:20F73C00D0B9A96805F1C4000CF0C8FDE8B1AC621020E8773146284604F05CFA05F2A91083
:20F75C0022E00DF0C9F93268916B41F0200191630DF022FEA87810B12046BDE8F883A9685B
:20F77C0005F1C4000CF0AAFD10B9686ABDE8F8833846414607F018FA1020AC623146E87733
:20F79C00284604F037FA48460BF09EFF4FF0FF30BDE8F8832DE9F0478846154681460021A8
:20F7BC002022ADF1200D684604F0D9FD4046103808D0083804D0083814BF0026032602E0AA
:20F7DC00022600E00126012404FA05F7274D4FF0805000F5D87A2F60D0F8B00141692720FC
:20F7FC008847C5F87C430321C5F88013C5F8FC42C5F884136868B04218BF6E60B8F1180FA8
:20F81C0045F8047C1CBF41464E4606D168464946182202F009FF6E46202130460AF094F9DF
:20F83C0020460DF01BF9D5F88C036FF39D000028F6D0D5F88C636FF39D06C5F88463DAF8B5
:20F85C000000016A27208847DAF8000001692720884716F0404F04D12868074218BF00207F
:20F87C0000D1204608B0BDE8F087C0460444024070B58AB004460E4602A82B49202202F082
:20F89C00D3FE282E03DA200018BF012C01D0122047E0264D287808B1212042E004F01EF8C1
:20F8BC0023480078002100F081FF02F0F5FB760006F66216B1B2012002F01AFE1D4940F6C2
:20F8DC000800002208804A80496000208860012C0A7B194C02F060020A734A7B02F0F0024E
:20F8FC0042F002024A730CBF03220A228A730023124A4A610B828861CDE90033C87C104BB8
:20F91C0000F0F00040F00100C87402AA0B20287025680C4855F85C6F0068B0470A490880DC
:20F93C0000200AB070BD00BFD4140200C80F0020CA0F0020B00B0020200F00202941767190
:20F95C00890801001C0F0020880F00202DE9F047804608F1480517460E46AA68B00702F131
:20F97C00AC0408F12A0918D5E968487810F0030F04BFB9F81C1000290FD1286868B992F89B
:20F99C00920000F0FD0082F892000622EB6803F10C0120460CF01CFCA41D300708D5B9F844
:20F9BC00161004F8011BB9F81600000A04F8010BF00608F1210A18D5B9F800109AF800308A
:20F9DC003329E9688A7DB4BF40200020511E03F03F031843C9B2C7F30C07207047EA4137E4
:20F9FC0067703F043F0EA770E41CB00604D52146404607F062F9123470060ED50849094B5B
:20FA1C00C86B416908689AF8082002EB820281561A6892F9040041182170BDE8F08700BFA5
:20FA3C00D4150200400F00202E4A2DE9F04180462F4C5068800806D2106804F14D01000C71
:20FA5C0040F0F000087029484FF001214FF08057C0F8041407F5F8760088D7F8F00195688B
:20FA7C00214F016828468847A80E05D2680E03D3207840F0020020703068426829464046EA
:20FA9C0090471F48F4300068C0F305313970410A39BF402184F823104021E174800900F06C
:20FABC00380040F46050A7F85C0030688168284688471049104A0AE0105C9478131D84424A
:20FADC0099BF184410F8010C18444078086008684B689842FCD10228EED108490120086038
:20FAFC00BDE8F081AC4F00500EB00C4000A00C400962084000600C404413020094046042A1
:20FB1C0018130050344880B503784260012B01D0CB0852D2DFF8C4C0080925D248090BD2FB
:20FB3C00880958D361461278087802F0010200F0FE0002430A7080BD92F850702FB161468C
:20FB5C00491D087800F0FE00087092F851703FB161460878400903D2487900F0FB00487158
:20FB7C0017200BF03DFE80BD92F8507077B161460023022F01F1050108BF0123087840F0BF
:20FB9C00010000F0FD0040EA4300087092F851707FB16146087840090BD20022012F08BF95
:20FBBC000122487940F0040000F0F70040EAC200487117200BF022FE80BD012101701D2026
:20FBDC0030210BF045FE1E2031210BF041FE172034210BF03DFE80BD484900201449002083
:20FBFC002DE9F8430446994690460E1C44BF0020011C5CD40CF0CAFF054631468022204670
:20FC1C0009F012FB071C04D097F8331031F07F0106D128460DF048FA02200021BDE8F88371
:20FC3C004FF0E0400A2107F1200640EA090941EA080896E8030008EA000019EA010608BF45
:20FC5C0000281CD028460DF02FFA07F1200003C804F1B00604F1B00508EA000809EA0109B1
:20FC7C0086E8000395E80C0007F1200696E8030007F120059943904385E8030014E00D484A
:20FC9C00B968884203D0B968C4F8A810B86004F1A00080E8000328460DF006FA04F150002D
:20FCBC004FF0FF310CF00AFBB03494E80300BDE8F883C04679610100F0B50646356895F839
:20FCDC00550014460F46ADF1140D002856D0E86CA96C884298BF6FF00F0054D90CF009FBD2
:20FCFC0030B90CF06FFB002808BF4FF0FF3100D00021286C0CF09DFE012818BF6FF00100BF
:20FD1C0041D1286C0CF01EFE38460021224604F026FB05F12000012107F083FC019702970E
:20FD3C0005F13000049405F120010090286C039169460CF081FE071C17D1641E05F120004D
:20FD5C00210907F06EFC002130460A4603F0E8FB0746286C0CF0FBFD286C0CF0A9FE57B923
:20FD7C00A96C0020491CA9640DE0286C0CF0A0FE17F1080F05D030460BF05AF86FF010007F
:20FD9C0001E06FF0110005B0F0BDF0B50E460021ADF1140D0191029103911446049103AB65
:20FDBC0002AA04A9009101A9FEF74CFC8325310824D2E0B1039F87B10499C6F3150271B185
:20FDDC00019840F22B21028038460AF0F1FD0298049904F0B1FE039826E0C6F3150240B1CC
:20FDFC00019800884FF6FF71814202D132E0C6F31502019802806280102029E0002829D042
:20FE1C000399A9B10499C6F3150699B101984FF6FF720280084632462B210AF0C9FD0298D8
:20FE3C00049905F0D2F9049815212180606012E0C6F3150670B102982B2132460AF0B8FD22
:20FE5C00FF2807D001984FF6FF71018066601420208000E00325284605B0F0BD2DE9F04100
:20FE7C0004462D480D46C179880616461F4650D52A49487801074CD5200004D057EA06000F
:20FE9C0004BF01260127DFF8988098F80010C1B108200BF0C9F800283BD0912101703E2299
:20FEBC000C23042E08BF0326042F08BF032742708370C47085808671C771014698F80000CD
:20FEDC0023E011200BF0B0F818B301210170FF22427000F10801416004220A703E234B70A7
:20FEFC0006228A704D710C22CA702D0A0C718D71CA1D511C042E08BF0326042F167008BFF6
:20FF1C0003270F70014607480078BDE8F041FBF7FBB9BDE8F08100BF280E0020200E002019
:20FF3C003C6800203A6800202DE9FE4FDFF8C08098F8410200284FD0002501212C4698F842
:20FF5C00412201FA04F0104203D1641C032CF6D342E098F841221020A040104218BF0D1C1E
:20FF7C000CF0BAFD98F841221121A1408A4388F841220DF011FAE0B20CF020F960B3877A39
:20FF9C0057B390F9099019490768012D446851F82960019710D0017A02290DD100F110019E
:20FFBC0091E8000C00274FF0805317EA0B0703EA0A0108BF002901D104F014F9012D04D097
:20FFDC00009600224FF0006303E000224FF00073009201984946A04798F8410220B108F5B2
:04FFFC008E700021E2
:020000040001F9
:200000000CF0D6FDBDE8FE8F94300440B03100202DE9F04180462A482A4D06780F465FEAC4
:20002000086132D504200BF00DF8040008BF042043D04FF6FF70208067800CF037FC224955
:20004000FF280FBF4E78096980190E5CFF2EA4F10C0707D120460BF0B2FB286850F8081FB6
:20006000884710E04046FBF729F9FF21B97201462D68D5F80080234600223046C047E0B11A
:2000800020460BF09CFB012017E0B04514D20F48016888470E4A116831F818301F4321F829
:2000A00018700C490A68904729680B4851F8242F00689047002000E00320BDE8F08100BF63
:2000C0004F1402001C4A002044480020344000202C68002038400020E867002070B50024F1
:2000E00008380528264D4AD8DFE800F00F150306090C4FF4001039E04FF4801036E04FF46D
:20010000002033E04FF4802030E02868C10336D54FF480302AE01B4C206880B31A49086868
:2001200008B10CF0CBFF02200CF0C4FF2068174E0CF01EFA30680CF01BFA00202060306085
:200140002A6890031BD5124908780CF019FA040008D01049104B0A7822704FF40030597AB6
:20016000617003E00CF0A2FF4FF000400B490B682BB10B490A682146BDE87040184770BDFE
:2001800010020020D40E0020D00E0020D80E00206C020020AD0F002020020020E40E002069
:2001A000E00E00202DE9F0470F46814638780026022890461D4652D17868089C01784078B7
:2001C000DFF8A4A001EB002292B24FF42853D21A06D0521E27D0A53A3FD0233A3DD03EE055
:2001E000F8680CF0D9FC80B2A0421AD3611916291CDAFB682A46414618190BF0F7FF2D195C
:20020000F868ADB2C5F11602002140190BF0F8FFDAF8000000281CBF0268002A20D000216B
:2002200018E007261CE01CB9022D03D00D2617E00B2615E098F8000098F8011000EB012237
:20024000F8680280DAF8000000281CBF0268002A06D001214846904702E0032600E00126E4
:200260003046BDE8F08700BFFC5C00202DE9F84304460027002C894644D02C4D2878884201
:2002800040D3227912F0E00F3CD120460CF0DAFF012837D12978DFF8988089454FF4D0765F
:2002A00007D04F46D8F80420FBB273431A44507940B3D8F80400F9B2714308444279012AFC
:2002C00031D1F8B20BF02EFF00F177032A78197911B11978012902D0597E012903D19145B1
:2002E00007D03A200CE001680B78802B0CD0914508D12878F9B2814201D28145D9D000204F
:20030000BDE8F2831220FBE70021625C4318491C052983F86120F8DB818EC91DA0F89210E4
:2003200001210DF09FF87F1CE3E700BFD40F0020780E00202DE9F0470646894609F094FC49
:2003400020B10020C9F80000012051E010200CF017F9040047D0274F26603968264E002908
:2003600004BF3078002808D13C60E4600CF096FF00F5385000F1E0082EE0307801284FF428
:200380007A650ED10968086900F5FA5A0CF015FB00F00F083868E06015FB08A83968CC60F4
:2003A0001AE00868006900F5FA580CF006FB00F00F0015FB00883D6800E00546E868026805
:2003C000106941460BF08EF818B9E86839688842F3D1E868E060EC603078401C3070C9F80B
:2003E0000040404604E000210E200CF04FFF0020BDE8F087D0670020446800207CB50546DF
:200400006868044661682D4E8A78497801EB022142F2A0028A421ED0521C8A4205D0017894
:2004200002293DD1FBF78EFB39E01D2000210BF01DFA1E2000210BF019FA1D20314603F06B
:20044000E7FD1E20314603F0E3FD1D2000210BF037FE002114E01D2000210BF007FA1E20F5
:2004600000210BF003FA1D20314603F0D1FD1E20314603F0CDFD1D2001210BF021FE0121E1
:200480001E200BF01DFE60684178009180780C4E0190306805A300210A460AF06DFA686831
:2004A0000CF0E7FA284609F029FB7CBD6F70636F64653A202578257800C046C00060002047
:2004C0001C4800202C4870B5001D0568B5F1FF3F08BF00250BF0F4F905283AD127481D4EAB
:2004E000002410380460306C806C80471A48006820B11A4800682846FFF7A4FA20481849AD
:20050000184D983804600A686FF35B4245EA0200086015490868C0F30130012806D10A6814
:200520001248104040F400320A600860104D0124EC613068016A1420884712492C390868D4
:2005400040F4E02008600B492C6008680028FCD170BDFEE7B0010010800128438005204313
:20056000482003400000390128000940EFFFFCFC000024430C00684218130050940460426D
:20058000242208402C2009402DE9FC412D4C05466069002710B1804700284CD0002F4AD11B
:2005A000E068226A69030CF0F4F9002841D40C2004F1300815FB00F02618404417300178FA
:2005C0003036FE29AEBF0121491CC9B20170009840F0FF0061F31F2019496A4604230143D7
:2005E00000912846394607F0DBFC607038B9A800FF2100EBC50040448175032444762846AD
:20060000FF214FF0FF323B460AF048FA2846FF214FF0FF3201230AF041FA2846FF214FF069
:20062000FF3202230AF03AFA1020B083FF24347602E0012700E00B273846BDE8FC81C04644
:2006400000000F96A443002070B5284C2078092818BF0A2801D0212070BD40F201400CF0D5
:200660006DFE2078224D09280CD1224A224813680188998028780AF04BF8002100200CF0ED
:2006800091FD2FE00A282DD11A481C4E026833887188B088CB18C31893807188D180B17926
:2006A000802918BF81290FBF7F21154B93F90000091A11721349087838B1002288680A70BF
:2006C00008B10BF055FF0CF03DFA308801210CF069FD002003F010F92878002100F074F86A
:2006E00001F0E8FC0020207070BD00BFC80F0020CA0F0020440F0020AC0E0020E40D00203B
:20070000C90F0020606700202DE9FC410C0005461646984605D05FEA080018BFB8F1010F60
:2007200001D0122045E024480188914204D28A200CF0C4FD30203CE028460CF0B3FC010006
:2007400037D1E8B20BF0EEFC1C4F0546387820B901200CF0A3FC07202BE01948016888474C
:200760003A781849531E3B70D1F800C0E047B5F88E01B0420AD23246214628460CF08AFCC1
:20078000010016D1204606F089FE07E0102000904346F2B2214628460CF078FC0BF080FEFC
:2007A000296800780A78824204BF28460CF06AFC0020BDE8F68100BF32680020D30F0020A0
:2007C0003440002038400020F8B506460C460CF05CF9074630460CF0CDF905462648C16BE7
:2007E0004A69116807EB8707394400914CB3C16B086D20B122466946304603F0C3FCF5B9E1
:200800004FF6FF70608200991C484A57052A0ADD816AE161E069009AD2F80110890241F0E7
:200820002B010160F1BD416AE161E069009AD2F8011040F22B2242EA81220260F1BD012D46
:2008400018D1009AD2F80100D2F8012000284CBF4FF00040002021F000410143890DC2F3AC
:20086000150242EA8151064A06481368006853F8504FA047F1BD00BFD415020050640020E5
:20088000200F00201C0F002038B514461D46E00648BF01F0BDFF600548BF0AF0E3FD6003D1
:2008A0000BD50BF0DDFD012805D0F6F7A1FE012818BF0AF0E7FD24F40024200348BFFBF7C3
:2008C000E7F9200203D5002004F042FE04E0A00344BF0120F3F766FB14F0030F0DD00BF006
:2008E000C7FD012809D0F5F7B1FE012805D0FCF7E9FD012818BFFAF7DBF8200405D51148A5
:2009000090F82010491C80F82010002C48BF0BF00FFB15F0E24113D015F0045314BF01247B
:20092000002420460CF04EF8012809D0204602F0D3FE012804D02046BDE8324006F0D4BAC2
:2009400031BD00BFA46400202DE9B04304460CF0D1F828498146621892F84A01401EC7B24C
:20096000002F82F84A713ED1264800EB84000478408834F07F07804614D1E0090BD21E4862
:2009800000688069014640468847404605F020FF0228FAD121E001EB8801D1F8601100200B
:2009A00088471AE04FF08055D5F8B801006A014640468847D5F8B801806A014640468847C2
:2009C000D5F8B801006B01464046884701210B4A0B48116001688908FCD304F03F00152816
:2009E00001DAFFF7B1FF48460CF0E4FC0020BDE8B083C046E83A0020B80100102820086053
:200A000028200840880C02002DE9F84305462C684FF0FF36E6620CF06DF8DFF89CC094F8A4
:200A200030E08146BEF1040F09D16246177837B1224903204860086820F003000860204A99
:200A4000204F63691168002090469F4204D019B96246177807B10120BEF1040F4FF000074D
:200A600003D111B1624613780BB9384301D009F0E9FE94F8320028B148460CF09BFC30468F
:200A8000BDE8F88394F83000042804D0404621460AF06AF903E0404621460AF078F90120D4
:200AA00084F8320048460CF085FC01F049FF284606F07EFFBDE8F883314A00200C800240DA
:200AC0009849002080A903002DE9FF410646356877680C460CF00EF829490978012902D187
:200AE00095F8541019B10CF065FC002044E04FF0010885F854800CF05DFC002CF5D0207823
:200B0000216910308842F0D368460BF021FC217D38788DF8001069460BF02AFC2864286CE5
:200B200038B3227805F1300029460BF0BEFD05F120000021102203F020FC22782846002144
:200B400003F01BFC207810306864606885F85580E864A168E2682369304600F0B5FB002864
:200B600008BF301C08D0286C0BF08AFD30460AF06DF9002085F854000090BDE8FF81C046F2
:200B8000424A00202DE9F0470BF0CCFA294D2A68116819B1026706F0F3FF48E00024264E3F
:200BA000264F4FF00C088146396808FB04FA514400200871022238685044641C4271726970
:200BC0003868B9F87A31527800EB0A019A18921DCA80631004EB93729310A4EB830208FB8D
:200BE00002F2104408607069B9F87A1140780818001D80B20CF042FA396801F1080242F8FA
:200C00000A00386800F108015144086810B10868801E0860042CC7DB286839680160002070
:200C20002A68506029683A688A602968C8602868BDE8F087A00E0020D4150200A80E002061
:200C40002DE9F843234D244C2B68DFF8909053F8386F07468846202249462046B0472B680B
:200C60001F4E394653F8387F41223046B8472B681C4F53F83CCF41224146DFF86C801B4D45
:200C80003846E047D8F8001051F8142F284690471749C86B006C28606C60AE60EF6020210D
:200CA00048460CF06FFBD8F80020124852F81C3F0068114C294698472060202148460CF0F3
:200CC00061FB206810B1002009F090FD206840B2BDE8F283280F0020340D0020540B0020FE
:200CE000540D0020640D0020240F0020940D0020D4150200580F00205C0F0020F8B52B4CAD
:200D00002B4D217806462878491D8842A4BF002009F06CFD2178491D1C22012E1CBF082E44
:200D2000102E0DD1AB68002002FB00F45F1C3F5D012F04BF1F5DB74217D0401C8842F3DB19
:200D40000023AC6802FB03F73C44607828B92778FF2F0CD06868844209D15B1C8B42F0DB04
:200D6000002009F043FD0020F2BD1819F2BD00206060606126700120607028786978401C66
:200D800028703143C0B201281CBF802E402E697000D16C60EA7891421FBFE9700548426CD8
:200DA000002A1CBF806C90472046F2BDD40F002078670020CC420020F8B50BF0E7FC0BF0A0
:200DC000B7FB0BF049FD044604F00C000C283ED0E00822D209F0BAFD214E3768054601208E
:200DE00001460AF0CEFC31686943884215D21D4CF020B0FBF7F0291A20460CF03BF92046A8
:200E00000CF034F900BF00BF0120F9F78FFA00BF00BF20460CF026F91FE000BF00BF2009EC
:200E200017D2114D286880680146104888470428F8D0610903D2002818BF002000D1012041
:200E400008F0AAFE0A4801210160006803E000BF00BF0BF03DFE00BF00BF0BF09DFCF8BD57
:200E600024140200F43A0020D8010010004003402C200940034630B50020ADF1140D01904B
:200E800002460292039298685C7E428001880492A1F60201C9B141F21E05491B15D041F63C
:200EA000E675491B012920D8417E012C62F38201417606D0018B21F47C7141F43471018314
:200EC00013E0018B62F30911F9E7417C012C62F38201417405D0018A21F47C7141F4347191
:200EE00002E0018A62F3091101825A7604A902AA03AB009101A9FDF7B3FB50B101980088BD
:200F00004FF6FF71814204D10298049904F06BF903E00298049903F01DFE044818300168D0
:200F200009B10298884705B030BDC046B031002070B504000AD1002009F058FC06E0A97E67
:200F4000FF2220460CF012FA0120287404F16605687D002841D0687C112823D01A2802D0A3
:200F6000FB28ECD039E0297C012912D11C48A27901682C235A438B18187930B3288B401ECB
:200F8000288380B260B92221204609F0C3FD012070BD012120460BF0E3FD2874E88A28838F
:200FA000002070BD287C012813D10E4EB07848B1002184F894100120287020460CF04EF814
:200FC0000121A971F0780028D8D020460CF0CAF9BCE720460CF03EF8DFE7022070BD00BF69
:200FE000BC670020980C0020F8B506460BF082FD264D0746711991F84A01421C002881F85A
:201000004A213DD1224C04EB8604267806F03F00152801DAFFF7E8FF648836F07F0014D132
:20102000F0090BD21B4800684069014620468847204606F033FD0128FAD121E005EB8405F0
:20104000D5F86011012088471AE04FF08055D5F8B801C069014620468847D5F8B801406AF9
:20106000014620468847D5F8B801C06A0146204688470121084A0948116001688908FCD3C9
:2010800038460CF097F90020F8BDC046E83A0020880C0200B801001028200860282008408A
:2010A0002DE9F8435FEA000884B0894614461D4608BF02204AD0B9F1020FA8BF182045DA52
:2010C0000027244E1DE0B9F1010F02BF98F8050000F0C000402812D1062010FB07F02330F4
:2010E0006A46102180B209F079FD102168460CF049F9694640460CF015F9012816D07F1C68
:20110000FFB2F079874220DA306A0622414600EBC7000AF0C3FC0028D5D0316A01EBC70221
:2011200093799945CFD174B127700CE004B12770306A00EBC7010DB1887928700C9810B128
:2011400006220BF053F8002000E0342005B0BDE8F08300BF883E002030B5002200E0521C06
:20116000284C2578D3B2AB4206D231F823408442F5D101EB830030BD002030BD2DE9F0414C
:2011800086B00E4614461F46804603AB4FF6FF721B210BF0FFFF059070B3BDF80C2001927B
:2011A000FF210023029100930246DDF834C00DF1120339464046E0470546B0B97889ADF81C
:2011C0001000F10704D5009404AB42460E4908E00C99502009F02EFA0190009404AB424692
:2011E0000A491020F9F764F90546E8B228B11B2104A80CF08BF900E01525E8B206B0BDE8EA
:20120000F0810000C10F002091E20110F9C80110FEB54FF0805684684568D6F8D01120687F
:20122000C9688847216822488A6B1040886340F2F2712068204B41641E4994F8210094F8BE
:201240002020085C9A5C21681043486368460BF043FC1C4FDFF868E0D6F8D0112B7FDFF8CB
:201260005CC06A7FA87F496857F823705EF82260AA695CF820300D46206801993E433343B4
:20128000A8472168C86A40F01000C8622168086B40F001000863A07D0027FF2802D0E07D08
:2012A000FF2800D11FB1086B40F440400863FEBD0DF8FFFFCA130200D61302001012020028
:2012C000AC1302009C1202002DE9F0418046D8F8004094F855001E4617460D46ADF1300DB0
:2012E000002842D0606CB04238BF4FF0FF3042D30BF00DF830B90BF073F8002808BF4FF0FF
:20130000FF3100D00021206C0BF0A1FB012818BF6FF001002FD1206C0BF022FB626C684609
:20132000002103F02AF839463246684601F08AF9626C00234FEA920C06E09E006846A95962
:2013400037585B1C794031509C45F6D84046694602F0F4F80746206C0BF007FB206C0BF02E
:20136000B5FB2FB1404609F071FD6FF0100002E001210020A1640CB0BDE8F08170B58AB027
:20138000054602A82149202201F05CF9282DA8BF122039DA1E4C207808B1212034E06D00E8
:2013A00005F66215A9B201F0B1F81A4940F60700002208804A804960002088600A7B164B1B
:2013C00002F060020A734A7B02F0F00242F002024A7302228A730B6148610022C87B0F4BAB
:2013E00000F0F00040F00100C8730C202070CDE900220B4C0B482568006855F85C6F02AAAA
:20140000B0470949088000200AB070BD14150200C80F0020200C00202941767189080100A3
:20142000200F00201C0F0020880F00202DE9F041264D0E4629688CB0044611B9002009F053
:20144000D5F9234B234F21461C68324654F83C6F6846B047204E306880478046286869460D
:201460000AF0E8FD044639684046884714F1100F24D1202104A808F069F910B1002009F013
:20148000B5F930688047804628680023002204A9FFF71AFF044639684046884714B10020C3
:2014A00009F0A4F9306880470646286869460AF0C1FD044639683046884703E014B10020FC
:2014C00009F094F9E0B20CB0BDE8F081D8670020280F002038400020344000202DE9F04FEB
:2014E00000240D46002818BF002D85B003D013B1109F390001D1022042E00F9E0495A14652
:2015000083468DF80820039333E05FFA89FA3BF82A004FF6FF7188421EBF0BEB8A05A87872
:20152000002824D0049ABDF8381003980AF09AF85FEA00081BD0A878C1070AD5019700969C
:201540009DF808203BF82A0043460121FFF716FE0443A87881070AD5019700969DF8082003
:201560003BF82A0043460221FFF708FE044309F1010905490A785FFA89F09042C5D3E0B27D
:2015800005B0BDE8F08F00BFC10F00202DE9F84388462949914608AF1E46D8F80420BC8808
:2015A000087892F801C013783F88002542F6232203EB0C239B1A29D05B1E052B16D99B1F4F
:2015C0000BD0263B33D1072F2FD8C7F10700A04298BF84B2C919083121E0B84225DBC01B6F
:2015E000A042D8BF84B2348049680DE0D8F80C000BF02CFD80B2B84217DBC01BA042D8BF78
:2016000084B23480D8F80C10C91909E0082F0CD8C7F10800A04298BF84B2C9190F31348009
:201620002246484601F00EF803E0072501E035800A252846BDE8F883143900202DE9F041A7
:2016400006464FF08054D4F8B0013568406901461320884704F5D8743046F6F7A9FD686009
:20166000697D6F68481C17F1210F6875F4D00BF041FA0746A87840B9686810F1200F0AD1F9
:2016800038460BF097FEBDE8F0811549002008606FF007036B60002068702068406901469C
:2016A000132088472068006A01461320884738460BF080FE09F056FED5F804802F7D2C6917
:2016C000022008F0DDFD07480BF060FAA868414622463B4605463046A847BDE8F081C04626
:2016E0001C500240F4620020F0B5294C06462078ADF11C0D032848D100256846182225701B
:201700000823657029460BF019F96846294608F0BFFE20612E22294604F1300002F02DFEF9
:2017200004F13C00FF210A2202F027FE08F0AEFF3146284606F058FC04F11801E0600BF0F8
:201740002DF9226AE169B1FBF2F0C0B284F830000228C4BF022084F83000E070B2F5005F10
:2017600004D1E768B1EB403F00D317B9012020700CE084F83550FF2084F833004FF4005088
:20178000E086F6F735FE607800E0607007B0F0BDA4430020F8B5044622480D46017802267B
:2017A000052908D0062912D0112914D012291BD0132905D01DE01C4A106890F8246018E0DE
:2017C00003200BF0C5F9A0B190F8B56011E0174801680E7E0DE01648007800210BF05EFEBF
:2017E00038B190F8C06004E00BF0B0F908B190F8CA60104F3868214609F074FE08B9AE42E3
:201800000ED20D4801688847012204463A7140F201400BF093FD09490A6820469047012023
:20182000F2BD00BFC80F0020500F0020540F0020D50F0020AC6700203440002038400020DE
:201840002DE9F0470E46071C14BF002E002042D0DFF888A04FF0FF3150460AF03DFD3178B0
:20186000DFF87C90FE2910D01F4802680020FF2906D08A422AD31E2928DC59F821502DBBD1
:20188000401C16F82010FE29F1D100243C607C60BC603178FE291AD0351D4FF00108FF2991
:2018A0000ED01F290CDA08FA01F049F821707A680C49104356F824207860384607F09AFF55
:2018C00015F8041B641CFE29E9D100E0002750460BF05CF93846BDE8F087C0460462002068
:2018E00054600020007FC7673C490020F8B50646306804467568D4F83411002948D100F5C2
:201900008670694609F077F8C4F83401D4F8340100283DD02A68916B21F400619163E16B4F
:20192000490908D3A76B37B1236C304610210022B847D4F83401B0F5806F84BF4FF480602E
:20194000C4F8340100992A6B0918491E1160114F97609168461EB00541EA90419160D4F84D
:20196000D8014168AB6B09688B622D680BF0C2F8A96C41F00201A9640BF01CFDE0798008DC
:2019800006D2022008F094FCE07940F00200E071F8BDC046018000C02DE9F84305462448E5
:2019A0000E46017801291746984608D121480188491E018089B211B901200BF043FBDFF80C
:2019C000789099F80000FF2478B10C2009F03AFB48B3902101700222447045800271C78054
:2019E0008660014699F8000019E0082009F02AFBC8B1012101704470711F416002220A705B
:201A000041684D702D0A416845EA08158D704268D7703F0A41680F71014608480078BDE820
:201A2000F443F9F77FBC3046BDE8F24305F036BDB70F0020860F00203B6800203A680020EC
:201A40002DE9F04106460AF02BFD044630460BF029FB010035D1F0B20AF064FB050014BF18
:201A6000002C02202DD01848184F0168884780462078802811BF402815498A78964214D1C1
:201A800040F201400BF05AFC05F21710012116220170427021780F48402902D10E4A026001
:201AA00001E00E490160012103E00D4806804FF400613878FEF7ACFA0A490A68404690479C
:201AC0000020BDE8F08100BF34400020C70F0020780E0020480F0020A1530000C74B010063
:201AE000C24800203840002070B5254E04463068A2792C2500F11C016A43885808B10AF0F0
:201B000037FDA179306869430144886A08B10AF02FFDA17932686943505C00281EBF194BA8
:201B2000D869002803D0002353540BF00BF8A379306815FB03F52C22002128440AF060FBB5
:201B400011480078082818BF072803D1A179012202F0DDFE60790D4D40B1002161716878A9
:201B600008B908F043FE6878411E69702878401E2870C0B208B9FF20A8700021217170BD73
:201B8000BC670020A4640020C80F0020780E002038B52649087884B008B1012043E00BF035
:201BA0004DFA0BF057FC03460022002100200BF095FC00251E4C2FE0206A0622FF2100EBFD
:201BC000C50009F0EDFD28BB062010FB05F023306A46102180B209F001F8D8B91022FF2119
:201BE000684609F0DDFDA8B9206A00EBC501002388796A4600F001000BF070FC206A00EB27
:201C0000C501CA79D00605D48879012200F001000BF004FB6D1CEDB2E0798542CCDB054ABF
:201C200000211170002005B030BD00BFAA0F0020883E00204C6800204FF00452002082F8BF
:201C4000D503012082F8E903022082F82004032082F81204042082F81404052082F82F042A
:201C6000062082F82304072082F86004082082F86A04092082F83F040A2082F8E1030B20EF
:201C800082F8F3030C2082F86C040D2082F86B040E2082F8E0030F2082F85F04102082F867
:201CA0002204112082F87704122082F82504132082F8FC03142082F81D04152082F878045D
:201CC0000548C2F884040548C2F8D404A0F1D801C2F8C4147047C046394200219749002140
:201CE00038B50446206D50B9254D287A0AF048FC0028206542D02A7A00210AF081FA616DFE
:201D00004A78206DD10616D500F11802426000F13001C1610022426300F14801016100F16D
:201D200048028262016400F16802426100F16801C162426421E000F12001416000F16402E4
:201D4000426100F19C018161006300F13402426200F15403836300F174028264C16400F1B1
:201D60003401816500F19001C166C0F88010C0F8841000F1AC01C0F89410206531BD00BFDF
:201D8000E448002070B50C0018BF002A064612D0507980B190790AF05BFB05465EB920784A
:201DA00002280AD11D48016891F82400697B814201D203282FDB002070BD10280AD1032071
:201DC0000AF0C6FE30B190F8B500697B814201D2032820DB2078042803D111480168087EA7
:201DE00006E001280AD10F4801680A6892F8C000697B8142DFD20328DDDA0CE00828DAD17C
:201E00000AF0A4FE0028D6D090F8CA00697B8142D1D20328CFDA012070BD00BF500F00205C
:201E2000540F0020D06700202DE9F047254EDFF89890002501244FF0020A4FF01108E8B282
:201E40000AF0CAF9071C38D0B87A012835D197F90900113004FA00F0C14346F8041C316876
:201E60000843306097F9090004FA00F0C0B209F0EBFD07F11000002108F060FC014681293F
:201E800009D1B86918B1002108F058FC0146812908BF87F80AA081290FD0A9F1040097F979
:201EA000091090F8412208FA01F1114380F84112002100F58E700AF07BFE6D1C032DBED33A
:201EC000BDE8F0870C100440B431002038B5264C049D207022726372E171A572C8000AF05D
:201EE0004FFB2062D8B1E279D20000210AF088F9E0790AF045FB606208B9206A0DE0E279DC
:201F00001A4D00210AF07CF9E0790AF039FB286050B9206A0AF02CFB606A0AF029FBBDE87A
:201F20003240042008F062BCE27900210AF068F904F1EC000BF07EF82178062006F07EFC9D
:201F4000EFF7BAF92A68E179052008F047FE48B1E179002004E02B680A1A521E1A54401C52
:201F60008842F8DB31BD00BF883E0020E06700202DE9F34F81462148214E016881B0904663
:201F80001D4688475FEA090203D131688847022025E01C49DFF870B0009100270C9C8246D4
:201FA0005BF83700A0B9012C0CBF184B184B0F2097FBF0FCCCEB0C1E0121A7EB0E0081406F
:201FC000009800886044424689B2C0B2984740B17F1C0F2FE4DB3168504688470820BDE8D5
:201FE000FE8F02994BF837900BEBC7025046516005B12F70316888470020F0E73440002061
:20200000384000203A490020D0600020E9930100318601002DE9F0411F4C204F204D214E03
:202020002070214801703A702878C0000AF0A8FA306070B338784FF6FF7878B92878800020
:202040000AF09EFA1949086020B93068BDE8F0410AF08EBA0146404607F004FC316800201E
:2020600006E021F8308001EBC00300225A60401C2A789042F5DB05200AF0D8FF20780AF0FE
:20208000D1FF0B480AF0CAFF2078BDE8F0410AF0C1BFBDE8F08100BFB40F0020354A00201B
:2020A000C10F0020000F002039680020B4670020E1260100F8B58AB002A81C491C4D1D4C35
:2020C000202200F0BFFA0026CDE900661A482E68006856F8607F002302AA2146B847174AB0
:2020E000C2E900016188ADF80010BDF800000028F9D0B1F5A05F05D0002008F077FB892043
:202100000BF0C8F90E490F4BC8680F4C4288187802432280C868007881060C4943BF0C48AC
:202120000068400A002008700BB0F0BD94150200200F0020506400201C0F0020600E002046
:20214000D4150200C40F0020A00F0020C90F002080130050F8B505001FBF2C68002C20780F
:20216000FF283CD0012803D10BF078F8002836D12078012802BF1A4E3078012806D1194F9B
:2021800038680AF0F5F900203860307000222A6062702078144D402818BF802802D107F037
:2021A00097FD18B96978207881436970287800281FBF401E2870C0B2002803D100200B4A25
:2021C000686010706978E87881421FBFE9700848426C002A03D0BDE8F840806C1047F1BDB3
:2021E00044680020D067002078670020C80F0020CC420020DFF898C0F8B50B1C04464FF00C
:2022000000050FD0DCF898702E466FB1F868007B00F00F00022803D03F68002FF6D103E013
:202220003E4601E0DCF898606EB302B11660F168087B012500F00F00022824D1012B14D0F3
:20224000098840F60300884205D0401C88421CBF3069016901D130694169408B9CF8423229
:202260001922091813FB021103E03169888DC9680918706B08F076FC20600AF063FA216858
:20228000B1FBF0F000E0002020602846F8BDC046B0310020F0B520480127F84201D005F0D3
:2022A000EBFD204D204F214EBD4206D203CD0478A4003459401CA047F6E71D48002800D01A
:2022C0008047164D164FBD4202D210CDA047FAE7F0BD03251BE0416808300A1C2A400BD1DA
:2022E0001A1C2A40AB4305D0046804300C600431043BF9D1131C05D0047801300C700131D2
:20230000013BF9D1021C2A4001D0A84304300368002BE0D17047C046FFFFFFFF000000003F
:2023200000000000081E0200401E0200C81D020075F402102DE9F0470F4606460AF066FE67
:20234000EFF311898246202080F31188D6F80880474533D01D481E4B0068002F05D49C69C5
:202360000125BD4004EBC70401E01C180025307D01281AD130460AF045FE306C0BF0C2F881
:2023800018B1F1685868884358601869864204D0204631460AF032FE04E020685C61314614
:2023A0000AF0D2FA586828435860B760F5603464002F44BF002058610120188189F3118896
:2023C00050460AF017FE4046BDE8F08708030200FC3D0020F0B521481F4CE06000F5D26070
:2023E00020611F48ADF1240DA06006F043F9684609F0E4FC4FF4E130069003208DF81C00BF
:2024000000258DF815508DF816508DF81D5001208DF800008DF801001248039012488DF8D8
:20242000175069460490284606F068FC20212A4660600AF0D1FA0D4E706880470746214646
:20244000202248680D8014310AF0CBFAB1683846884709B0F0BDC046D4450020881800202E
:20246000ED8F0100953C010075AA0100304000207CB506462448006814460D4607236A4685
:2024800005EB46310AF08FFA9DF800009DF80010A58183109DF802209DF801009DF8045029
:2024A00001F0030140EA012026749DF80310E080891141EA82019DF80320237240EA033048
:2024C0009206120D42EAA502E2819DF805509DF80420A18041EA003102F00302920142EA39
:2024E000A50262729DF806509DF805202160962DA57202F0030206BF42F00402101C42F00F
:202500000100E0727CBDC046B0430020F8B590B004460D4608A82049202200F093F8002096
:20252000ADF80A00039040F603079DF815109DF81400ADF8087001F0F001002200F0600045
:2025400041F0010104928DF814008DF81510ADF81650ADF818208DF81A408DF81B2007924F
:20256000CDE900220D4C0E482568006855F8606F002308AA02A9B0470A4AC2E90001BDF897
:202580000A00B0F5806F05D0002008F02FF988200AF080FF11B0F0BDB4150200200F0020DF
:2025A0001C0F0020600E00202DE9F0411C4CDFF874801D4D0746202140460AF0DDFA2368EE
:2025C00053F8386F202241462846B0472368174E174C394653F83C7F41223046B847154FC7
:2025E000396851F8102F204690471349134AC86B006C20606560A66021463B68106853F805
:20260000182F0F4D9047286010B1002008F0EEF8202140460AF0B6FE286840B2BDE8F081EC
:20262000280F0020540B0020340D0020440D0020F00D0020240F0020D4150200580F002010
:202640005C0F0020002A4AD05FEA000C8B071CD1830722D1102A08D370B4103A78C978C05E
:20266000103AFBD270BC103238D0042A2CD3082A05D30C2A24BF08C908C008C908C008C97A
:2026800008C092072AD0920F22E00B780370491C401C521E22D08B07F7D1C30714D1830790
:2026A000D8D0121F12D308C903801B0C4380001D121FF8D20AE008C903701B0A43701B0ADB
:2026C00083701B0AC370001D121FF4D2121D05D00B780370491C401C521EF9D16046704749
:2026E00038B50129044606D002293CD101210AF07DFC002837D120460AF074FC08B105F028
:20270000BBFC204606F008FD1749087898B1174D6888A0420FD129791548491CC9B20AF089
:20272000F5FE297905F108000AF0F0FE20220021284609F065FD0F4D28460AF02FFA10E015
:20274000208958B12146284609F022FAA17A04F10C000AF0DBFE204609F00AFF20460AF026
:202760001FFA0400ECD131BD39680020C8640020380C0020180E0020F1B5234F0D463978BE
:202780001646A9B10C2008F05DFC04003AD0912020703E2182226170A2700522BDF80000F5
:2027A000A080A6712946E01D09F020FD387826E0142008F047FC040024D001202070FF2172
:2027C00004F1080261706260042010703E226068427009216068817082216068C170022246
:2027E00060686946001D09F001FD60688671052260682946C01D09F0F9FC0448007821463B
:20280000F8F790FDF1BD00BF3C6800203A68002070B523480278112A02D0122A3AD070BDBF
:20282000204B187800210AF039FE48B907F0DEFF002007F0DBFFBDE87040FF200AF02ABE2F
:2028400000F14C02117809B90123C372491C936811705C78E30603D4BDE870400AF086B992
:20286000037EC47D5268CB18253BC9B2A14215D21821DDB24D4390F82900565B40F601045F
:20288000A642BDE8704008BF5B1CDBB24B43D118FDF79ABFBDE8704005F0D9B870BD00BFA5
:2028A000C80F0020D50F00202DE9F84F8146002100200A46C9F800006846FFF79BFCDFF895
:2028C0007C8000264FF0FF354FF0190A34460746E0B209F081FCC8B1837ABBB1017A0126AE
:2028E000022917D04246516892F8423240694A8B0969891813FB0A1108F034F9834609F0E6
:2029000021FFBBFBF0F0854288BF051C641C032CDED300E000251FB1012E04D0012F05D095
:20292000012E04D005E00098854200D9009DC9F800503E43F0B2BDE8F88FC046B031002073
:202940002DE9F0410AF0D6F8204C80462078002650B11F480322083801688260480803D33A
:2029600007F0EEFC07F06EFF164D2868071C0ED006F0A4F9B86A796A884207D828463946F0
:2029800008F018FA3046012687F832002868217801290ED050B90F4809F0AAFE48B90A4A58
:2029A0004FF0FF30012103F029FE02E0806809F0EDF940460AF0FEFC16B1B86806F0F7FA7C
:2029C000BDE8F0819849002080A90300314A002010800240446600202DE9F04105462C6857
:2029E0006E680F460AF086F894F8311019B91C490978012904D00AF0DDFC0020BDE8F081A8
:202A0000012184F831104FF0000884F832800AF0D1FC07B9134F3878012806D17B6823B90A
:202A2000BB68002B08BF454617D084F83000F86820627868E060B868A5602061B068010A98
:202A400004D00949814288BF011C00D80749616104F13400414607F09DFE2846BDE8F08179
:202A6000304A0020E81102000100000180A9030070B5064675682248296834688A6B104069
:202A8000886394F8240110B1304601F017FE94F85C0010B1304604F00BF8304606F0DDFFFF
:202AA00018480068C068014628688847304607F0DFFE04F10C000AF01BF804F59E700AF027
:202AC00063F804F174000AF05FF804F1C4000AF001F804F5C67009F0FDFFD4F8D80108B1B3
:202AE00006F0D6FF04F5EE7008F05CFD95F84000FDF72AFF207900F0FE00207170BDC0462E
:202B00000DF8FFFFD00100108B4208BF824204D90B1C021C002100207047002B08BF002A43
:202B20000BD10B1C021C00210020002B08BF002A1CBFC943C0430AF066B8F0B51C461546B3
:202B40000B46024600200021B4FA84F6202E04BFB5FA85F62036B3FA83F7202F04BFB2FAFD
:202B600082F72037F61BB6F1200727BF05FA07F400257F42B4403EBF25FA07F73C43B5405E
:202B8000A34208BFAA4201D3521BA341404149416D0845EAC4756408761EF1D5F0BD704766
:202BA0002DE9F043224C81461D46201D2F68006816468846ADF1240D1FBB0C2000F0ECFB22
:202BC000071C16D068460021242208230AF006FA0023069749466A46ADF8103013480593DB
:202BE0000AF0F8F9386038B909F076F9384606F085FF6FF0030015E0C7F80480BE602F60BA
:202C000008E08047054638680AF02CFABE60A16828468847386849460AF02CFA38680AF0AD
:202C200025FA002009B0BDE8F083C04681C7010030400020F8B50E460546307A81061746CB
:202C40001C461DD538460AF0C1F90146012228460AF0B8F930B1607A10B1207A012801D05B
:202C60000820F2BD38460AF0D5FA030006D03146284601B0BDE8F040122218470E20F2BD82
:202C8000010609D538460AF0A1F901462846BDE8F84000220AF096B901070FD538460AF0DC
:202CA00095F90146012228460AF08CF9010009D0617A41B1217A012904D0F2BD800701D4E4
:202CC0000320F2BD0020F2BD10B5040004BF002007F08CFD1C490878052815D11B48016863
:202CE000887A012818BF03282BD019482178017062784270A1788170E278C2702179017113
:202D000062794271002010BD062807D111480168887A012815D00328E7D112E01128E4D19D
:202D20000D4800680028E0D0017A0129F9D1416D4A78D106F5D590F83E10012918BF03297B
:202D4000EFD10C2010BD00BFC80F0020500F0020480E0020540F00204C0F00202DE9F047C4
:202D60000AF09CFA204C214D206890F800A06878012600270128B9462CD0D0460EE020685B
:202D8000815DC05DF7F77CF821688A5D904208BF3746761C8246F6B209F1010968788742A1
:202DA000B8BF8642BCBF5FFA89F0052806DA2068815DC05D01F0FAFC0128E0D0404651461A
:202DC000884203D001F0F2FC012805D1FF215046FAF794FC504604E051464046FAF78EFC2F
:202DE0004046BDE8F08700BF340F0020780E002038B507F02DFA2048017805291DD0112928
:202E000038D11E4D287800210AF048FB04001CBF616D00292ED0E07A0028087E08D1C106C4
:202E200028D5294600200AF031FA0120E07231BD81061FD52946022016E0114C2068017E1A
:202E400019B1022914D00DD331BD026A51880A20414320200AF0B2F82168012008760021AB
:202E6000082001E000210B20BDE834400AF00EBA0121017631BD00BFC80F0020D50F0020E1
:202E8000500F002010B58388012442F20202991A1CD0891F012937D9891F1BD019390229F5
:202EA0001DD9891F1BD01139022921D9C91F052921D90C39062921D9C91F14D0491E1AD07F
:202EC0004DF61E42891A01291ED921E080680AF071F81BE00AF06AF80AF064F819E08168B0
:202EE0000878B0B114E08268052142F2580008E009F014FE0AE009F013FE07E08268032185
:202F0000184609F007FE01E009F006FE044600E00024204610BD2DE9F04106467468B5686A
:202F200009F0E8FD8046A06A58B928688169090907D2006B400A04D240460AF03BFABDE888
:202F4000F08104F5B27009F0CFFD00274046A7620AF030FAA97D3846FF2902D0E97DFF291A
:202F600000D118B12046294600F052FE09F0C2FD2A68916B21F0200191632A68116B21F413
:202F8000807111630AF016FA04F2A91008F0AAFB616A206A2769626A401A2062216A3B46DD
:202FA00030469847BDE8F08170B5044601200AF055F9002500B101251B4801680A7B012A56
:202FC0000CBF01200020054318480168CA7A012A0CBF01200020054301D00C2070BD144D86
:202FE000144E28787CB1012C1BD1317849B972684FF4805105F01CFB08B1032070BD0120BA
:203000003070002070BD31780029FAD04FF4805106F044FC28784FF4805105F0E7FA002033
:20302000EEE7122070BD00BF500F0020540F0020C70F0020880E002070B5214B214D19785F
:2030400001F00104C1F340010C191978C1F380010C190022A97B2539060018BF0128C9B250
:2030600001D01E2070BDE4B2012C11D0040003D1022910D04A1C05E001280CD109B9022256
:2030800009E04A1ED4B2022C05DDD0B2032815D1084670BD00221C78012595402C42F4D157
:2030A000040004D1D4B2022CF4D0521CEAE70128E8D1D4B2002CE2D0521EE3E770BD00BF14
:2030C000384A0020086500202DE9FE4F0190214800F198063768994692460D460024804642
:2030E00000E03F6897B3BD42FBD1D7F800B00198394609F02DFA18B3384600224FF0805300
:2031000006F0BEF806F10800B9F1000F00900ED0384600224FF0807306F0B2F8286998F84A
:20312000DC30C8F8D80043F0010088F8DC003046394607F03FFE0098394607F015FE641C91
:20314000BAF1000F18BF5FEA0B07CED12046BDE8FE8FC046B0310020F8B515460C4609F0F2
:20316000C9FC84461E491D488326A4B1641E2CD0641E22D0A41E19D0641E15D11030076842
:20318000002F0CBF0021F96829604768002F0CBF0021F9680FE00768002F08BF802617D01E
:2031A000D1F8A800018E12E0032611E0D1F8B8002860D1F8BC1069600AE08438007800215D
:2031C000022808BF0121297002E006480178298060460AF0EFF83046F8BDC046583200208F
:2031E000B0310020F03300201FB5142009F0C8F91F49086008681422002109F001F8002020
:20320000F2F79EFD012004F00BFB022008F03AFA032009F0C3FE042009F0BCFE052009F0EF
:20322000B5FE062009F0AEFE072000210122FEF7F1FE01200A210422002300900820FEF77F
:2032400045FE092009F020FB0A4800684468002102AA01AB1020A04700249DF808102046C1
:2032600008F064FD641C0A2CF7DB00901FBDC0462C6800201C4A00202DE9FC41844608AFED
:203280000878DFF880803F88FF2402282BD14E687578307842F6021600EB0520801B1AD097
:2032A0004DF2EF65401B18BFB0F1020011D177B9012B0AD11078CA681070C9684746002570
:2032C0008F4214BF02242C1C10E00D250CE00B250AE00A2508E0009701200190604604F0BA
:2032E000EFFA054600E00125FF2C07D04046001D006818B1016809B1204688472846BDE853
:20330000FC81C046583C00202DE9F8438846134600219F0803F0030E009108BF89461CD01F
:20332000C2189F08C446151FD41EB946931E521E2E788DF8036026788DF802601E788DF88E
:20334000016016788DF80060009E2D1F241F1B1F121F7F1E4CF8046BEAD1BEF1010F0091A6
:2033600011D0BEF1020F0AD0BEF1030F11D1027881788DF8022040788DF8010004E0027879
:2033800041781046F8E701788DF80010009848F82900BDE8F8837047F8B5041D14F0030084
:2033A0001CBF241A241D08F0BFFB1D4A054697695561112C28BFD769386800231E46010805
:2033C00021D226B9844209D93B4601261EE0196809188C42196019D81F460846DFB1116A35
:2033E000001B032807D83868091A1162386840F00040386005E0385144F000403860091B2C
:2034000011623F1D07E080F0004000263F1838680028D4D10027284608F069FD3846F8BD36
:20342000304000202DE9F0411D4D804668680E468047074609F0B6F968BBB6F5D26FDCBFFB
:203440000021081C05DDA6F5D26008F5D2614FF4D266144C616132464146E08004F5D5601E
:20346000FFF7F0F801201049A680A3680870581CA060686880470D4C804632462169606857
:20348000668009F0B3FAB0F1FF3F04BF00206080A96840468847A96838468847BDE8F08124
:2034A0003040002070180020484A0020D44500202DE9F043054620480068ADF1140D05EBD6
:2034C00000090AF02BF8071C16D009F08DFB064609F09CFD80466868012807D100246C60D7
:2034E000EF604046AE6009F085FD21E0E868874204D1404609F07EFD01201AE0384608F0F4
:203500007AFD02970024C7F818D0484669463246039406F094FDE86809F066FBB04203DA84
:20352000E8683146FEF706FF404609F063FDBC61204605B0BDE8F0830014020070B50E460C
:203540001446054600213022ADF1480D684600F014FF28460568012105F1200004F06FF841
:20356000224631462C4612B16846FFF76BF804F120000F90CDF834D004F13002CDF838D0BF
:20358000A16B0C921031206C10910CA909F062FA002818BF4FF0FF3013D1A26B284669468E
:2035A000FFF750F8A16B04F12000102221F003016944FFF747F8626C0021684600F0DDFE1B
:2035C000002012B070BDF8B50D4606462969306817460029044608BF4FF0FF3036D007F064
:2035E0009DFB002818BF061C2FD194F83F0050B1206908F0E7FA002808BF6FF0010025D0A0
:20360000012084F8400084F83D70A5610027A763286890E80D1004F1280181E80D106868D4
:20362000E06128696062A8682062E968204608F097FE3046F7F722FD061C06D094F84000D9
:2036400018B109F085F884F840703046F8BD7047F8B51C4ED6F86001016801208847012855
:203660002ED0D6F82401184DC4683C21012200232846A047002808BF002022D02F8817F011
:20368000010704D14FF00120C5F80404288830688047012F04BF4FF08070C5F804040D4ADB
:2036A0000A480B4F936901681069D161A0EB9000C91A07FB01F3190C814228BF081C1061F6
:2036C0000120F8BD8000001000A00C403020094040420F00C04600202DE9F0410446194856
:2036E000194E0278194F0125112A02D0122A1AD024E0DFF85C8098F80000002109F0CEFEFB
:20370000144A117811B10020107018E0B8B114B909F078F898B198F800100022112001F09C
:20372000F6F80D4804E014B909F06CF838B10B48386001213078FCF76BFC00E000252846CD
:20374000BDE8F081C80F0020C70F0020480F0020D50F002048680020B5A70000C3520100A9
:2037600030B5204D45EA0401ADF11C0DC1F315040021019102910391049104A9009180689A
:2037800002AA03AB01A9FAF76BFF0146019802884FF6FF7090421DD101B3039808B1049848
:2037A00040B9D9B102982B2105AA08F031F9FF2806D113E02B2105AA08F02AF9FF280DD0C4
:2037C000C4F38850059C80056FF39F54044344F0004403E0A805204042EA0004204607B0E3
:2037E00030BDC046FFFF3F00F8B50C380F461FD042F22601401A36D11B4C04F1280007F02D
:203800000AFD061C2FD0308908F02CF90546304606F074F9082D26DAB8781A2823D1E80003
:20382000002100EB0510001900F5CE70C17417E0CFB1B88808F016F9082814DA0B4EC100F0
:2038400001EB001000218019C174FE780EB9FA790275FB79427D9A4204BF8175417502D006
:20386000817D491C8175F8BDB8360020543800202DE9F04104460D46280448BF85F40040B0
:2038800030D428002DD01848016888472E468046002725FA07F0C00708D47F1C0F2FF8DBA1
:2038A00012490A6840469047B0B21BE01049114B0A88121BC2EB0212BA1803EBC2060121A2
:2038C00001FA07F7316809B170688847B9B2204606F01EFD10B930600021716087EA05064C
:2038E000DEE70020BDE8F08134400020384000203A490020D060002010B5010018BF0128E8
:2039000003D002281CBF0628002018494FF4C1520A8000234B8000224A608A600A73CA73E2
:2039200001234B738873124A124813880B82C26B114B52684A61C26B92688A61C26BD26865
:20394000CA61C26B12690A62C26B526D8A62C26B926D4A62C26B526910681C7804EB84040D
:203960000219D2F80100488210BD00BF50640020A00F0020D4150200CA0F002070B5054614
:203980001A491B480A6800684BF2F52151430C0A00F44022B2F5802F4FF0000003D115496D
:2039A0000968890C00D388B14FF08056D6F8EC010068804704F002FFD6F8E011C968884742
:2039C0002111C01000B2484304EBE034012D05D00948006820F07F402418640807480460BF
:2039E000210C41600126866070BDC04608400C40B44F00508C130050102009407C600C4042
:203A0000F8B5054609F076F81D4C064604F1DC010878A84304F1B80508702868002808BFAC
:203A2000002706D02868B83008F0BAFC002700B10127686838B1B83008F0B2FC002538437C
:203A400018BF01252F4694F8DC00A0B9012F12D0D4F8D80078B1816A89080CD3456A3046D4
:203A600009F0A8FCD4F8D80002210022A8470020C4F8D800F8BD304609F09CFCF8BDC046A6
:203A8000B0310020F8B507460024081C08BF0124002302B90123002F33D01AB197F84460C5
:203AA000002E2ED080B190F844606EB17D6B016CAD08A5EB9105394608F013FE2D1AB5F1B9
:203AC000704F04DB002D02DC012C01D019E00124BAB1D068007B00F00F00022811D1516B3C
:203AE000386C8D081146A5EB9005384608F0F9FD01262D1AB5F1704F02DB002DD8BF00260B
:203B000033431C40E0B2F8BD70B50646B5681D48296874688A6B10408863002020703046D6
:203B2000FFF7F9F9304604F035F92968C86A20F01000C862296814480A6B10400863304665
:203B400005F08EFC6868FCF7FFFE04F16C0008F0CFFF04F1880009F025F8A07818B904F18E
:203B6000C40009F011F8607818B904F58A7009F00BF804F5B27008F0ADFF04F1580007F0E4
:203B800011FD70BD0DF8FFFFFEFCFFFF2DE9F0410C46054604F1080007F0D4FB071C30D025
:203BA0002878FF26387007F1080322467E7029467C8007F108007B60FEF744FD384604F051
:203BC0001DFE071C1DD00C2008F09CFF061C15D00E4C201D006880478046B760387840B9A8
:203BE000094DA868314609F0EDFB6869082109F0F1FBA16840468847BDE8F081384605F041
:203C00007DFFBDE8F081C0465C4200203040002070B50C46064608F06DFF2268916B21F000
:203C20002001916309F0C6FB184D207D2946491E00F0EEF9A07D294600F0EAF93046817838
:203C4000012906D0C4304FF0FF3108F045FB206803E0206881690909FCD20D4D85420CBF20
:203C600010211421207D07F001FEA07D0021FF2802D0E27DFF2A00D131B121688D4214BFAE
:203C80001521112107F0F2FD70BDC04602600020001000402DE9F8431D4C6068174680472B
:203CA000A0461A4C81462FB904F108052A6800260C351BE02188E368002604F11405304675
:203CC000B1F5D26F09DA2A5C5A542E544A1C401C91B2C0B287422180F2D8A268B84205D0E0
:203CE00042B161884FF4D2609047A26812B1B8B231469047268060682946202208F071FE91
:203D0000D8F8081048468847BDE8F883D445002030400020F8B51C4D0446286818B903F0C1
:203D2000C1FA286818B116490978A14201DC002423E0144A0C2114FB01246668A7684FF0CD
:203D4000FF3108F0C9FA114831780268012908BF28680CD039682868531E0B4207D10C4993
:203D60007B6809689A4202D81940994201D0002401E00121317008F009FF2046F8BDC0464B
:203D8000F1100200A411020084670020886700208C67002070B505460024287E85F8720013
:203DA000012632E0686D427A95F872002B7EA0F12501A3F1250006FA01F106FA00F00143FB
:203DC00022EA010101F0070105EB441041F02401242980F8721016D1272180F8721012E0E0
:203DE000002C08BF0328DDD109F058FA297E00F001004118491C85F87210C8B22828A4BF2A
:203E0000C91E85F87210641CE4B2E87D411E8C42E6DB70BD2DE9F843074615460C461E4677
:203E2000280004BF002006F0E1FC1849086880473A6880461078802807F1BA0902D14A4656
:203E4000002103E0402806D14A460121D7F8F00009F094F802E0002006F0C8FC07F1C700AE
:203E600009F088F87019009033462A462146484600F0C2FDD7F8F0000549401CC7F8F0000B
:203E800040460A6890470120BDE8F28334400020384000202DE9F8438146EFF31188202019
:203EA00080F311880124164E164DF461164F6C60F86A016A14208847D9F81000810C14BF73
:203EC000000C0420A861386802682321002090470E480068C6F8804200280CBF211C0321D2
:203EE0000B4807680FB141F00401286820F4E02040EA01402860346088F31188BDE8F883AB
:203F000000002443002009408401001044030200A403020010B5024601241078912804D003
:203F2000A2281CD0D02821D030E0517805290AD00E2904D00F290AD03E290CD026E0104645
:203F4000FEF7A0FF10E0104609F010F81FE0104601F0B0FD08E01046F7F7A4FC04E050880B
:203F60004FF6FF7109F0FEF8044610E09078122802D0132805D00AE05178506808F0F2FFEB
:203F800005E05168D07808F0E9FF00E00024204610BD704770B50646356808F0ABFD00229D
:203FA00095F83D1085F84120490938BF85F8422009F000FA1249D1F84002000806D2086878
:203FC000800F06D3284607F08DF902E04FF0FF30A8630D480B490860284605F0F3FA95F845
:203FE0003C00022807D06C69A96BAA6995F83D303046A04770BD054808F0C8FD70BDC046C7
:20400000504502408847024001000080A46200202DE9F04180460E46B8F1FF0F08BF4FF0F3
:20402000FF302ED0184C04EB88042068750826F0FF0185F0010505F0010510F0FF0F0AD1FA
:2040400008F058FD310A6170370CA770310EE17009F0B0F900E02160002705B1012727B13D
:20406000404606F0010108F02BF808F043FD03463946D022404606F03DFE184609F09AF914
:204080000020BDE8F081C0460010084003B42DE9F04307AFBD681E469046ADF11C0D002D83
:2040A00014BF002E042027D01946384601AA00F015FA144C04F110010968002818BF071C64
:2040C00019D10846FFF7F4F981460020009094F83300E18E01AA0323FAF74AF8C7B237B9B3
:2040E0004146324601A82B4602F0A0FB07462069494600F0F5FCF8B207B0BDE8F04302B0E9
:204100007047C046A44300207CB5044604F1860109F0BCF904F1820500216889608421772C
:20412000E18304F12E066189E0894118A1812A89B188A8898A4204BF3389984202BF6B892D
:20414000F1888B4206D0000900906B89A1795208002004E0000900905208A179302008F0E9
:20416000F9FEB088A4F86401297931702889B0806989F180A8893081204609F083F90220A9
:20418000287073BD2DE9F84F1B4F0446F86B0D46016D08681646B27B02EB4202104490F91B
:2041A000008090F901108DF80010144990F902A091F90090204608F068FC8346204608F0C5
:2041C000D9FC01281CBF307C002806D0012806D0022814BF0628D14603E0C14601E09DF9BA
:2041E0000090D94506DAF86B4169086809EB890108442860BDE8F18FD4150200CA0F002059
:20420000F8B5074608F076FC044677B3B87A60B397F9092007F006FA012303FA02F1CDB23E
:2042200040B1144E30681132934098433060DA4346F8042C0020B8610346BB723B7207F133
:2042400010063B60024686E80C000B4A7B6002F5107003781943017092F8420210B1401E0F
:2042600082F84202284605F04DFD204609F0A2F8F8BDC0460C100440B0310020FEB51524D2
:204280004FF6FF7290420F46194E11D1002506E03A460221ECF7C0FE00B100246D1CF179E1
:2042A000E8B28842F4D307B3124808F04FFE1CE009F018F9050017D00020009000236979D3
:2042C00001AA01F00101A81DFCF7EAFE30B99DF804003A460221ECF79FFE00242FB131784E
:2042E000688806F0EFFB00E014242046FEBD00BF883E00207D1500002DE9FE438146884692
:2043000017461E4602A9404608F080FF04002CD0BDF8080008F016FE844620B3BDF82810E1
:204320000B9D0091334601953A4621464846E0470646D8B9FE2D19D02078022816D1606837
:204340000178407801EB002242F6021192B28A420CD13878797800EB012292B241464846DE
:2043600004F0BCFE02E00E2600E001263046BDE8FE83002213460A46194671B510F0030F74
:204380000BD0002A82BF00F8011BB2F1010210F0030FF6D1002A08BF71BD11F0FF0141EAF9
:2043A0000121042A18D341EA0141082A0FD30E46102A08D30C460D46B2F10F0312F00F026B
:2043C00072C0103BFCD812F0080F18BF42C012F0040F18BF40F8041B12F0020F18BF20F855
:2043E000021B12F0010F18BF017071BDF8B51A4C207801282FD0DFF864C001202CF0030109
:20440000174B6162626A207004F128059E4600205E1AA2622F68E66201E041F8040B8B42A4
:20442000FBD84FEA9C01AEEB810126F00306891002EB810141F8040CE8213960EC3EC2F8C2
:20444000E860E832A261FEF7A7FFE0612868A061E06A001F2062F8BD30400020546800207E
:20446000003C022070B5054606F08CFF194CC0F5D26081B26088A9422ADDAEB23118B1F545
:20448000D26F0EDD0319C0F5D2611A1D8EB2C0F5D26399B2104605F063FEAD1BAEB200204C
:2044A000608000193146001D05F05AFE60880A4D4FF4D262801980B290FBF2F15143401A45
:2044C000608005F114000068012108F083FF70BDFEE7C046A82500205C42002010B5B1F5C0
:2044E000805FA8BF052031DA0378402BA8BF09202CDA4388B3F5806FA8BF072026DA8388CF
:20450000B3F5806FA8BF082020DA114B5B1E1B78032B08BF032019D0D181017801F03F0413
:20452000418800236FF39F2141EA0431848893816FF39F2444EA013414608188918044880B
:20454000D4800178117296249472184610BDC046A54300202DE9F0410446200086B00D46D8
:204560001746984601D1012D09D1022D07DA012F18BF022F05D0032F18BFFF2F01D00220DF
:204580001DE040464FF6FD72904205D0694608F0D5FC08B1342012E0012D0A4E08D14FF622
:2045A000FF723946002007F043FF0020306005E042463946044807F03BFF3460002006B02F
:2045C000BDE8F081C80E00206D61021038B51C4D194A0024174995F83A01146030B301286A
:2045E00017D0022807D0032820D151F8350C03F0F7FD062018E051F8354C2046F8F760FBAE
:2046000040F2FE50A04202D2001DA042F1D804200AE095F84001FFF7B1F90848007885F8DB
:2046200040410028E5D00220C5F83C0107F098FD38BDC0463D400C403C500C40E2110200E3
:20464000E83A00202DE9F04706461848184D8A46016888470F2E814621DA164951F83600D5
:20466000E8B10F21144F96FBF1F8C8EB08140120341B00FA04F438884044A1B2C0B205F065
:2046800047FE60B1388880445246A1B25FFA88F003F0CEFF296848468847002003E0296842
:2046A000484688470220BDE8F08700BF3440002038400020D06000203A490020F8B5054689
:2046C0002C6808F017FA064694F8240170B3E07941092BD240F01000E071284600F0DCFCB6
:2046E000D4F8381104F59E77081AC4F83801384608F04CFAA179384611B908F047FAA1790F
:20470000012911D1002084F82401C4F830016FF00D070097D4F82811D4F83821236CD4F850
:20472000D00104462846A04708F0BBF9304608F041FEF8BDF8B50B4601464C69601E02423F
:2047400018BF221C651E184610EA05071CBF2044C01B834213D8CF6801F10C0C7FB1531EB1
:20476000796803EA070613EA070518BF561B84198C4206D9BC46DCF80070002FF0D100206D
:20478000F8BD091ABA198D1B3EB98E4204BF3868674608D03968674602E07E6025B1396892
:2047A00010180160456038601046F8BD2DE9F84304460D46C0B207F0B5FC0746E8B207F042
:2047C000B1FC8146E0B207F043FE0446E8B207F03FFE80463868D9F8001046684D6899F848
:2047E0000500797909B128B919E000280CBFFF20002014E0A968B06806F074FE20B1A96895
:20480000B068D8F8142002E0B168A868626922F00042511806F066FE401E8041C00FBDE8FC
:20482000F283F8B5054617461C4608F083FB0226022801D11220F2BD042F1EDA012F18BF9F
:20484000032F02D1CCB1012F01D0032F17D105220021204606F0A4FF18B1607910F03F0F84
:204860000BD00622FF21204606F09AFF002802BF607900F0C000C02801D00220F2BD6D1E99
:20488000032D06D96D1F04D0AD1E012D01D92D1F00D100263046F2BDFEB505462C6804F1E7
:2048A0004406304601A906F0A6F80746A06EB84238BF071C226F206E019980183A46FDF7C6
:2048C000C1FE3046394605F051FAA16E206FC91BA166C019206717B1A06E0028E1D12846DD
:2048E00001F0B4FB2846FAF7F3FAE079400801D2A06E58B9002084F85C000090216E226F91
:20490000236CD4F8080104462846A047FEBD704703B41046F0B51E1C05AFADF1140D14BFF0
:204920000028042027D0114638466A46FFF7D6FD134D044605F114000068DCB910B18047AD
:2049400000B90B242869ACB9FEF7B2FD0746314600226846F2F780FF041C07D1BDF80C1010
:2049600021B19DF8100003F0E5F86C782869394600F0B6F8E0B205B0BDE8F04002B07047D9
:20498000A443002030B51B490246C86B4369186890F90000824201DA002030BDC86B43690C
:2049A0001868CB6B5B691C7904EB8404204410F9053C934205DAC86B40690179481EC0B2E1
:2049C00030BD002000E0401CCB6B5B691D79C4B2AC4209D2CB6B5C692368C4B204EB84044C
:2049E0001B579342EFDBEAE7C86B406990F90500E5E700BFD4150200F2B501F023018DF8B4
:204A0000001014461D46069A1349144B08610B604A610D20012781F820000422104BC1F8C7
:204A200004D08F618D60CC61CD6081F821200D4A1668186856F8183F984748B12246002156
:204A4000284607F0DDFB002005F0D0FE002000E0012005490870F1BD100B0020D40D002065
:204A6000600F0020280F002047680020F8B50D46064608F03FF80446E8B207F0ADFB8025DE
:204A8000071C23D0B87A08B3386886421ED11349486891F82410022906D03846FFF7B0FBD3
:204AA00000F08CFD812511E097F909100A4E4FF4A06202EB012202F47F4246EA0201002284
:204AC00005F03AF905463846FFF79AFB204608F071FC2846F8BDC04601000804B031002058
:204AE000F8B504461A480068251808F017FD0B46071C2BD008F08AFA064623BB384608F021
:204B000073F8A168884203DDA1683846FDF712FC284608F0F7FCA0B9284608F04FFC8168A2
:204B2000E160084608F060F8EFF31187A060202080F311880846394608F0F8F987F3118807
:204B400001E001206060304608F054FAF8BDC04600140200002980B534D00F0E202F1BD04D
:204B6000212F08BF022218D0A02F08BF032214D087B1102F08BF05220FD0112F08BF062200
:204B80000BD0402F08BF072207D0502F0CBF0822092202E0042200E00122C1F39701090203
:204BA00041EA02110268B2F1FF3F41F00F0106D0914204D050F8042FB2F1FF3FF8D14FF04A
:204BC000FF31016080BD70471FB504681748617A012913D000686169806891F821100246AD
:204BE000684690476069416990F82120684604F024F910B96FF00300606006E00068616932
:204C00008268486991F821109047094840210160802404600021C0F8FC12022005F030FB24
:204C2000044807F0B3FF00901FBDC046FC0100100444024054620020F8B51A4C0546203CE6
:204C4000E06A2860206A686006F06EFFE66984460020C4F814C0074603463C4612E01108E1
:204C600009D21FB91346304601270AE001689B188918016005E082F000420027A34288BF96
:204C80001C1CB6183268002AE9D19C4238BF1C1C604607F02CF92046082894BF0020083878
:204CA000A860F8BD50400020062809DC062814D0C8B1801E14D0801E0FD0401E0AD007E0CB
:204CC0000A3807D0801E08D0C01E03D00F3801D000200AE041F2011007E04FF2011004E011
:204CE0004FF4817001E040F20250FF2904BF40F0C00121F480610AD031B149082CBF40F021
:204D0000100040F0200001E040F03000014640F2037040EA01407047F8B51A4C60690025E3
:204D200010B1804700B90B2520694DBBFEF7C0FB65780026074606E03046FBF725FC761C70
:204D4000F6B205436570E178B142F5DC002084F83100491E84F832100C2684F8330010FB93
:204D60000641B1F84C10E1867E2105F011FA94F83200FE2105F00CFA20693946FFF7B0FE5D
:204D80002846F8BDA443002070B50D460446287A4107164604D5304608F018F9012205E081
:204DA000410609D5304608F011F9002201462046BDE8704008F006B9C10617D5304608F05A
:204DC00005F901460122204608F0FCF860B9304608F020FA030005D029462046BDE8704076
:204DE0000A2218470E2070BD082070BDC00701D4022070BD002070BD10B5184C206808F097
:204E000095FA48B30179032926D1007A10F00F0F1CBF00F00F01012908D000F00F02022AC9
:204E20001EBF042900F00F00062815D10C4801680A6A507880B1C8694078002818BF022819
:204E40000AD10848006801784078814204D1206808F060FA012010BD002010BD8C0A00208B
:204E6000500F0020700F002070B5044604F1380004F190060178174D4170307801281AD1A3
:204E800020897288401C904215DB04F16101204608F0F0FAD4F89C11204688472A68A17958
:204EA0005054A0792A68125C04F16101FDF764FC0220307006E0D4F89C11204688472A68A2
:204EC000A17950542868A179425C206841688A7370BD00BFD46700202DE9F843044618485C
:204EE0000D46016816461F468847226880461078802804F1BA0902D14A46012103E040285E
:204F000006D14A460021D4F8EC0008F037F802E0002005F06BFC04F1C70008F02BF83B4674
:204F200032462946484601F0B3FFD4F8EC000549401CC4F8EC0040460A68BDE8F243104726
:204F4000344000203840002010B507F0D3FD154991F82420022A1ED091F8241004291AD080
:204F600008F028FA10480068006B80470F4A002306F048FF0E4C4FF090531B1820684FF0F6
:204F80007A044FEA000244EB010400215B1844EB0204241C04E0074990390C6808F00AFAAE
:204FA000204610BDB03100208C01001000093D002867002094300440184930B58422ADF199
:204FC000BC0D02A8FDF73EFB15490EC92CA880E80E0002A800902CA8019004208DF88C00DE
:204FE00002F032F8684623A9FDF7F6FC051C10D00C4928A8142207F051FB284628A905F062
:20500000B7F90446284607F023F9002C08BF002001D04FF0FF302FB030BDC046440B0200A0
:20502000CC1202002C6700202DE9F04105461748174F01688847804638680026002405E0B9
:2050400014B9064600E0044650F80C0C58B110F8021CA942F4D1002CF5D04FF400412846EB
:20506000FAF7D6FF05E04FF40041284603F0BEFA24B132462146384604F098F905490A6871
:20508000404690472046BDE8F08100BF34400020F867002038400020F8B506684468D6F838
:2050A000D811D6F834014D68002808BF002427D0A06B2968C862276807F01CFDB96C21F0AA
:2050C0000201B96408F076F9D6F8D8014168A76B09680C4AC1F804751068A16B82692868EF
:2050E00091FAA1F1B1FA81F19047D6F83411044606F58670091B04F039FE0020C6F83401EF
:205100002046F8BDD40100101CB5044648080FD2880830D31920002106F0D2FF1A20002134
:2051200006F0CEFF1920002106F0A0FB00211FE01920002106F0C4FF1A20002106F0C0FF7E
:205140002046FEF70DFB009000080CD21920002106F08CFB1A20002106F088FB1920012170
:2051600006F0AEFF1CBD19202F2106F07FFB32211A2006F07BFB1CBD7CB506460D460024F4
:2051800009E0BDF8002001463046FFF7FDFD01001DD1641CA4B2A888844222DA286810F855
:2051A0001420401C694610F8143002EB032290B208F02CF80028E4D1286810F814100170EA
:2051C0002868421C12F814104170012076BD296811F814200A7029684B1C13F814204A7075
:2051E00076BD002076BD002980B532D00F0E202F1BD0212F08BF022218D0A02F08BF032294
:2052000014D087B1102F08BF05220FD0112F08BF06220BD0402F08BF072207D0502F0CBFDC
:205220000822092202E0042200E00122C1F39701090241EA02110268B2F1FF3F41F00F01ED
:2052400006D0914204D050F8042FB2F1FF3FF8D1016080BD98B504466FF002001F688DF80A
:2052600000003A462046FEF70DFC10B101208DF800009DF9000010F1030F13D1E068007B93
:2052800000F00F0002280DD167B13A6820463946FEF7F8FB18B9002A1746F6D102E002205D
:2052A0008DF800009DF9000010F1030F04D1E06B10B104208DF80000059807609DF900009C
:2052C00098BD70472DE9F8430024002B16460F468046254606D5002FC3F1000302D57F42E7
:2052E000761E2D2599463846494603F027FD0CA0405CB7FBF9F7002F04F1010408F8010DA4
:20530000F1D1A64205DD3021301B401E08F8011DFBD10DB108F8015D4046BDE8F883C04655
:205320003031323334353637383961626364656600007047F8B505462C680F4607F0DAFBA7
:2053400016490978012902D194F83E1019B108F031F80020F8BD012684F83E6008F02AF87B
:2053600007B90D4F387884F83C00786860613878022814BF0020B868002184F8401084F8B2
:205380003F60206184F841100A2084F84210FBF72BFE2846F8BDC0465C120200414A0020C9
:2053A000F8B505462C680F4607F0A4FB16490978012902D194F8221019B107F0FBFF002000
:2053C000F8BD012684F8226007F0F4FF07B90D4F387884F82000786860603878022814BF54
:2053E0000021B96884F82360002084F82400A16084F8250084F826000A20FBF7F5FD2846EC
:20540000F8BDC0466C120200434A002070B50646356807F06FFB002195F8212085F8241095
:20542000032A1CBF042A85F8251007F0C3FF0F4800F108010968090824BF4FF0FF31E9615C
:205440000B490160304604F03FFB95F82000022807D06C68E9692A6895F821303046A04752
:2054600070BD044807F092FB70BDC0468847024001000080A4620020F8B5194D07466D1E59
:2054800095F83340E86804236A46610307F08BFA009800F0FF00782808BFFF201FD0FF26E4
:2054A000FF2818BF7E2803D120467C2104F070FEA00085F8334000EBC40040193030818B0B
:2054C000E986808B42F20103C019834204DC2046782104F05DFE01E095F833603046F8BD22
:2054E000A543002038B5054641F60302801A0328154C0BD91E38012806D9801E06D0001F35
:205500001CD0401E1CD01DE0204632BD0F4B1878002107F0C3FFA8B141F6030295421CBFF8
:2055200041F604039D420BD041F623018D4202BF007D8009012803D0201D32BDA01D32BDAE
:20554000A01C32BD002032BDE8660020D50F002070B5044616480178491F15D0891E0129BB
:2055600020D8144B9878FF2821D006F0DBFD0026006F05F0A7FF0546F0B2A84217DA204680
:20558000EEF710FD761CF7E70B49086805F09AFF05460026F0B2A84209DA2046EEF702FD2D
:2055A000761CF7E72046BDE87040EEF7FBBC70BDC80F0020780E00208C0A0020194838B556
:2055C00090F82410022928D0044694F82400012826D094F82400042822D007F08BFA05463E
:2055E0006846FDF761F980B1009949B904F5AC7007F07AFA04F1E000042107F0D9FA08E0B7
:2056000004F5AC7006F0AAFC03E004F5AC7007F06BFA284607F0CEFE38BD192007F06EFAC7
:2056200038BDC046B03100202DE9F84F81464FF6FD744C4506D006F015FA0746082F02DBC7
:20564000BDE8F88F0827DFF84880002504F1020BA2462E46BE4218BFCA4513D1F00000EB28
:20566000061028F800B008EB00042575E5742946A5750522657504F10C00FEF77EFEA57445
:205680006574E575761C082EE4DBBDE8F88FC046543800200EB5184B40B3401E22D0401EAB
:2056A0001CD0401E09D0401E24D1052922D110680C331860117919710EBD01291AD11078A8
:2056C000D91C087011220092FF2201920B4A0292986800221433FBF701FF0EBD012909D1D1
:2056E0009B1C05E0012905D15B1C01E0012901D1107818700EBDC046583C0020696B010050
:20570000F8B504461548164E016888470F2C05461EDA144F57F83400D0B10F2194FBF1F014
:20572000C0EB001C0123A4EB0C018B4099B20E4B1A881018C0B204F0B1F8002007EBC402C2
:2057400047F8340050602846336898470020F2BD3168284688470220F2BD00BF3440002075
:2057600038400020D06000203A49002038B58568184C287DFF2807D02868844214BF14215F
:205780001021287D06F072F8687DFF2806D029688C4214BF13210F2106F068F8A87D0021BF
:2057A000FF2802D0EA7DFF2A00D191B1FF2806D029688C4214BF1521112106F057F8E87D0C
:2057C000FF2806D029688C4214BF1621122106F04DF838BD0010004018491948F8B53F27DB
:2057E000203951F8202F4E6840F8202F8D684660CC6885600B69C4604E6903618D69466177
:20580000CC6985617F1EC461EBD1203151F8046B203040F8046B51F8045B40F8045B51F867
:20582000044B40F8044B51F8043B40F8043B51F8042B40F8042B09680160F8BD2CFA010006
:20584000E0BF002170B505462C6894F8200004280AD0022818BF00261FD113484FF0FF31F1
:2058600006F03AFDE66918E00D480068806901460C488847000824BF4FF0FF30E061E669BB
:20588000002094F8211084F8240003291CBF042984F82500284604F017F9304670BDC0469B
:2058A000FC01001001000080A4620020F8B50B460021970802F00305009108BF0E1C15D015
:2058C00097089C46021F3E4612F8044F8DF8004054788DF8014094788DF80240D4788DF84A
:2058E0000340009C7F1E4CF8044BEDD1012D009109D0022D04D0032D0BD181788DF80210A4
:2059000041788DF8011000788DF80000009843F82600F8BD2DE9F0411D461646884604466F
:2059200007F0FCFD02F094F8071C08BF6FF002041ED006F0F9F802460F480021303030F88D
:205940000C3F5BB904804760C0F808803170786800242860104606F0CAFA09E0A34208BFAB
:205960006FF00204F6D0491C0629E8D307F028F92046BDE8F081C046544000202DE9F04118
:205980000E461D4690460746062E25DA062F23DA06F0CAF8124902460C200C3116FB0014DF
:2059A0006068B0B1104606F0A2FA05F8087C05F8076C05F8068C60682946083004F050FEA5
:2059C000606840684FF0004107F004FD0020BDE8F081104606F08BFA6FF00200BDE8F08161
:2059E000844000202DE9F0410E461D4690460746062E25DA062F23DA06F096F81249024616
:205A00000C20403116FB00146068B0B1104606F06EFA05F8087C05F8076C05F8068C60689F
:205A20002946083004F01CFE606840684FF0005107F0D0FC0020BDE8F081104606F057FA1B
:205A40006FF00200BDE8F08150400020B0B5154DD5F860014268002101209047D5F8600139
:205A600001680120884788B10F4C278817F0010704D14FF00120C4F8040420882868804783
:205A8000012F04BF4FF08070C4F804040748084CD5F86C710068183C60613868804720626D
:205AA000B0BDC0468000001000A00C4030200940D846002070B58388012142F213041A1B4E
:205AC00004D0921F12D02B3A1BD01EE0104D2E884FF6FF72964209D00E4B1A68002A1CBFB7
:205AE0001268002A12D00146204608E00A4A1268002A1CBF1268002A08D0014618469047C0
:205B000001E007F00FF8014600E00021084670BD58020020C40E0020C00E00202DE9FC4136
:205B200005460E469046002000270DE0019060880090A388A2686888FEF7DEFB162817D19A
:205B40000021A1607F1CFFB20D490A78974214DA71680C2313FB07F30B441C46218861B1BC
:205B6000781C90421BBF9889002818201620DDE70028E7D02188A8F80010BDE8F68100BF57
:205B8000B50F0020A0F11B0210B5E12A3EBFA1F5A47244F249139A4207D20D4A14888442FA
:205BA00022BF0C4B1A888A4201D2122010BD0A4A53789A0601D4112010BD084A084B094CE1
:205BC00010800948018019802180002010BD00BF920F0020940F0020C00C00208A0F002054
:205BE0008E0F0020900F00208C0F002070B51748174C007802280ED12068C46801688288DF
:205C0000A58883688580A6688660256805602160A280A36070BD032816DB206803F042FDD8
:205C20002668054600E00646F068016828680969006905F057FC00281EBFF068216888423B
:205C4000F1D1F068F560E86070BD00BF44680020D0670020F8B5184C1548D4F8A86006F046
:205C6000CFFB1449054608680F6800F02000284007F460270DD066B10300C4F8B0600022EC
:205C8000304603F0FDFA04F1E0004FF4804106F08FFF17EA05000AD094F8411241EA5040CD
:205CA00084F84102002104F58E7006F081FFF8BD20000E000C100440B03100202DE9F84500
:205CC0001548164D016851F8182F90472E6807461348D0F80080BC1BB8F57A7F15D0A8FBA9
:205CE00004014FF47A720023FCF70EFF3746044606460A464FF47A7AAAFB06010AFB0211EF
:205D000042460023FCF700FFC7192F602046BDE8F24501F025BE00BF1C4A00201468002080
:205D2000EC670020F8B5844640F6FF741CF8013B002210E0481B401E10F8015B7F1E01F8B3
:205D4000015BF9D103E01CF8010B01F8010B521C5B08082AEADA5808F5D21CF8010B1CF8F3
:205D6000015B05F00F07FF1CC5F30315122F45EA001508D11CF8016B300A24BF1CF8010BB6
:205D800060F3DF16BF19AC42D4D1F8BD2DE9F84F884604464FEA580603E006EBD676F60574
:205DA000360E26B3354614E014F80A10E155BF1BFFB2B7420ADBA7EB060A14F80A0006F0E4
:205DC000B1F901684A6890688145EDD304F807B06D1CE8B24045E0D2EFB2E05D06F0A2F904
:205DE00000684168D1F8089014F807B0E1E7BDE8F18FF8B5044684B06568236826682768E1
:205E0000D4F800C0D4F800E0226821682068DB690393B66902967B690193DCF810600096CC
:205E2000DEF80C30926849680068A8472168086014F8080C03F07EFA0446012005F002F977
:205E4000010007D04220087005B02046BDE8F04005F078BF05B0F0BD38B505462C68012025
:205E60006070207A042809D0022805D111484FF0FF3106F031FA15E0002038BD0A48006806
:205E8000806901460C48801E8847000824BF4FF0FF30606000210648617004490860284695
:205EA000FEF792FE606838BDFC0100108847024003000080A4620020030000802DE9F0410F
:205EC0000E463488ADF1200D162C22DDDFF84C804703362CDABFA4F1160085B22025D8F8C7
:205EE00000006A46641B2B46A4B2391906F05BFD0DEB050010F8011D962904D16419A0B286
:205F00003080012006E06D1EADB2002DF2D1162CDFDC002008B0BDE8F081C046B0430020EC
:205F2000F8B50C461546002620B1012810D0042814D01DE0162C19DA0F4F16220021384690
:205F400006F05EF922462946384606F04FF910E0022C0BD12888094908800AE0082C05D1E9
:205F6000074829460822FCF76DFB02E0182600E002263046F2BD00BFD066002030680020C4
:205F80007049002038B50D46290427D5144A1078FFF74AF804001ED02078A2280BD0B0289A
:205FA00016D1204606F0BEFF90B1217904F1080007F0ACFA0CE06079652808BF06F0AEFFB0
:205FC00008480078FF2803D02146F5F7ABF910B1204605F0F4FB85F4004032BD002032BD46
:205FE000B40F002076020020FEB5C0B206F030FA124A92E83800694681E838008069104D3D
:2060000020F0004002906FF0010495F90000A04218BF04F01DF90B4B0B481E68006856F804
:206020002C7F00226946B847A042287005D1902007F030FA002004F0D9FBF7BD34160200DC
:206040003A4A0020200F00201C0F0020F8B501460C684D68D4F8D821E06E576828B3E86BE5
:206060003968C8622E6806F045FDB16C21F00101B16407F09FF9D4F8D8014168EE6B09689B
:206080000A4AC1F804651068E96B8269386891FAA1F1B1FA81F19047E16E024604F1440052
:2060A000891A02F046FF0020E066F8BDD40100100246F8B5084611464D68203822D0401E0F
:2060C0001DD0401E18BF6FF001001FD18C6806F011FD0F4E0746306800690146206888470D
:2060E000B0F1FF3FF7D100246C64EC64286CAC63401EA864384607F05DF92046F8BD0021A1
:20610000084601E00121002085F82D10F8BDC046D001001016491748B0B51727203951F8B5
:20612000202F4D6840F8202F8C684560CB6884600D69C3604C6905618B694461CD698361BD
:206140007F1EC561EBD1203151F8045B203040F8045B51F8044B40F8044B51F8043B40F801
:20616000043B51F8042B40F8042B09680160B0BDDC050200E07F00212DE9F0410446D4F802
:20618000A8501F461646884605B1A84704F1A00003C806400F4008BF002E1CD04146204610
:2061A000802203F04FF804F1B00181E8C00058B100F1200106C900F12003BA43B14383E8DA
:2061C0000600D4F8A81081600020C4F8A80004F1500006F0DBFCBDE8F081F8B5044606F0BB
:2061E000E5FC0746A6686068790805460CD300F5D47005F077FA696B286BEB686A6B401A68
:206200002863296B20469847B80816D305F2A91005F068FA3168886B20F02000886331682A
:20622000086B20F480700863286A696A2B696A6A401A2862296A20469847F8BD70B50646CD
:20624000356806F057FCA978F9B90021697007F0B1F80F4800F108010968090824BF4FF0F6
:20626000FF3169600B4901603046FEF7ADFC287A022806D02C6969686A696B7A3046A0473F
:2062800070BD054806F082FC70BD07F093F870BD8847024003000080A46200207FB506F050
:2062A00029FC114C06462078012818D0684606F08FF800254FF0FF3027216B4601900C4AC9
:2062C0000A488DF8085002F0F6FD0B48012104F061FA0848294604F05DFA012020703046B5
:2062E00007F068F800907FBD4649002098660020FFCB0100A462002054620020B0B5044638
:20630000ADF1400D06F082FE054600213C220823684606F0FFFD60680690A0680890206801
:206320000490E06805900C480022694606F0EEFD071C0DD005F0F8FB0446384601F088FBC2
:2063400030B1204605F0D3FD284606F053FE01E006F036FC10B0B0BDF1C3010010B5044682
:206360000021207807F09AF808B9422010BD406DB4F8031040780022C30607D5202914DBC8
:20638000A4F80320C4F80520122010BDC00702D5B1F5807F03DA084803888B4205D2A4F823
:2063A0000320C4F80520072010BD2046BDE81040002106F0A7BD00BF6002002010B50446BF
:2063C0000021207807F06AF808B9422010BD406DB4F8031040780022C30607D5202914DB98
:2063E000A4F80320C4F80520122010BD800702D5B1F5807F03DA084803888B4205D2A4F803
:206400000320C4F80520072010BD2046BDE81040012106F077BD00BF600200202DE9F04155
:20642000054614480E4601689046884701240027291991F87710FF2916D0002200E0521C37
:20644000D3B216F803C0BCF1FF0F0AD06145F6D12A19FC2182F87710F9B2F35C08F8013058
:206460007F1C641C042CE3DB03490A689047F8B2BDE8F0813440002038400020F8B505469A
:206480000E4606F03BFD144F04463868C08807F029F808B91420F2BD3A684088117861B124
:2064A00005F0E4FB01460622284605F09FFE06F0C9FF00B10120A8710BE005F0D7FB0146F7
:2064C0000622304605F092FE06F0BCFF00B10120B0712046F2BD00BF740F00207FB506F054
:2064E00009FB114C06462078012818D0684605F06FFF00254FF0FF3013216B4601900C4AD6
:206500000A488DF8085002F0D6FC0A48012104F041F90948294604F03DF9012020703046D5
:2065200006F048FF00907FBD164A0020B466002001CC0100F4620020446300202DE9F04146
:206540008046154800684068124F46688568C468B8F1000F0AD0002D08BF002C03D03846DD
:20656000503005F0EDFF36B101F0C9FE1EB1B8F1010F00D0B047002D08BF002C08D005F0DF
:206580000DFE05B1A84704B1A047384604F082FCBDE8F08101000706B431002038B586B073
:2065A0000446694606F0CAFC9DF80E000125082806D19DF8011000222046EBF72BF916E02C
:2065C000042815D106F06EFF08B1112011E00A4A1079002100B10121907808B141F00401A3
:2065E000107C00B108200143204606F083FC0546284607B030BD00BF883E0020F8B507461B
:206600001248012416460D4604700720FAF7ECFC022003F04DFE3120394606F071FA0C49F2
:206620000320012D486019BF086820F00300086840F00300074A086010680068314603460A
:2066400000200246984704480460F8BD314A00200C800240CC010010A80250422DE9F041C5
:2066600014460D46804606F059FF03F061FD061C08BF6FF004001ED005F056FAB768002F3B
:2066800008BF002708D057F80C1CB160002347F80C3CFF2207F8022C05F029FC57B117F883
:2066A000080C88F8000017F8070C287000202760BDE8F0810220BDE8F08170B50446C0B2B6
:2066C00005F030FD0546E0B205F0C2FE064605F5CB700178012916BF02294C1E8C1E017954
:2066E0006879022908BF002108B9FF2070BD307CC2070FD495F894300022E0B206F07AFECE
:20670000716980B241F6583201F0004102EBC00211437161002070BD2DE9F04106465FEA7C
:20672000010808BFDFF8408010480078C8B1104C07460025B54204D02068C0698047064250
:2067400009D0206840684146024620469047002818BF201C06D17F1E04F10C0405F1010574
:20676000E8D10020BDE8F0814B120200D8100200F012020070B5154D01284FF0010410D009
:2067800005F0D2F9297851B1491EC9B2297031B905F0ADFB062003F0DBFE002413E006463F
:2067A0000EE005F0C1F9064629460878FF2807D0401CC0B20128087002D1062003F0DFFECB
:2067C000304605F094FB204670BDC04650490020154AD0B5014670321068526D002700F052
:2067E000010302F004021A4311F001031CBF002A01278C080AD30027002B3E461CBF002AC2
:20680000012600F00202164318BF0127C90806D300F004000021384318BF01210F46002F4E
:2068200014BF01200220D0BDD02008402DE9F84314468846064600229946F189B089009272
:20684000727A337C401A80B2054603F0D9F9071C14D10C48B28900684544A9B20B199A421E
:2068600005DAF089A042ACBF0627052706E0327C234601EB42314A4606F095F83846BDE888
:20688000F883C046B04300207CB504460121E078134E1A284FF6FF7506D1A0883288904288
:2068A00005D106F023FB0146E0781A2808D1A0883288904218BFE07808D108000FD006E0AB
:2068C000302801BFA28833889A42358039B13580618900912389E288A18806F003FB73BDAD
:2068E00058020020FEB5124A92E83800694681E8380046680F4DB06802906FF0010495F967
:206900000000A04218BF03F0A3FC0B4B0B481E68006856F82C7F00226946B847A042287052
:2069200005D1902006F0B6FD002003F05FFFF7BD401602003A4A0020200F00201C0F00206D
:2069400070B5144D29680446886FD8B1124E20223146204605F0A2F860B1202206F12001DD
:2069600004F1200005F09AF820B105F063FF58B90A2070BD2868416F20222031204605F0BD
:206980008DF808B1082070BD2046BDE8704006F0A5BA00BF740F00202045002038B5044636
:2069A000134800684178132903D114214170002032BD15291AD105F03DFF80B90D4D202227
:2069C0002946204605F06AF848B1202205F1200104F1200005F062F808B10A2032BD20469D
:2069E00006F078FABDE8314006F070BA082032BD740F00202045002038B54FF0FF3005F06A
:206A00007DFB05460F4C1049A06A81420FD10F4904F16000002204F085FC022084F824004C
:206A200002F004FF18B9FBF7FFF9F2F7DBFC0848284205D004F1E0004FF0005106F0B8F84C
:206A400038BDC046B03100206536000069DF000002000040F8B5002006F0F0FC06461148C1
:206A600007681148114D047806221C352946304604F042FB70B1304600F08EFDE41D009042
:206A8000002205A3E1B2384603F076FF30682860B488AC80F8BDC046525020416464723AF9
:206AA000202573001C48002030480020B83600207CB5044625686879002818BF012824D1EE
:206AC00006F018F8064695F85C00D8B1002185F85C10E879A966010914D240F00800E871F7
:206AE00005F1740006F052F8687901280AD16FF00D000090296E2A6F2B6CD5F80801054623
:206B00002046A847304606F055FC7CBD2DE9F84384680D4602F0E0FC174600BB246801F037
:206B200083FB64198046002F08BF00250FD00D4E05F0E0FF8146204604F0DEFE0546484695
:206B400006F038FC1DB930683F1A0444F0D1404604F0A8F8002D14BF4FF0FF300020BDE8EE
:206B6000F883C04688670020B0B504AF3F88002F18BF0B2025D1087802281FD14D686C784C
:206B80002F7800204FF6F17507EB04277F1B012F0ED9FF1E0CD07F1E1CBF011C0A200FD11D
:206BA00005241C80C9680B68136009791171B0BD01241C80C96809781170B0BD00210120E5
:206BC0001980B0BD2DE9F0474468894604F5B27005F08AFFDFF844A0677F257FA66905F005
:206BE000B1FD804605F0AEFDED19ED1D04F5B2744946AAB251430AFB01F1B1FBF6F16431B4
:206C00004144491EB1FBF0F1491C204605F068FF204605F067FFBDE8F087C04640420F0060
:206C20001549096821280ADC212819D00C380FD00D380FD0001F0FD0C01E0FD01AE02538CB
:206C400010D0001F10D0401E10D0401E10D011E0086870474868704788687047C8687047CC
:206C6000086970474869704788697047C8697047086A704700207047AC3D0020F8B50646F2
:206C8000BDF81800009014461D46304606F01AF9172842F232070DD1F0B205F043FA2C4091
:206CA00004F0070480F89741162106F0DBFB394600200CE02328394609D1002006F0FEF847
:206CC0000023002231462320F9F7D6F801E006F0F5F80020F2BD7047B0B505462C680F4614
:206CE00005F008FF0F490978012901D1217819B106F060FB0020B0BD0121217006F05AFB84
:206D000007B9094F387820733878012814BF07487868A060B868A0611220FAF765F928462D
:206D2000B0BDC046444A00207C12020005B30100C8B5074606F0F2FB03F0FAF9064606F014
:206D400039FA30F0010014BF002E6FF004001AD067B1B7F1FF3F06D03846694603F0B8F9EC
:206D600030B107460EE04FF0FF3000E0002000907068009B00274FF00042394606F0CAFBA4
:206D800000B901273846C8BDF8B5054616460C460C2005F0B7FE071C1FD0082005F0B2FEB4
:206DA000C0B144604580B8605EB900210B4C0170E068394606F006FB6069042106F00AFB3A
:206DC000F8BD02F09BFE384602F098FE204605F050FEF8BD384602F091FEF8BD5C4200209D
:206DE00038B510480068002101E0017200680028FBD10D480D4D01688847044605E0C168D6
:206E000029600022C26005F0B3FB28680028F6D1074A084B28600021117020461C68A047E4
:206E200031BD00BF4C0F002034400020D06700204468002038400020F8B504461646FF2762
:206E400030000D461DD0104908688047014604202318421E93F87630FC2B08D1F3B22B44E7
:206E6000204413F8013C80F87630761E1746D0B200281CBFF2B2002AEAD1084603490A683D
:206E80009047F8B2F2BD00BF344000203840002073B501F023018DF8041001AD0E490F4CA1
:206EA000CA6108611A448B60CB604A610D20012681F8200004230A4A0C604D608E6181F836
:206EC0002130084B1C68106854F8142F904710B1002003F08BFC73BD100B0020D40D0020E5
:206EE000600F0020280F002010B50F490A780124072A16D10D4A117811B10020107011E09D
:206F00000B498A78FF2A0DD010B905F07BFC48B10849094A0948086001211078F9F778F880
:206F200000E00024204610BDC80F002048680020780E0020480F0020C70F0020A15300004C
:206F4000F8B50246042AD8BF04291CDC104C2568EE7837070AD5042818BF012806D10429B6
:206F600018BF012902D1062028710EE0094801EB8103C1188A5C2A7105F056FC28B12068CD
:206F80000179012901D11820F2BD0020F2BD00BF740F0020A860021038B5134D95F8390135
:206FA000002410B91148007860B105F0A3FD95F83B11002906BF012185F83B11012406F0A0
:206FC000F9F90CB1002038BD022003F071F90D20FAF70AF804F07EF801280EBF01200020AD
:206FE00085F83A0138BDC046E83A0020E211020070B505460E46632004F024F8040020D05C
:20700000C22020700022E9786170A270E87888B920223146E01C05F0E9F82022291D04F1EF
:20702000230005F0E3F8202205F1240104F1430005F0DCF82146BDE8704002480078F4F796
:2070400071B970BD7902002038B505F053FD0E4C05462078012813D00C480D4A31210023A3
:2070600001F029FF0B480C490422082305F0DCF80A4A4FF0FF300121FFF7C0FA01202070F0
:20708000284606F097F938BD304A00202866002041290100446600205047002080A90300A7
:2070A0004EF68851CEF2000108684FF0F00340EA034008600C4885460C4885446F46072063
:2070C0008743BD460A486F4607600A48002803D07946491D8E460047FBF7DCF804F07AFEB6
:2070E00005F0E8FEFEE7C046003C022000040000204A0020EDCB01002DE9FE43134C064623
:207100002068984617460D4605F0D0FE814629463A463046FDF70EFB07462068494605F014
:20712000C1FE5FB90848006800900196054C029521880022DD23404605F0B0FE3846BDE89A
:20714000FE83C046DC030200A0050200780302007FB506460020029008981D46009002A834
:2071600001903046FEF776F80446012C03D12846314603F00CFE022C0CD102980268006801
:2071800020B92846314603F0EFFD03E02846314603F007FC042C03D12846314603F0E4FDD7
:2071A000204600907FBD7047B0B505462C680F4605F0A0FC10490978012901D1217819B183
:2071C00006F0F8F80020B0BD0121217006F0F2F807B9084F38782072786820613878022815
:2071E00014BF0020B868E0600A20F9F7FDFE2846B0BDC0464C120200404A0020F8B5044645
:207200001248002A1A460D4617D10168AB696068CE69C118491C401CB04706466068042109
:2072200001706068A969401C04F0D8FCA96960684018401C04F0D2FC06E001686068AB6964
:20724000CC69C118A04706463046F8BD000200102DE9F043171C0D464FF00009ADF1240DCA
:2072600019D0DFF83C804603202FACBF20243C1C4046006871196A46234605F094FB484650
:207280006946224604F01EFA3F1B2D19BFB2ADB28146002FE8D1484609B0BDE8F083C04647
:2072A000B043002010B510481249104A006800F00F0083025C1E08461360E143016001201C
:2072C00003F07EFA044605F015FC094A116831B106F070F834B1204605F0D0FA10BD14609C
:2072E00006F068F810BDC0463024034088670020846700208C67002070B505460C4605F0EA
:2073000071FE010006D14FF6FF7005F06BFE010017D00D80002200E0521C0B4B1D78D0B2C2
:20732000A8420ED24B68D6B20C256E43334418880028F1D10C222146184604F057FF002008
:2073400070BD092070BD00BFB50F00202DE9F041044611480D4601781646CA07984619D558
:207360000E4F3978B1B10C2003F06CFE90B10699912202703E234370832282704181C4706E
:207380008580C680A0F8088001463878BDE8F041F3F7C8BFBDE8F0813F6800203C680020A3
:2073A00010B5A2B0014640220DF10100FBF74AF904218DF800100DF10100202105F0E2FF09
:2073C00020210DF1210005F0DDFF11A96846F9F737FC00280CBF00241F2420210DF1450013
:2073E00005F0D0FF0DF14501204605F053FD002022B010BDF0B5124B1B7890FBF3F403FB16
:207400001400FF21002200230E4C0025E65CEE40F70704D5D6B287B2BE4209D0521C6D1C9C
:20742000EEB2082EF2DB5B1C052BEEDBC8B2F0BDD90051FA85F1CDB2FF2DF7D1F3E700BF6C
:2074400041680020A4670020084608B500F0005100F00400084316D00B4800680168012082
:207460008847012808D005F06DF93221B1FBF0F1064804F073FD08BD05490648283108602D
:20748000054805F05DF808BDE001001008330020B0310020653600001867002070B504469A
:2074A000104801688847104A05461068002101E00146006880B100F108039C4221BF00F192
:2074C00008068388F318A342F2D3036800290CBF13600B6005F04CF82846BDE87040034959
:2074E0000A681047344000200068002038400020F8B50D46044605F0FDFA06466768A068B6
:207500002946874205D1304605F054FF4FF0FF30F8BDE568A26923686D1CB5FBF7F07843BE
:207520002D1A05FB0230FBF78DF8A0686169E560401CA060814238BF6061304605F03AFFC9
:20754000A068F8BDB0B5171C0C460546ADF1280D19D01048B9680068884204D8B1F1FF3F16
:2075600018BF002014D1684600212822082305F08DFCFA680792386804907B680593B968A2
:2075800006916A4600E000222846214604F0BEFA0AB0B0BD48040200124990B5044611228F
:2075A000ADF1140D6846FBF74DF80F48A41D30210627017002467821417014F8011C09114B
:2075C0001DF8011002F8021F14F8011D01F00F011DF801107F1E5170EFD1002105B0917024
:2075E00090BDC04638120200506700201CB501240246032A084613D0832A08D042F21901A6
:207600008A4214D04FF6FF718A420CD014E0428900920389C2888188C07801F023FD0CE0F8
:2076200005F030FC09E005F029FC044605E0807818B105F053FD00E00024204616BD70B58F
:207640000C460646102104F0C9FA96E8030096E80C000025241845EB010586E8300096E8E6
:207660000300994208BF90420CD206F1080090E818000121002206F10805C91842EB0402CA
:2076800085E806003046102104F0A8FA70BD704711482DE9F041076800260760B7B1DFF87B
:2076A0003C800124D8F80410B7FA87F0C0F11F0082008D5804FA00F39F43002D08BF1E437E
:2076C00002D08958C0B28847002FEBD116B1304605F0B6F8BDE8F081E02002408C120200F3
:2076E000C8B504F0EDF8024610480368052AC3F3C0564FF0FF30C3F3406115D1C3F3033793
:20770000083F02D0FF1F04D0C8BD6EB101B91720C8BD180E04D3002914BF1A201920C8BD53
:20772000980E2CBF1C201B20C8BDC0469412005030B5104C104D1020BB214FF48262ADF151
:207740003C0D60602846FCF718FE00213C220823684605F0DFFB4FF4826000230749089052
:207760006A4607950220069004F1200005F082FB0FB030BD5C420020504A0020A531000084
:20778000F8B5124C06466069002710B1804700B90B272069BFB9FBF78BFE27780546381C75
:2077A0000DD1E08EC0F5005000B2864203DC002E18BF042703D10020F5F7EAF967782069C4
:2077C0002946FDF78DF93846F8BDC046A44300201CB501240246032A08460ED0832A13D059
:2077E00042F213018A4204D04FF6FF718A4207D013E0807804F00CFE10E0FFF745F80DE050
:2078000005F034FB044609E0418900910389C2888188C07801F026FC00E00024204616BD4F
:2078200080B50B490B4A087000200B49107008700A4A0B491070087005F014FB09490A4B3B
:207840007F2088700022094802701A7001BD00BF3A6800203E6800203C6800203B68002096
:207860003D680020200E00203F680020B60F0020114800B501688FB011B9002002F0B6FF02
:20788000202107A801F062FF04F0DEFB684604F0C7FB102042F210718DF80000019107AAC8
:2078A00002926946002004F04BFD0449086008B902F09CFF0FB000BDC8670020D8670020FC
:2078C000F8B5044606980D460026F0B9022B1AD111785278079801EB0227C043B9B2014221
:2078E0000FD1EA681168204604F0D4FFB9B288420CD0E8680168BAB2204603F081FA06465A
:2079000004E0802602E00D2600E00B263046F2BD38B50F490F4D0020086003F0A5FB04F0E2
:207920001DFA0D480478600004F02AFE28616200FF2104F065FC0422FF21281D04F060FCA8
:20794000FBF752FC05480168891E0160002032BDF8670020444800204F140200F067002013
:2079600070B504460E48016888470E4A1368E318B3F57A7F0BD30C490E684FF47A75B3FB12
:20798000F5F5AE190E604FF47A7101FB15331360064A136898472046BDE87040F7F728BEAA
:2079A0003440002004680020086800203840002038B5046894F83000042808BF0F4D17D034
:2079C000022805D001280CBF00204FF0FF3038BD216A04F1340004F07FFC0DE0012005F00B
:2079E0004BF8281F006810F0030FF7D0FAF7A8FFA06A616A8842F1D8E06A38BD0C800240AF
:207A000010B5044614F00C0F04D005F01FFD002105F024FA05F01EFD05F01CFA14F00A0FE7
:207A200007D005F013FA200703D505F00BFA05F005FA14F0050F09D005F0FCF9600705D564
:207A400005F0F4F9BDE8104005F0ECB910BD70472DE9F843804604F067F80F4C042500261D
:207A6000814654F80C7F57B9C4F800803046A660014605F0EBFB606018B905F0A1F84745D3
:207A800001D1264601E06D1EEBD1484604F02FFA3046BDE8F883C046544000201149C8B5AE
:207AA00070310A684E6D410806D302F0010106F0040600270E4300D00127810805D30021F0
:207AC00017B1930828BF01210F46C00805D3002017B1D10828BF01200746002F14BF01200C
:207AE0000220C8BDD02008400B4901600B4941600B4A426100218160C1600161816101623B
:207B00008162C1624162074AC2610749016307494163074981637047E916010081770100BC
:207B20008D400100114901003DBC0100194D01004583010038B5491D04468DB2294603F0B4
:207B400061FC20F0020029460246204603F0E2FE0A480C21493014FB0105287860B12046A2
:207B6000022103F04FFC20F0030002210246204603F0D0FE0020287038BDC046A443002045
:207B8000F8B50446104A206F05685169B4F87A314978EA88C918891D8A4213DA0026066088
:207BA0002F46B86820B1B868FFF778FCBE60FE803F68AF42F5D1206F05602046BDE8F240AA
:207BC00005F02CB9F1BD00BFD41502001CB5114C0346E079042818BF002B0A4616D01F2AF6
:207BE000A8BF1F226946012005F014F900B10078E17988420AD0012918BF032902D110F0E4
:207C0000030F03D1022903D1C00701D5012016BD002016BD20020020F0B50023FF200F497A
:207C20000F4A002711E01C248E6814FB03F426445B1C7770DBB28D6828558E68344467619A
:207C4000A7616760A760E76027611478641DA342E9DBCF700F804F608870F0BD78670020A8
:207C6000D40F002038B502F0F3FA0F4801688847044605F013FB054604F012FC68B101787A
:207C8000802918BF402908D18168284603F02AFC18B140F2014005F051FB04490A68204610
:207CA000BDE83240104700BF3440002038400020042870B51ED1104D05F5AC70064604F078
:207CC0006FFBB8B104F03EFD0446304604F006FF6043B0F5967F0DD2304604F005FF05201A
:207CE00002F0E6FA2846012180F831100421E03004F05EFF002070BDB03100200E4A182104
:207D000010B510FB0121B1F89C11D1800B4901F12804496A51F8300020600A480078C01C06
:207D2000C1B207480068002204F018FD204601F025FE012010BDC046B836002048610020A9
:207D40001C4800203048002070B50E46044604F0D1FEA16805463046B1B1A2692369216835
:207D600002FB0311FAF76EFC2069A1686368401C491EB0FBF3F2A1605A43801A20612846C0
:207D800005F018FBA06870BD284605F013FB4FF0FF3070BDF8B505466C68AE6804F0AAFE1C
:207DA00031680746886B20F4FA60886304F5D47003F098FCA06B18B9384605F0FBFAF8BDD4
:207DC0000022616B206BA263401A2063384605F0F1FAE068216B626B034628469847F8BDFE
:207DE000FEB5104D6C682079F9F7FEF804F082FE2E680746307880B9684604F0E9FAA0794A
:207E0000094A0190617900956B46301D01F053F801203070284603F06BFE384605F0CAFA13
:207E20002846FEBD8C130200F7C90100F0B50E4615461C460746002124220823ADF1240D53
:207E4000684605F0CBF80E9806900020059009484FF47A71AAB26B460068ADF81040B1FB36
:207E6000F0F080B231464243384604F0CFFF09B0F0BDC04624140200F8B506460F4D104F5A
:207E80007388002417E0A20002EBC402921951689068D26852B9AF420BD00A7855F82220F9
:207EA0000346491C08461946904701E0FAF7CAFB7388641CA4B2A342E5DCF8BDC81D0200E6
:207EC000D41D020098B504F015FE044604F03BF8B8B1032002F0D4F90B490020087020464D
:207EE00005F068FA094CA0680146022088470746102001F00BFD2FB1A068014603208847FF
:207F000098BDFEE798BDC046203C0020D411020070B584684568A16868681E4604F0DCF9A5
:207F20003246C0B9218AE068049B891E04F042FEE06805F08BF8E1680D224254E1680A239F
:207F4000461C7354E1682868721C002304F0D7FB686804F01BFE70BD0E49086820F00200C5
:207F600040F4087008600C48032140F8041C41F230018160012101605022826001604FF45D
:207F8000CA62826001604FF4865282600160034801607047000004605860044000410440CC
:207FA0002DE9FC470F4C8046606900271D4692460E46B94608B1804758B157B9042000907C
:207FC000E06806EB48312B46524604F083FB814600E00B27B9F1000F48BF01273846BDE890
:207FE000FC87C046A44300200E4A98B512780F460446012A01D002F049FB0B480078A04244
:208000000CDD07B9064F09480C2114FB01F140588069394602462046904798BD002098BD94
:20802000FC130200464A0020F1100200A4110200F8B504461646F0070D461F4603D41D2EA1
:2080400018BF1B2E09D16946204604F0DBFE172811D0F00701D51E2E05D16946204604F02C
:20806000CDFE172807D0069800903B4632462946204604F0BFFEF2BDF8B5054600260F4C4A
:208080000BE0B86808B1FFF709FA0C220021384604F0B6F800203880761C2178F0B2884245
:2080A00007D26A68F3B20C214B43D71838880028E7D14FF6FF712980F1BD00BFB50F002077
:2080C00083B24FF2FF52A3F20153934222BF8BB2A3F20153934201D212207047094A1368B5
:2080E000188059800A21B3F9000090FBF1F119711068B0F902100A2291FBF2F2427100209F
:20810000704700BF400F002008B9122070470D4A517809B10C2070470B4902784A704278D1
:208120008A708378CB70C0780871D1074CBF0720052011074CBFFF21FB21084003490870C4
:2081400000207047780E0020C00C0020C50F002070B505460E46C0B203F0E4FF0446E8B2D2
:2081600004F076F9002818BF002C13D0617989B1012E05D1C17E41F08001C176002070BD00
:2081800046B9C17E01F07F01C176017F01F0F8010177F3E7FF2070BD98B504F0ABFC0446BF
:2081A000FBF756FA0D480021001D0170032002F067F8204605F0FEF8074CA06801460220F0
:2081C00088470746102001F0A1FB1FB1A06801460320884798BDC046D41102001C3C0020FB
:2081E00010B5104CA0F5C060D4F81011C4F82C010029B8BF49420028B8BF404281420DDADD
:20820000D4F8140102F07CFED4F8180102F08AFED4F8280102F0AAFE012000E0002084F886
:20822000300110BDE83A0020B0B54FF08054D4F8D8010E4D80680146284688472A1D11685A
:2082400004F5EC74C7B241F03001116067B1206840680021024628469047206880680146CC
:20826000284688470028F8D13846B0BD0040034038B58168096844688969080916D304F08F
:2082800061FA4FF4FA75B5FBF0F0012898BF012103D904F057FAB5FBF0F104F5B274204668
:2082A00004F01EFC204604F01DFC38BD04F18800022104F07DFC38BD70B50D46044604F090
:2082C00019FC6668A1682B468E4204D105F072F84FF0FF3070BDE1682568491CB1FBF6F2D3
:2082E0007243891A4B55A2686369E160521CA260934238BF626105F05DF8A06870BD70473A
:2083000010B504680121207B6170401E05D0401E05D0801E09D10A490AE0002010BD074847
:208320004FF0FF3103F0D8FF05E04FF0FF3010BD08780028FCD0606810BDC046446300200E
:20834000154A002038B50F4C0C3C94F83350E06804236A46690304F026FB009800F0FF00D8
:20836000FF2805D07E2803D07C2818BF002007D1A80000EBC5000019B0F84C00C0F50050AB
:2083800038BDC046B04300202DE9F041876878681D460C4690466119884238BF6FF0030091
:2083A0000FD3094E30684FF0FF3103F095FF396840462A460919FAF745F9306804F0E6FBA1
:2083C0000020BDE8F081C0468467002070B50D00144618BF002C064601D1122070BD00202A
:2083E00028702070304604F05DFE01000FD1F0B203F098FE90F89611042908BF03212970A4
:2084000090F89601042808BF03202070002070BD10B514001AD011B1012908D016E003F0DA
:20842000A3FA10F1800F20700ED1302010BD0848C16B4A691168C26B5069027902EB820209
:20844000114411F8050C2070002010BD122010BDD415020010B5010003D04AF2B9118842DD
:2084600001DB302010BD0A4A4FF47A7148435060107801280AD1074C20784FF4805101F0CA
:208480000DFA20784FF48051F7F7C2FD002010BD880E0020C70F002038B5044604F08DFA31
:2084A00004F00102C4F340018A18C4F380018A18D2B290FBF2F102FB11010025C9B2002090
:2084C00001228240144203D0EAB28A4204D06D1C401CC2B2032AF3DBC0B232BD38B5044666
:2084E0000D4600210C4A2172107810B1204604F0C5FE204600F06AFE3C2D18BF432D0AD170
:2085000006488178880706D529462046BDE83840FF2204F0A3BF31BD44680020200E002039
:2085200030B50F4800210022431CCCB2491CCDB21A55082DF9DBD021417230228272782100
:20854000C17208220273002141738173C1730174FF218278417042F05902827030BD00BFE1
:20856000C00C00202DE9F84304F020FBDFF830900C4D00240126804606FA04F018EA000FA9
:2085800006D059F8240018B107680FB12146B8472868641CE4B28442EED9BDE8F883C046D9
:2085A000546000203C490020F8B50B460E49CF788D784E780C78002298B1401E10D0401E50
:2085C0000DD0401E0AD0401E18BF02220AD108460C30016819600079187103E03D462E460A
:2085E00034461C701046F8BD583C002038B50D460B490A78904204460FD20A480168884719
:20860000094A116831F8143023EA050521F8145006490A689047002032BD032032BD00BF15
:208620004F140200344000202C68002038400020F8B50D460C4904460868164608B9FDF7D5
:208640003DFB0A4801688847074632462946204600F014FB06490A680446384690470CB1A2
:208660000020F2BD0820F2BD0C6800203440002038400020B0B504F03DFA05460B480178ED
:2086800001290FD00A49024601230878137048B1084C0746206880680146204688470C3449
:2086A0007F1EF7D1284604F085FEB0BD474A0020F51002000813020018B591B04121684610
:2086C000FBF757FE6846F9F76FFF044620210DF1010004F057FE20210DF1210004F052FED0
:2086E000002C0CBF00201F200DF121020DF1010104F07CFB002012B010BDF8B506460C469E
:20870000C0B203F00FFD0546F0B203F0A1FE0646286841688F68687948B9FF20F2BDF289C2
:20872000688E40F6C411521C01FB0044F2812146384602F0D7FE0028F1D1F2BDF0B51546D2
:208740000E4604461F1CADF1240D08BF00230DD0684600212422082304F040FC3B78ADF8E2
:208760001030B86806907A6805926B46204631462A4604F04BFB204609B0F0BD60B1001F56
:208780000DD0C01F01280AD9801E01280AD9801E0BD0801E0CD00EE06FF0200070476FF0F1
:2087A000040070476FF0060070476FF0050070476FF0020070474FF0FF3070470E4938B546
:2087C0008A68CD681B3800FB00F482FB04234443C5FB04234C68C4FB002312091807024309
:2087E00008681B11C11780184FEA104041EB03010904084338BDC046C0460020B0B50E4C7C
:2088000005460820E56104F07DF9071C0FD000203870E069408802F095FD7860E2695088DB
:208820007880786818B151685288F9F70BFF284604F01FF93846B0BD2C47002038B50546DA
:208840000F2D0C4616DA4FF6FF72914212D0022806D13C2014FB00F080B204F0C3FA04E00C
:208860000E2804BFE0B203F06CF9034820F81540002032BD022032BDCC01002038B5044619
:208880000D4D04F023FE28802946608804F0A6FA38B120892988884228BF084628801620B6
:2088A00032BD21892888814228BF0146608801F003FF002032BD00BF380C0020F8B500259F
:2088C00000260C4C11E00C480168342212FB06F288180379DF0706D506220021801D02F05C
:2088E0005FFF00B96D1C761CF6B220788642EADBE8B2F2BDC10F0020180F002010B50268CA
:208900005368146940F6C41202FB01449C6081614FF4C873428A5143B1FBF3F1491C41617E
:2089200001684B689A684169521A9A6001684B689A688A60BDE81040FBF7E6BB50B50D491E
:208940000D4A49781268012904BF1478A0420ED0002300E023464C1EA34208DAD65C5C1C05
:20896000B042F7D18C4202D0501CC05C50BDFF2050BD00BF780E0020340F002070B50E4E93
:20898000336804461022214603F1180003F086F8002508B1082070BD306810222146383010
:2089A00003F024FC04F016FA00B10825316805204870284670BD00BF740F00200C4908688A
:2089C0008008FCD30B480068012819BF0122111C20210122084840F8251C002340F83D3C33
:2089E0000823C0F8FB3FC0F8FF3F40F83D2C704758600C40243C00203D400C407CB54FF04F
:208A00008056D6F8A4010C4D406803214FF040521C230446009128460021A047D6F8A40114
:208A2000406801214FF4007209230446009100212846A0477CBDC04600A00C407CB5024696
:208A400032F0020016D14FF08056D6F8A4014168094D042390B20C46702200900021284618
:208A6000A047D6F8A401C06870220021134604462846A0477CBDC04600A00C4070B504F085
:208A800039F806460C48001D007850B108480068C0680546074800243C2101222346A847F9
:208AA00000B10124304604F085FC204670BDC046A401001000A00C401C3C002070B50446D4
:208AC0000C4806680C4800682568006B8047801B000B2060A84202D240194008206040F61E
:208AE000C411814204D3B0F5967F02D24FF49671216070BDB83100208C010010F8B503F03B
:208B0000F9FF0D490B4FCA680C684B680D698E6882EA92024C60ED19CE6082EA42028B606D
:208B200082EA04120D6154400C6004F043FC28460019F8BDC58705002C670020B0B50D461A
:208B4000044603F0D7FFA768294697B1226923689A5C0A7021696568A268491C521EB1FBD4
:208B6000F5F3A2606B43C91A216104F023FCA068B0BD04F01FFC4FF0FF30B0BD3EB5054648
:208B800002F070FF0446082C01DB03F01EFAFF20084900900022012301951020F1F788FC97
:208BA00005490025E00000EB04104018C574C5753EBDC046554501005438002070B50C4CD3
:208BC0000C482568C26855F8106F0B4900F108030120B04718B1206850F8081F8847F0F7E0
:208BE00023FA216851F8142F4FF0FF309047F6E71C4A002044480020D9B2000070B50546F4
:208C00000B4801688847064605F1080080B203F0B7FC040005D00748A5800168216004600C
:208C20000834054A116830468847204670BD00BF34400020006800203840002038B50546AD
:208C40000B48016888470B4A146800E024684CB104F108018D4221BF04F10802A188511811
:208C6000A942F3D3044A13689847204632BD00BF34400020006800203840002070B5044664
:208C80000D46164602F026FF08B1466070BD102003F076FC78B18472058146600021016020
:208CA000C16005490A6812B9086070BD0A4611680029FBD1106070BD0C6800203EB5054646
:208CC0000EE06A6AAC6AA41A082C28BF0824E869694680182246F9F7B5FC686A0019686261
:208CE000A86A696A884206D903486946FFF72CF8B0F1FF3FE5D13EBD44660020C8B50E46A7
:208D000001460A480778002077B1094A12788A420ADD06B9074E084A0C2011FB002001683C
:208D2000C9680A4631469047C8BDC046474A0020F5100200B00F0200081302001CB50A1C4C
:208D400017D000230124E407A04238BF041C944201D95200FBE790425B41904228BF801A5B
:208D6000914201D25208F6E7191C021C081C111C1CBD00B1C84303F046FF1CBD98B50C462D
:208D800003F004FD002700B101270B4A18329069211AB1F1004F08D8011B891DC90F05D1CB
:208DA000801DA04288BF041C00E0841D14600FB903F0F2FC98BDC04600200940F8B504F0CA
:208DC00005F8002808BF002013D00A480768002F0DDD0948046800250020294603F056FA16
:208DE0000646B068A0476D1C7F1E7060F4D14FF0FF30F8BD041402001C140200F8B5064605
:208E0000346817460D4603F075FE94F8251021B104F0D0FA4FF0FF30F8BD012184F8251059
:208E200004F0C8FA28680FC80C3484E80F003A4630462946F2F7D2FFF8BD9EB50090171C70
:208E400001914FF000008DF8080010D00346009A01999C5C595C9DF808207F1E03F1010358
:208E600081EA040142EA01028DF80820EFD19DF8087007B901209EBDF0B50746BE687C68A1
:208E8000ADF1240D684602F08DFF00258DF8015070680690012001F093FC6060606838B15C
:208EA00030786946F0F78CFB2060206800B13D46284609B0F0BDF0B514460D4606461F1C04
:208EC000ADF1340D08BF00230DD0684600213022082303F077FF7B680893386805903A7AD0
:208EE000ADF818206B4630462946224600F012FB0DB0F0BD80B5C0B203F014F9010003D0B5
:208F0000CB895B08042B01DA002002BD0A2093FBF0F00A2202FB1033012BACBF01220022D1
:208F20001018B1F8621182B28A4228BF002080B202BD70B50C46054603F0DCFD29464E6842
:208F40008D68721B944288BF141CCA681219CA60CA682D19B2FBF6F373434E698D60D21A67
:208F6000AE42CA6038BF4D6104F024FA204670BD2DE9F04180461C4615460E46102003F04C
:208F8000C1FD071C11D0FE804046016839608088B8803D727C7206983946F860052001F0A1
:208FA0009FF910B1384600F0A9FDBDE8F08198B503680021D9629F690FB10221397093F8FB
:208FC000301002290DD001290FD19A692AB91C69D96ADA699B6AA04798BDDC68D96AA0479F
:208FE00098BD03F1340003F0D1FD98BDB0B50C4C002520800F46658010B1216901B1884756
:2090000047B1E2680748E188057022B121B9114638468847E18811B16069FAF703FAB0BD41
:2090200070180020484A0020F8B54FF08057064607F5EC7420680A4D81682846884700F076
:2090400003003060D7F8D801426800212846904720688168284688470028F9D1F8BDC0466A
:2090600000400340F8B504460D4616461F460C2001F0E8FF010010D00698D0220A704881AA
:20908000182306484C708B70CC708D80CE800F81BDE8F4400078F2F745B9F1BD3D4A0020DC
:2090A00080B50021C2070ED50849087820B9084B08481022042103E0002310220121064862
:2090C00001F010FB0146084602BD00BF354A002094160200E0440020D4480020F8B50D4CB0
:2090E0000E462178FF290546174611D00A2001F0A9FF68B1B12101700022427002714580A7
:20910000C680078101462078BDE8F440F2F70AB9F1BD00BF730200207CB505464FF6FF76E5
:2091200001AC009402230A4A3146012004F07AF90BE0E0680168284600F094FBBDF8042014
:2091400000233146204604F069F90400F1D173BDD216020038B50D46290414D50B4A1078A6
:20916000FBF762FF04000CD02078032808BFE06802D0012802D16068FEF790F9204602F07E
:209180001EFB85F40045284632BD00BF3A680020F8B50C4F054638680E46062440B90A495D
:2091A000087810FB04F080B203F0EAF9386040B13868654331462844BDE8F840062203F07C
:2091C00015B8F1BDB8670020C10F002010B50446A07A03F03DF950B1617B8A0707D5017BCD
:2091E00041F001010173607B00F0FD006073616D087E020607D5607BC20704D4BDE8104084
:20920000012004F043B810BD7CB54FF08056D6F8A4010B4D406802214FF4C07207230446AC
:20922000009128460021A047D6F8A401C06800214FF4C072072304462846A0477CBDC046EE
:2092400000A00C400D4B70B50D4606460824B3F9300085420BD13046194603F079F930B140
:209260001AB193F83300024201D0184670BD641E03F15803EBD1002070BDC046F83300209A
:20928000F8B51C461546074603F034FC9FB107F1280106C907F1280307F1200629432243A2
:2092A00083E8060096E8060007F120030D4344EA020683E8600004F07DF8F8BD00B5002159
:2092C0003C220823ADF13C0D684603F023FE0748084907904FF48060089001200690044867
:2092E00000236A4603F0C6FD0FB000BD605200204C3700203D000000FEB504461D461646FB
:209300000F460C2003F0FEFB011C0DD008480C81283001F029FD00972246102000230196B1
:2093200002490295F1F7C4F8FEBDC0467D6C0100B836002080B5014600200B4A024413792B
:20934000FF2B0BD08B420AD0401C0428F5D30748016851F8082F9047FF2002BD117140F072
:209360008000C0B202BD00BF444800201C4A002038B504460B480D4601688847002245F8D7
:209380000C2C226812B9256006E00A4652F80C1C0029FAD142F80C5C03490A68BDE83240A8
:2093A000104700BF344000203840002070B504460B480E46016815468847A6F10C01236893
:2093C0000A689E420CBF226045F80C2C0022FF230A608B72BDE8704002490A68104700BFA6
:2093E0003440002038400020F8B504460B480D460168164688470746324629462046FFF780
:209400003DFC0400064918BFE6600A68384690470CB10020F2BD0820F2BD00BF3440002026
:209420003840002038B50546232001F00BFE040013D0C22020700122E9786170A270E878FF
:2094400020B92022291DE01C02F0D0FE2146BDE8344002480078F1F765BF31BD7902002018
:2094600010B58468207DFF2801D000F001FE607DFF2801D000F0FCFDA07D0021FF2802D0C2
:20948000E27DFF2A00D141B1FF2801D000F0F0FDE07DFF2801D000F0EBFD10BD00B50021DC
:2094A0003C220823ADF13C0D684603F033FD084800F5B17107914FF48261089102210691F3
:2094C000044900236A464C3003F0D4FC0FB000BD3C2C00206D6300000D4B10B51B6801EACE
:2094E00003048C4218BF6FF0040010D180684068884298BF6FF0030009D98918884202D347
:209500001340934202D06FF0050010BD002010BD8C670020F8B507460A480B4C0668E069C6
:209520008D00285886420AD108480090384603F045FCE0692858864218BF381C00D100203C
:20954000F8BDC046400402004C3E0020B047002070B5141C0E460546ADF1280D0DD06846F7
:2095600000212422082303F025FC2078012804BF01208DF818006A4600E00022314628466C
:2095800003F014FC28460AB070BD02460229107803D1517800EB01207047032906D151784C
:2095A000927800EB012000EB02407047042908D15178937800EB0120D17800EB034000EB69
:2095C0000160704738B505460B4840210160802101600024C0F8FC4295F83C00042802D043
:2095E000022000F04DFE95F8400018B103F0B0F885F8404038BDC0460444024010B50C4C3E
:20960000002020700F2002F097FD18B9207840F0080020700E2002F08FFD18B9207840F06F
:209620001000207004F1240003F0C6FA10BDC046504400200B4980B509888DF80110002067
:209640008DF80000090A8DF802106A46064801788DF8031042F20200042103F0A3FB0020C0
:2096600002BD00BF32680020C60F002078B587B00F9C250013D0BDF8485006950394BDF872
:2096800040509DF8384004950294BDF844600D9D0C9C05960195009403F080FB00E03120EF
:2096A00008B070BD30B501460B4BC8681C680A68A04208BF196003680B6085888B888C6811
:2096C0008D80838083688B6084600260C268CA600021C16030BD00BFD06700200178012922
:2096E00008D002290AD004290CD0082904D0102906D009E0F5F79CB903F020BA0348704777
:2097000003F01EBA024870474068704708650020E864002038B504460B4A608813880025F1
:20972000834238BF8A200AD3884238BF8B2006D303F0A4FCA06008B1012502E0812003F0B9
:20974000BDFD284632BD00BF3268002038B50A4B1C680A4684B0014654F83C5F6846A84764
:20976000064A07481368006853F8084F6946A047C0B205B030BD00BF280F00202C0F0020AA
:20978000C867002010B50B4A926800211C234B43D45C844202BFD3185B78012B07D0064BAF
:2097A0001C78491C641DA142F0DB002010BD012010BD00BF78670020D40F002038B50C4BA1
:2097C0001B688BB1DC884588AC4201D0082032BD1B78012B01D1072032BD0C2904D1BDE86D
:2097E0003240104603F0F8B9BDE8384003F0D2BA740F00200B4B10B51B6802F0FF04A34246
:2098000008D31E2C06D8084C02F0FF0354F82330984201D0022010BD08461146F3F7F8FF3E
:20982000002010BD3C490020546000200C4880B50168886800E0384647681FB101F13802D7
:20984000BA42F8D1407B10F00F0006D1498F40F60900884208BF012000D0002080BDC046A6
:20986000B431002038B54FF6FF74A0420DD10020094A0025137898420DDA21F8204001EB35
:209880008003401C9D70C0B2F4E7F7F765FC10B104800021817031BDC10F002070B504469C
:2098A0000A480D460168884706462946204602F011F9040018BF03F0B4F805490A683046FE
:2098C00090470CB1002070BD062070BD34400020384000202DE9F0410F1C4FF00005144618
:2098E00006460ED0DFF82080641ED8F80000826914F8011F3068904718B17F1E05F101058D
:20990000F3D12846BDE8F081D001001098B504460B48006888B10746B86804420AD0F868A6
:209920003A690021034620469847002818BF4FF0FF3003D13F68002FEED1002098BDC04684
:20994000E83A0020F8B50C4E446885680F4608E0216B0870606B216B7F1E401C6063491C6C
:2099600021633FB130680069014628688847B0F1FF3FEDD13846F8BDD001001038B50C4CD6
:20998000E268054612B16068294690476560002000F0D6FAA060286800902069002103A34C
:2099A0000A4600F0E9FFF4F751FF38BD2A257300304800202DE9F0410F46044602F05CFCC5
:2099C00004F1280292E8600033462A46F9F79CF880460B4642462846314602F013FA17B1D6
:2099E000303484E803004046BDE8F081F8B5446885680F1C11D00A4E3068216A82690978BF
:209A00002868904748B1216A606A7F1E01F10101216200F101006062EED13846F8BDC046D1
:209A2000D001001038B5012815461C4602D0022809D00DE0049B0A462146284601B0BDE896
:209A4000304003F0A7BB0846BDE8324003F09EB90846BDE83240FFF7D1B8F8B505462C6822
:209A60006E6803F047F8E41D07462078C0080BD32846FCF7EBFA304601F0B0FE03F011F8FB
:209A8000207800F0FB002070384603F093FCF8BDF8B54568066803F02DF80746307870B108
:209AA000287902F0DFFE012806D1286800244460301D03F01DF834702879F6F745FF384695
:209AC00003F078FCF8BD70470A4938B5402205680A60802008600024C1F8FC4295F8260064
:209AE00020B1054803F052F885F82640022000F0C7FB38BD044402405462002010B50446F0
:209B000002F012F80949486154F8043C23F0004344F8043C0A6AD2180A628A69241F94421A
:209B200038BF8C6102F0E3F910BDC0463040002010B5044601F0F8FF094B0022014633F831
:209B40000C0F30B1A04208BFD4B203D0521C062AF5D3FF24084602F0CAF9204610BDC04642
:209B6000844000200A46014610B5101C0ED069B1074A0323C2F88437D2F88C3713F0030FF3
:209B8000FAD1044C012323601160906010BDC046044002400000484210B50A4941F8980CCA
:209BA00008684FF0805440F003000860D4F8B80181692020884704480068D4F8B801806BE5
:209BC000804710BD242208402C20094084460B4838B5028881B1051D4FF4D264AB5C521CF8
:209BE000491E0CF8013B92B292FBF4F303FB04F3A2EB0302F2D1028038BDC046A825002052
:209C000038B514460546042211FB02F21846091D02F0FC028DF800208AB22946FDF718FBC1
:209C200002460121684602F0C3FD84420CBF0020022038BD38B51C460A4B1D78012D01D159
:209C40003A2032BD130018BF002C02D010F47F4F01D0122032BD0B46214601B0BDE8304091
:209C6000F6F752BDB60F002030B5014609480A4C00682578002201E0C068521CD3B2AB4220
:209C800005D20028F9D003688B42F5D130BD002030BD00BFD06700204468002030B50A4AE9
:209CA00092680021CBB21C246343D55C854208D0064C2578491CCBB26D1DAB42F2DB002021
:209CC00030BDD018407830BD78670020D40F002050B501460948836800221C2050431C5C17
:209CE0008C4202BF18184678012E06D004480478521C641DA242F0DB002050BD7867002050
:209D0000D40F002038B5044602F0F4FE084905460878A04308700878000904D205480821D9
:209D2000E03002F045FF284603F044FB38BDC04650680020B0310020F8B516460F460446C1
:209D400002F0D8FE05460848001D0068A04205D13846314600F0F2FC044600E003242846D1
:209D600003F028FB2046F8BDB031002070B50C46054602F0BFFE29468A68944288BF141C92
:209D80000B694E68121B1B190B610B698A60B3FBF6F575435B1B0B6103F00CFB204670BDAE
:209DA00070B50D46044602F0A5FE2146CA684C688E68521CB2FBF4F36343D21AA31BA41AF9
:209DC0009C4288BF1C1C09688918296003F0F2FA204670BD014608B50A480A78062A0AD037
:209DE000072A03D0082A0CD1082008E0243002F0E3FE072002E002F0DFFE0620002100F00A
:209E00006FFA08BD0437002038B50446002508000CD1094B0848B2FBF3F300FB13222146AA
:209E2000104602F0AFFF050003D00121204603F0EDFA284632BD00BF40420F0010B50C462E
:209E40000168084A116043680749084A0B608068106001F0D2FC00F087FC2046BDE8104039
:209E6000EFF740BF3C400020344000203840002010B54468616C94F8240001F0F7FC94F8D7
:209E80002000A16C01F0F2FCE069012809D194F82800E16C01F0EAFC94F82C00216D01F05B
:209EA000E5FC10BD38B505460C46062000F038FB0146042008700E20487006488D70427C4F
:209EC000CA70827CC0680A7106224C7102F08EFD38BDC0463C2C002070B5064615460C46A4
:209EE0000C2002F00FFE011C04D12846FFF706FE002070BD8D60304603F064FA24B12046A1
:209F00004FF0804103F066FA012070BDF8B50B4E456884680F4606E005F13C02C1B21046C9
:209F2000FEF7CAF97F1E3FB130680069014620688847B0F1FF3FEFD1F8BDC046D001001002
:209F40000B4938B50B685C689968012500E0401C05FA00F2144201D18142F8D8814202D0E5
:209F6000814202D338BDD96809B94FF0FF3038BD3448002038B5B1F1FF3F044608BF05214E
:209F80002020EFF3118580F311880120054B61618840A061586902F0F1FEA06285F311884C
:209FA00038BDC046E03D0020BCB515460446FCF755FB071C0FD12078694600F0A1F828B164
:209FC000286802F056FD6FF00500BCBDBDF80000208001F067FC3846BCBD70B505460C466D
:209FE000084602F08FFD002106462246FAF7C5F9224630462946F8F725FB0A20314600F024
:20A000006FF910B13046FFF779FD70BD70B5044604F128020CCA0846002101F0F3FE04F15E
:20A02000300292E860002D1846EB0106290C30040143FEF7A3FE383484E8600070BD10B52A
:20A04000044602F097FE034603E0184602F08EFE03469C4208D0986802F0C6FD9042F4DAD3
:20A06000184602F071FC10BD204602F0C7FF10BD10B50446FF2C10D001F0C0FB0748083816
:20A08000006850F824102046F9F7C2FF2046002101F0DEFB204602F009F810BD94120200A6
:20A0A00010B504462088FFF743FDFF2808BF4FF0FF300AD0054B810001EBC000195811B1CD
:20A0C0002046884710BD6FF0010010BD984000200A4A10B512680C464FF47A710023A1FB87
:20A0E0000001F8F711FD002908BFB0F1004F2EBF6FF002002060002010BDC0462414020087
:20A10000062880B50ADA094B0C2210FB02F29F5AD0181FB14FF6F872BA4202D14FF0FF30DA
:20A1200080BD00880880002080BDC0469040002038B5054601F0F8FC084C04220146303C35
:20A1400054F80C0F18B1A84202D0521EF8D10024084601F0CCFE204638BDC0468440002068
:20A1600070B503460E4601F01DF9B04202DA01F019F90646054C6588184632466119183122
:20A18000F8F760FAAD19A8B2608070BD7018002038B50A460C460546002101F0BBFB0749AF
:20A1A0000C39487840B97C2C08BF81F833500C2015FB001080F8464038BDC046B0430020DE
:20A1C000F8B50A4C054620680E4617464FF0FF3102F082F8284631463A46FCF797FC0546E7
:20A1E000206802F0D3FC2846F8BDC046846700207CB50C78022C11D14C682578647805EB00
:20A20000042642F60215B6B2AE4207D1BDF81850009502240194FDF753FB76BD012076BD5F
:20A2200010B50A4AD36B5C6923681B780370D06B43691868D36B5A69137903EB83031844AD
:20A2400010F8052C0A70002010BD00BFD415020070B5084C94F900106FF00105A94207D077
:20A26000054B064A1E68106856F8342F9047257070BD00BF3A4A0020200F00201C0F0020F9
:20A2800010B5044602F036FC084B1A1992F84311491EC9B282F8431121B99A680121A14098
:20A2A0008A439A6003F086F8002010BDE83A002038B5044602F01EFC084A02F108031D681F
:20A2C0000121A140A4182943196094F84311491C84F8431103F06EF8002038BDE83A002015
:20A2E00038B505460C46082002F00CFC02460748C1684AB1157054600069FFF7EDFD002154
:20A3000000B90121084638BD132038BDB8360020F8B5054608480E46016888470746314651
:20A32000284601F0D7FB002400B1446803490A68384690472046F2BD344000203840002017
:20A340001CB54FF08054D4F8CC014068014602208847D4F8CC110090486801460120884780
:20A36000019002486946FDF7C3F81CBD44660020C8B50F46016887B17E6876B13A78042AA1
:20A380000BD1BE684EB100224A628F617A68CA61BA688A62F6F738FBC8BD6FF00200C8BD58
:20A3A00010B5084C207840B90849074841F28872091DF8F747F90120207001F053FFF7F7EF
:20A3C0003BFC10BD494A00204C40002124D5010010B502F0C7FC02F019FE032002F0BEFCCD
:20A3E00006481030006830B1034C204602F07CFA204602F07FFA10BDFBCB0100BC3D0020EB
:20A4000008B502F0E3FC012801D002F0A3FC074802F09CFC00F094FE02F094FC02F08EFCCA
:20A4200002F088FC02F082FC08BDC046D1A30100084910B5002008600120C861064C20603C
:20A44000216844F8280C05480068016A14208847206810BD000024432C200940B0010010CE
:20A4600030B50025ADF1240D0848009502AA01930B46294602F056FC041C03D002A901F04B
:20A48000D9FC2546284609B030BDC046F810020030B503460025ADF1240D0848009502AAA5
:20A4A0000191294602F03EFC041C03D002A901F0C1FC2546284609B030BDC046F810020094
:20A4C00030B50025ADF1240D0848009502AA01930B46294602F026FC041C03D002A901F01B
:20A4E000B5FC2546284609B030BDC0461811020038B50446EFF31185202080F31188A08AD6
:20A50000012809D102F052FEE168A368081A834203D22169814200D2002085F3118838BDA1
:20A5200010B500F10804A042ADF1200D09D8684601F0A4FC002021466B46024602F0EEFB31
:20A5400008B9002002E000604460083008B010BD38B5044601250DE0C0F11F0005FA00F16D
:20A56000052881EA040403DB401FF6F7EDF901E0FFF786FEB4FA84F02028EDD138BD38B5C6
:20A58000044601250DE0C0F11F0005FA00F1052881EA040403DB401FF6F726FD01E0FFF7DA
:20A5A00087FEB4FA84F02028EDD138BD3EB54D681821144601916A880092AB88AA682988B2
:20A5C0004088F9F799FE162802D10021A9603EBD01001CBF298821803EBD38B50C46054643
:20A5E00002F088FA22680346002442B12846114601F0AEFF00B114461268002AF6D11846C6
:20A6000002F0D8FE204638BD08B5F2F719FD0748EDF7FCFF40B9F4F7E7FB0549172001F0F1
:20A6200017F9EFF7F8FC08BDFEE7C046E4120200C9A801000EB5ADF800000020ADF80200E7
:20A6400006488DF806100C30016868468847002814BFFF209DF807000EBDC04630400020D8
:20A6600038B50C46054601F05FFA002144F80C1C296811B92C6006E0114651F80C2C002AB2
:20A68000FAD141F80C4C01F032FC38BD074898B5007838B1064C074654F80C0B006980471B
:20A6A0007F1EF9D103490120087098BDF1100200A4110200464A00207CB504460D4602F0CF
:20A6C00029FB06000AD101A821460090ADF804507F23034C2078002202F018FB304676BD83
:20A6E000720200203EB504001D460FD0ADF800108DF802200194684602F004FB010006D125
:20A700002DB16089294602F0F9FA3EBD02203EBD074AD16B4A69116800EB80028B18054AEE
:20A72000D3F801105182044908700021F6F74CB8D415020050640020CA0F002010B50C46C4
:20A74000084924310978022918BF012009D100F0A1FB04B1206000F0FF0001280CBF812090
:20A76000022010BDB0310020064808B5804707490548CA6802604A68426089688160044973
:20A78000C16008BD01700010AC01002030400020B0EC010030B50D46044624220823002144
:20A7A000ADF1240D684602F005FB012029466A468DF81800204602F0F9FA204609B030BDF6
:20A7C00010B50446002124220823ADF1280D684602F0F0FA044A012069468DF8180020465A
:20A7E00002F088FA0AB010BDB047002080B5010002BF06490A78012A04D00549054A097862
:20A8000013689847BDE8014001F09BBF3E4A00204D680020184A002038B504460D46FEF72F
:20A820000DFA68B16D42611900F10803994221BF00F1080580882818884201D3084632BDF7
:20A84000204632BD074810B5002407490460032008600220FFF714FD0720F6F775F8034837
:20A86000047010BDA802504210800240314A002010B5446894F82400FFF7FAFB94F8200036
:20A88000FFF7F6FBE069012807D194F82800FFF7EFFB94F82C00FFF7EBFB10BD10B5094C78
:20A8A000207801280CD004F108010120FDF79CFB606028B10121217004F10C0102F06EF8AB
:20A8C000207810BDEC47002017280DD107480078410809D3800807D2054801680869B1F985
:20A8E0003010002201F0F2B97047C046184900204C4900200860322088800020888102A0DA
:20A90000886008467047C0467B756E6B6E6F776E2D696E7374616E63652D6E616D657D00EC
:20A9200008602F2088800020888102A0886008467047C0467B756E6B6E6F776E2D696E7398
:20A9400074616E63652D6E616D657D0038B52020EFF3118580F31188064CA068002102F083
:20A96000C5F96169081AA169814238BF002085F3118838BD7C3D002009B490B503AFADF118
:20A98000040D48B103681B693C1D24F00304241D00941C467B68A04701B0BDE8904002B071
:20A9A0007047F8B516460D46044602F0A3F8024629463046086043684B60476807B92746E6
:20A9C00039604160104602F0F5FCF8BD70B514460E460546002201F01BF8FF280AD02B2EB1
:20A9E00019BF40F22B2141EA8421A10241F02B0145F8201070BD70B50D46044602F07AF871
:20AA000021460B694C688E682A46E41AB44288BF341C0968C918116002F0CCFC204670BDA6
:20AA2000F8B5064614460D46062002F06BF8071C0AD03D707E80042039463C71FFF750FCBB
:20AA400010B13846FFF75AF8F8BD38B50C4601466BB1091F002051F8045FB5F1FF3F06D06A
:20AA60001540AC4204D05B1E00F10100F3D1FF2038BD704738B5074C201D006880470546CE
:20AA80000548826812B1418800209047A1682846884738BD30400020D44500201CB55B1CB0
:20AAA0008DF802109624ADF8002099008DF803406A46042389B2FDF773FA014908701CBD11
:20AAC000A543002038B5084A0D461168044601F0E1FE800705D529462046BDE8344002F008
:20AAE00001B9012032BD00BFB467002010B529B1064BDA6B52691479A04201D3122010BD60
:20AB0000034A107001200870002010BDD4150200CA0F002038B504000D4608BFFFF766FE99
:20AB2000A079294602F0E6FB204601F0F1FA204602F0DCFBBDE83140EAF7D0BD10B50446B6
:20AB400010460A46211C08D038B1C8608A6004480B6100F009F9002010BD6FF0020010BD7A
:20AB6000E83A002038B50D460446FAF7EDF905F57A71241AA008814234BFB0F1405F002051
:20AB800003D2401B012898BF012038BDF0B505AF97E860000446ADF10C0D8DE86000EDF7FD
:20ABA00041FE01460A224FF0E0432046F5F726F803B0F0BD38B5044606480D4601688847A1
:20ABC0002268054945F80C2C25600B68BDE83240184700BF34400020384000203EB50B468B
:20ABE0000021ADF80600ADF8081004248DF804400092DDE90101024C65690022A8473EBD59
:20AC0000D863002038B5074D074CA96920463C22F7F718FD2046FCF767FF2168BDE834400B
:20AC20000020084754110200D86300203EB513460022ADF80420ADF8020004248DF8004018
:20AC40000A46034CE569DDE90001A8473EBD00BFD8630020084A02F1E40192F8E820FF2A57
:20AC600008D00A68824208BF087904D008310A79FF2AF6D100207047B836002038B5084DD7
:20AC800069682C6824EA010028600C40E00901D300F0C9F8200A01D3FDF714F9AC6038BDFE
:20ACA0009022084010B5084C38B1064800684068012102462046001F9047206820F03000AC
:20ACC000206010BDD80100100440034080B50F1C02D041680F43476012B141689143416002
:20ACE0000349091D0968814201D1FEF747FE80BD3048002080B50F46012101FA00F00649E7
:20AD000027B95218116821EA000002E0521811680843106080BDC0460020024038B5054608
:20AD200001F0E8FE95F84210002918BF4FF0FF3403D10121002485F8421002F03BFB204674
:20AD400038BD70B504461E4615460846FEF7F0FE0146FF2908BF4FF0FF3004D020462A4651
:20AD60003346FAF70BFE70BD38B50D46044601F0C1FE00212A46234611605968516059685B
:20AD800001B921460A605A6002F014FB38BD38B50C46054601F0AEFE00212B4622461C68D3
:20ADA00051601460196801B929464A601A6002F001FB38BD38B50D46044601F09BFE2A4639
:20ADC000116801B9214653684B60516801B9214612680A6002F0EEFA38BD70B506460D4622
:20ADE000082001F08FFE041C09D02660032021466560FFF775FA10B12046FEF77FFE70BDB4
:20AE000070B504460D461646F6F7A6F940B929464FF6FF70F6F7A0F908B9112070BD048043
:20AE20008670002070BD08B5042001F0A3F9022806D0032804D0012807D1FDF7DFFD08BDCC
:20AE4000FDF7DCFD0220FFF71BFA08BD38B50568002485F85540AA6B21462846F9F78DFA42
:20AE60001022214605F12000F9F787FAAC6438BD054808B500684268012001469047034807
:20AE800003490068086008BDE001001030200940D846002007490246083908680028FCD1CB
:20AEA0000023CB610A60C8690028FCD0CB6148687047C0460810044080B50021C00706D5C7
:20AEC000044B054810220B21FFF70CFC0146084602BD00BF88160200803F002038B50446B1
:20AEE0000D466946288802F091F908B9012032BDBDF8002001462B462046F7F79BFE32BDEA
:20AF000006491CB5096880B24968009004484FF47F4208230C463021A0471CBDA40100109A
:20AF200000A00C4006491CB5096880B24968009004484FF4F80212230C460421A0471CBD2C
:20AF4000A401001000A00C4006491CB5096880B24968009004484FF4003211230C460421E0
:20AF6000A0471CBDA401001000A00C4006491CB5096880B24968009004484FF440620A230E
:20AF80000C462021A0471CBDA401001000A00C400749082291F8330030F07F0008BF081CFD
:20AFA00004D0521E01F15801F4D100207047C046F83300200A46064910B54B683BB1896821
:20AFC000084204D003490C6801462046984710BDFC120200B431002010B50C46210409D50B
:20AFE000054A1078FAF720F808B1FAF702FF84F4004010BD002010BD4A68002010B5074C6A
:20B000002178E0610620FDF719FC207801F0DCFB2078BDE8104001F061BE00BF883E002085
:20B0200010B50446608850B9A079FEF783F9FF28E07102D16FF0030010BD002010BD6FF0C0
:20B04000010010BD10B5040001D1002010BD04F10C0080B201F094FA28B100210160FF226C
:20B06000048182720C3010BD80B50549054A00200860136853F8180F80470349086001BDCE
:20B08000106800201C4A0020146800200648016841B106484A680968824298BF1046002942
:20B0A000F8D17047002070470C6800208EC2F52808B5082001F026FD021C07D000201070AA
:20B0C0000349506088684968FEF706FF08BDC0463C2C0020064A1068002818BF012006D1C7
:20B0E000044940200860012348600020D361704704800C4038500C4010B50346002A08BFC1
:20B1000000200AD05B1E491E11F8014F13F8010F844201D1521EF7D1001B10BD38B5074CE9
:20B1200013460A4601462078FF2520B1606801F03AFC00B90025284638BDC046EC47002009
:20B14000074808B51030006828B1034801F0CCFB024801F0CFFB08BD25B701001DBE0100DC
:20B16000BC3D0020074810B51030006830B1044C204601F0B9FB204601F0BCFB10BDC046DD
:20B1800009CC0100BC3D0020074908B5283090E80C000020F7F7B8FC002908BFB0F1FF3F46
:20B1A00088BF4FF0FF3008BD907E000038B505460024064A0448009429684FF0FF3301F088
:20B1C00089FD2C6038BDC046F810020011C6010038B505460024064A0448009429684FF024
:20B1E000FF3301F077FD2C6038BDC0461811020021C60100F8B50F461D4616466946FEF7B9
:20B2000067FF041C05D10098394632462B46F7F7C7FC2046F8BD38B5054601F06BFC2C68E2
:20B2200034B121682960216801B9294600224A6002F0C0F8204638BD1CB50446084669467C
:20B24000008801F0E3FF010001D1012016BDBDF800202046F9F798FD16BD70B515460C4667
:20B26000064601F0CEFC214630462A46F4F758FC214630462A46F9F747FF70BD38B5054653
:20B28000012001F03FFC041C08D0257001202146FFF726F810B12046FEF730FC38BD38B50E
:20B2A0000546012001F02EFC041C08D0257002202146FFF715F810B12046FEF71FFC38BDC2
:20B2C00038B50468E07904F59E7540F04000E071284601F05BFCA179284609B901F056FCAC
:20B2E00038BD7047064914390A69D20FFCD30A6802604A6842608A688260C968C1607047DE
:20B30000544502400068007B022803D00348012101707047024801F039BC7047154A002077
:20B3200044630020F8B516460D46044601F0CEFC074629463246204601F0C5FB384602F02A
:20B3400039F8F8BD10B5044604F10C00F8F724F830B1048100210160FF2484720C3010BDE2
:20B36000002010BD38B5064D2C68402044F400242C6001F081FB24F400242C6038BDC04694
:20B380003C2008400648018840884FF4D262401A00F5D26090FBF2F15143401A80B270472D
:20B3A000A82500200648418800884FF4D262401A00F5D26090FBF2F15143401A80B27047C4
:20B3C00070180020064910B504460878636889880022FFF7B6FC2046FEF790FB10BDC04688
:20B3E0005C42002010B5064C206920B1206901F040FB002020616069022101F0EBFF10BD34
:20B400005C420020064A08B5126801EB4031012310466A4601F0C7FA9DF8000008BDC0464E
:20B42000B04300201FB58DF80820FE23120A8DF80920019300240094022302AAF8F75CFF26
:20B4400004B010BD054AD16B49690B79984201D3122070470249087000207047D41502008E
:20B46000CB0F002006488078FF2800D1704780B500F058FEBDE80440002101F017BF00BFD2
:20B48000780E002080B506480178C91F012905D90020FFF7ABF9862001F0FCFF012002BDEE
:20B4A000C80F002010B5044601F08CFA012807D02046F8F711F901281CBF2046FBF714FD43
:20B4C000002010BD20B5014600200A680860134615791268032D08BF401C9A42F8D10B60A5
:20B4E000C0B220BD8142064A03D2401A9042804103E0081A90428041C043C00F704700BF48
:20B5000001E07072017A102908DA054A11688B6E93F83310012901D10620704701F0D2BBEC
:20B52000740F0020017A102908DA054A11688B6E93F83310012901D10620704701F0BEBB00
:20B54000740F0020002948BF0021054A02EB8000026801F03F0122F03F02114301607047E1
:20B560000010084005480068000834BF4FF482504FF44150024908607047C046AC4F00501F
:20B5800028A10C4005480068000834BF4FF480504FF44050024908607047C046AC4F005045
:20B5A000A8A00C4038B5054601F0A4FA044604482946FFF7FFFB204601F0FCFE38BDC046EF
:20B5C000E83A00200648054A816A8A4203D0E030042101F0EDBAF9F7F1BFC04665360000F4
:20B5E000B031002008B54FF0FF3000F087FD800805D303484FF40061E03001F0D9FA08BDC3
:20B60000B0310020064A92F824100020022906D1D2F8A81019B9D2F8AC1001B9012070478D
:20B62000B031002005480068400838BF002003D303480068C0F3C0107047C0464021084083
:20B64000000004403EB50446A0686A46F4F7ABFB0546832D04D1694620460022FEF76CFBBD
:20B6600028463EBD30B50346002400E0641CA0B2884205D203EB0010C5689542F6D130BD06
:20B68000002030BD05490A88FF2A05D1088078220021034800F0B4BD704700BF3A490020B6
:20B6A000D0600020642809DC40036421044A536890FBF1F0C0F5005080B21847042070471B
:20B6C000D86300200346104610B51A4630B1044B11F8014B62409A5C401EF9D1104610BDE3
:20B6E000440A020038B5044601F004FA0546207820B10220FEF7C4FD00202070284601F039
:20B7000059FE38BD38B5044601F0F4F90546207820B90220FEF7CCFD01202070284601F01C
:20B7200049FE38BD10B5064C206901F0C3FA0146A06800B9E160A068401CA06010BDC046FF
:20B74000BC3D0020054808B54168054801220838026048698969884708BDC046803E0020F0
:20B760000C20094070B54A1ED2B2002305E0D51AC45C465DC65444555B1CB3EB510FF6DB90
:20B7800070BD02294FF0000204D0012808BF4FF47A7203E0012808BF40F2EE2210467047FB
:20B7A00010B540B1002300E05B1CDCB2944204D2045D8C42F8D0002010BD012010BD80B518
:20B7C00008B9052002BD10F8021CFF2901D0042002BD0C3800F0CCFE002002BD0268916B7F
:20B7E00021F4FA61916301684FF4FA624A640168086B20F40070086370477047FF2807D0F8
:20B800000449891C01EB8000017801F0FB0101707047C04600100840FF2807D00449891CEE
:20B8200001EB8000017841F0040101707047C046001008400549C0310968012303FA00F2A4
:20B8400000200A4218BF181C7047C04600200240FF2808D0044A121F126802EB8000026883
:20B86000914218BF0160704794120200FF2808D0044A02EB8000026802F0FF02914218BF9D
:20B88000017070470010084005490968091AB1F5967F98BF002001D9F7F77EBD7047C04654
:20B8A0005040002008B501F039FEFEF741FC30B1816821B140684FF0004101F08BFD08BDBF
:20B8C000054800684BF677310001B1EB104F14BF4FF0FF30052070471813005008B5044B2A
:20B8E0001B689B699847034A0021116008BDC046A801001084046042044908B50968496928
:20B900008847034A0021116008BDC046A80100108404604208B501238DF800206A46FCF7A2
:20B920003FFB0249491C087008BDC046A4430020806802680A604068034A4860106800F012
:20B940000F0080028860704730240340054808B5006800F0C1FC002814BF6FF00200002085
:20B9600008BDC046846700200449054AC86B41690868137803EB8303C0567047D415020051
:20B98000CA0F002005494A780870FF2A04D04B78984288BF18464870704700BF340900205C
:20B9A0000349044809680160034801F001B9C046E0200240E02002601464002008B501F037
:20B9C00025FB0349086001F0CDF90249086008BD2468002020680020044808B5006801F0AE
:20B9E00071FB0348006801F005FB08BD20680020246800200548B0F9B610B0F9B400814242
:20BA000002D10820FEF77EB97047C046B031002038B514460546502340F2FF32FFF715F8D6
:20BA20001CB155F82010890A216038BD054908B56A46FEF781F981280CBF9DF902006FF01E
:20BA40007F0008BD0100030410B5044601F052F803490A7814430C7001F0ACFC10BDC04643
:20BA600050680020054B0146002033F8182F914203D0401C0828F8DB082070473C3800204D
:20BA80000200034A117008BF02480349086070473E4A0020F5CB0100184A002010B5134651
:20BAA0005A1E3BB110F8013B11F8014BA342F6D0002010BD012010BD70B505460E46B0B2DD
:20BAC00000F05EFD040003D03246294600F08EFB204670BD20B502460448006828B103891B
:20BAE0008B4204BF857A9542F7D120BD0C68002040684FF0FF330168034ACB6201688A6058
:20BB0000006801214160704700180020054B10B5044601F0CBF8A06800280CBF0020201CA1
:20BB200010BDC046B047002010B501F01BF980B260F30F0401F0CAF880B260F31F442046B8
:20BB400010BD80B500F09EF88DF800006A4601214FF6744001F026F9002002BD80B5FCF7F6
:20BB6000AFFA8DF800006A46012142F24D0001F019F9002002BD801E08B506D0401E00D003
:20BB8000FEE700F0EDFA002008BDFBF705FA08BD0A684B68002A0CBF436053604A680968BB
:20BBA0000AB9016070471160704710B5044601F00DFC844204D08468FDF7A0FF204610BD2D
:20BBC000002010BD0146044808B500F085FB002100B90121084608BD546200204118491E13
:20BBE00005E00A78037800F8012B01F801398142F7D87047044B10B51B684068DC698B694B
:20BC00000021A04710BDC046000200100068017B022914BF00218169014800F05DBBC046F3
:20BC2000F462002004480068C0F302400628C8BF4FF0FF307047C0469412005010B5002426
:20BC400030B1C01D80B2F9F717FCFF2808BF0124204610BD0146034808B500684268024800
:20BC6000904708BDD8010010004003400449096809B900207047062250430844704700BFE8
:20BC8000B867002010F0070001D11E207047024908700020704700BF384A0020044BDB6D05
:20BCA0002BB143F8220001F1045141F8280F7047CC420020044908B591F8410118B1D1F848
:20BCC0006C0100B1804708BDE83A00201CB5C2F3800302F001040093C2F340032246F0F79E
:20BCE0001FFE1CBD10B5044C00F060FF0146A26A6068904710BDC046B0310020014611F8D4
:20BD0000060C032803D1024A1078EFF70BBB70474A68002011444B1E03E013F8011900F84B
:20BD2000011B11464A1E0029F7D1704710B5034A034C136922788018195410BD444800208B
:20BD40004F14020080B50A46010605D501460020EFF746FAC0B202BD012002BD0349044BDF
:20BD60000020088001221A70704700BF366800204F680020044A12688A4202D8B1F1FF3F15
:20BD800001D1FEF7F7B87047480402000268406892F8303000780021042B18BF01215269B0
:20BDA000FAF72CBC044910B51CC91CC01CC91CC00EC980E80E0010BD8C0F0200044910B54D
:20BDC0001CC91CC01CC91CC00EC980E80E0010BDB00F02000449B1F1FF3F07BF0021081CCE
:20BDE0000868091DF2F742B9FFFFFFFF10B5044C207820B1606800F0C7FD0020207010BD56
:20BE0000EC47002030B502FB01F403FB00444FF00005E2FB00542146284630BD0449886842
:20BE2000401E886003D10869C96800F03BBF7047BC3D00200121044A41600021C1601268BF
:20BE40008160801800F02ABF0014020010B50446086903490968A0608847606010BDC046DB
:20BE60000C1402002022EFF3118382F31188426A1143416283F3118800F00CBF30B104493F
:20BE8000814203D000212022F8F777BA7047C046B0470020044800B502680A21ADF12C0D48
:20BEA000684690470BB000BD5405020010B544682068F6F7DDFD00202060606800F0DEFC38
:20BEC00010BD0268C16922F0070221F04041026041F08041C161704708B501208DF80000C4
:20BEE0009DF800000028FBD100F06AFE08BD08B50090BDF8020001F05DFABDF8000001F0AA
:20BF0000E1F808BD10F07F4F08B503D1FEF720FB002008BD6FF0020008BD10F07F4F08B57E
:20BF200003D1FEF72CFB002008BD6FF0020008BD80B50020FEF75AFC822001F0ABFABDE889
:20BF4000014000F0A3BE08B5F7F782FB10B9F7F77FFB08B1012008BD002008BD10B5012983
:20BF6000044698BF012100F0BBFD204600F0BAFD10BDADF1080D01208DF800009DF800008E
:20BF80000028FBD102B0704710B5044609202146FEF7A6F910B12046FDF7B0FD10BD00225A
:20BFA0000A6043684B604268002A14BF1160016041607047ADF1080D01208DF800009DF802
:20BFC00000000028FBD102B07047ADF1080D00208DF800009DF80000401C8DF80000F9E756
:20BFE00010B50446FFF7BEF8032000F0B7FE204600F060FF10BD10B52021EFF3118481F34B
:20C00000118800F03FFE84F3118810BD08B5FAF745F902490120087008BDC046404A002038
:20C02000034938B53CC93CC00EC980E80E0038BD3811020010B50C46A2686168F3F74AFE1D
:20C0400008B90221217010BD08B500F007F802490120087008BDC046424A002008B5FAF7E9
:20C060001DF902490120087008BDC046414A002008B5FAF713F902490120087008BDC046E7
:20C08000434A0020034808B5416809B10078884708BDC0465044002008B5FAF71FFA0249B0
:20C0A0000120087008BDC046444A0020FF2803D0024A126842F820107047C04694120200DF
:20C0C000FF2803D0024A01F0010111547047C0460020024010B500F0F9FD044601F06AF95A
:20C0E000002004B9012010BD10B5044600F002FD00216160216001F05DF910BD034908317B
:20C100000A681040C2430A607047C0460810044003490A78022AA4BF00210167704700BF79
:20C12000780E0020034A53684FF4D07148431844704700BF780E0020014603484030006860
:20C14000C84000F001007047802002400348006800F07F001F2828BF1F2070474413005060
:20C1600008B5F1F7DFFB0028FBD0401E012800D9FEE708BD034908B5083909680968884748
:20C1800008BDC046E8010010034938B53CC93CC01EC980E81E0038BD981002000349103108
:20C1A00008680028FCD00020086070470C10044008B5C2F3800302F0010200930123F0F7F4
:20C1C000AFFB08BD0EB50091019291F904300A680121F0F741FC0EBD0328BABF024901EBED
:20C1E000401000207047C0469033002003E011F8013B00F8013B13465A1E002BF7D1704758
:20C2000010B5044610460A4601462046F8F7B2F8204610BD024A106002480160704700BF13
:20C22000EC670020F06700200160426083610021816001614161521EC2607047034910B5CD
:20C240001CC91CC006C980E8060010BDE811020010B5046804F1340000F096FC002084F8A0
:20C26000310010BD03490248096801607047C046E004002124D50100034808B508300068F4
:20C28000006B804708BDC0468401001000B903488A0002EBC10108187047C0462449002065
:20C2A00008B500F0EBFC0248006800F0F3FC08BD883D002008B58022FCF7C4FF002814BF9F
:20C2C000C068002008BD016042600021816001614161521EC260704708B500F0CBFC002863
:20C2E00014BF00204FF0FF3008BD0B4601281146184608BF01F00AB9FBF7D0B801700A0A6F
:20C300000B0C090E42708370C170001D704708B500F050FF01460020012908BF012008BD0B
:20C32000024910B51EC980E81E0010BD4C120200024A02EBC000FAF737BFC0464C1302000C
:20C34000024A02EBC000F4F7BFBBC04654130200024910B51EC980E81E0010BD5C12020056
:20C3600019B900211022F8F708B81022F6F76AB9024A02EBC000F8F7DDBFC0465C130200AC
:20C38000024910B51EC980E81E0010BD6C120200024A02EBC000F9F703B8C04664130200B0
:20C3A00008B500F01FFC002100B10121084608BD024910B51EC980E81E0010BD7C120200D4
:20C3C000024A02EBC000FAF787BCC0466C130200002101604FF0FF314160012101727047CB
:20C3E00008B500F0E7FE002100B90121084608BD0246024808B5904708BDC0469811020000
:20C40000024A11680840C14311607047081004400C281CBF11281A2801D100F067BD704760
:20C420000249086000200871704700BFAC670020024B18609A809971704700BF800E0020FA
:20C44000024A52680AB142F821007047CC42002002490A6802EB4010704700BFC067002024
:20C4600002480178481E8041C00F7047C80F002002480178481E8041C00F7047C80F0020EE
:20C48000024940F649600880704700BFF000002170B5024CA56B2E68B04770BDCC420020F8
:20C4A0000249087800B14868704700BF786700200228BCBF01490870704700BF3B4A002059
:20C4C0000228BCBF01490870704700BF496800200249086840F00300086070472422084013
:20C4E00002484FF00041583001607047A8A00C40024830300068C0F30720704700A00C40AF
:20C500000248001D0068C0F38440704700A00C40024820300068C0F38120704700A00C4039
:20C52000024940200860FEF7A3BCC046A8A00C40024808B500684068804708BDE80100105E
:20C54000024900220C39CA61086070470C10044021B10969884208BF012000D000207047E2
:20C5600080B50221684600F081FBBDF8000002BD02490A6852F8383F184700BF1C4A0020B3
:20C5800002490A6852F8343F184700BF1C4A002002490A6852F8443F184700BF1C4A00204F
:20C5A000002101604FF0FF3282604160C1607047024A02EBC000F6F70FBAC0467C130200E8
:20C5C000042808B502D11046F0F712FC002008BD0068C17941F02001C171743000F0D6BA25
:20C5E0004FF00041B0FA80F2D14008404042704700688069C00880F0010000F001007047DB
:20C600000F2802D9014910380860704700EF00E002490968401800F025BBC0460014020088
:20C6200008B5024940680968884708BD1014020008B5024B40681B68984708BD0814020028
:20C6400008B5024B40681B68984708BD1414020008B5024A40681268904708BD18140200E2
:20C6600008B5024940680968884708BD20140200042808B502D11046F4F7CAFD002008BD26
:20C680000068002180F83E100A20F4F75DB90068002180F822100A20F4F756B94160042301
:20C6A0008260002103700846704741600223826000210370084670470021016041608160BA
:20C6C000C1600174704708B54FF0004100F082FE002008BD38B50468049D646A0095A04737
:20C6E00038BD0969006981420CBF0020C8687047416882680020914208BF012070471CB5DF
:20C700004FF0FF340094EAF7A3FB1CBD10B50021044600F0C3FA204610BDD0F80320C31DE0
:20C7200008461946F5F78EBF08B5FFF7A5FD000C0904084308BD0068002101700A20F4F786
:20C7400003B97047014800687047C04624140200014800F01BBAC0465462002008B510B156
:20C760000368DB68984708BD0021016041608160017370470068002101701220F4F7E4B885
:20C7800008B5014688684968884708BDEFF3108072B6704700207047EFF3108062B67047F7
:20C7A00000207047014800787047C046484A002013460A4601461846FEF784BF014800683B
:20C7C00000F0E4B98467002001490870704700BF7302002001490870704700BF3A680020FA
:20C7E00001490870704700BF3C68002001490870704700BF3B68002001490870704700BF0A
:20C800003D68002001480079704700BFAC67002001484078704700BF7867002001480078B1
:20C82000704700BF7867002001480078704700BF4968002001480078704700BF3B4A00209F
:20C840000146014800F0B4B91464002000281ABF0160002002207047014808300068704758
:20C86000E83A002001491231085C7047203C002001490978084070475068002008B5009063
:20C88000684600F0EBF908BD01490870704700BF4A68002080B5F4F75FFC00B1807802BD64
:20C8A00001490860704700BFF467002001480078704700BF444800201CB500240094F5F77D
:20C8C00057FB16BD006808B901207047002070470168086B20F48070086370470168086B7D
:20C8E00040F48070086370470149091F086070476C490020014908607047C0466C49002048
:20C90000D0F8032008460021F7F737BD11780020422908BF0120704708B568460091F8F73D
:20C920008BF908BD08B5F7F761FD4BF6BE2008BD08B5FFF7F5FDFBF7C5FA08BD01B90149A2
:20C9400000F088B9BC110200426808604A60116041607047014880687047C046E03D002027
:20C960000068002180F83F1070470068012180F83F1070470021816001704160704710B11C
:20C98000006800F06FBB704708B501680968884708BD08B503689B68984708BD08B502683D
:20C9A000D268904708BD10B50468E469A04710BD027842EAC1120270704780B5FCF79EF80F
:20C9C000C0B202BD80B5FDF743FC002002BD00214FF0FF32F1F74ABD08B503685B68984795
:20C9E00008BD08B503681B69984708BD08B50368DB69984708BD406800680121C164704704
:20CA0000406800F58A7000F0C1B800212422F7F7B4BC00211022F7F7B0BC4068002101706A
:20CA2000704708B100210181704740680021017070474068C43000F0A9B84FF0FF309060F0
:20CA400070470222EFF794BD0122EFF791BD0846FFF7B8B80122F6F7B6BD0222FCF7CEB998
:20CA60000122FCF7CBB96FF0010070474FF0804070470C38FDF742B8401EFDD170476FF0DB
:20CA80000100704700210160704700F07F0070470720F6F7B5BF0022FDF74EB90022FDF7C4
:20CAA0004BB90220FDF7ECBB4FF0FF3070474FF0FF307047C000FFF7DFBF0846F6F76CBCB4
:20CAC0000846FDF71BB8816042607047FFF740BE30BF704700F096BC00F0B8B8FDF708BD12
:20CAE00000F0C8BA00F0C2BA00F0BCBA0120704700F0A8B800F0EAB800F0A0B8FFF780BDBD
:20CB000000F098B8F6F748BCF9F728BCE8F780BFF9F754BC0120704701207047012070476A
:20CB2000012070470120704701207047F8F7DABC002070470020704700207047002070478C
:20CB4000002070470020704701207047002070470020704700207047EEF74CBF0020704703
:20CB6000002070470020704700207047E8F774BA00207047C0097047F4F758BC00207047F6
:20CB8000FCF750BCFAF734BA00F050B800F04AB8F4F7FEBFFFF7E4BC00F058BA006870476E
:20CBA0000068704700F03AB800F0DCB8FFF7D2BEFFF758B900F02EB800F058BA00F052BA8F
:20CBC00000BFFEE700207047EEF7EAB8E6F782B80020704701207047F9F7E0BE0120704727
:20CBE00000207047808A704780687047F3F76ABC0120704770477047704770477047FEE79E
:20CC0000FEE770477047704770477047FEE7704770477047DFF800F0B9F80210DFF800F041
:20CC2000BDE80210DFF800F021CD0210DFF800F0FDE60210DFF800F019E90210DFF800F018
:20CC40001DD90210DFF800F075E40210DFF800F0FDE90210DFF800F0C9F40210DFF800F07E
:20CC6000DBEC0210DFF800F09DE80210DFF800F09D470210DFF800F0B1BF0210DFF800F0B0
:20CC8000D7DB0210DFF800F0B1D70210DFF800F0D56E0210DFF800F091D80210DFF800F04A
:20CCA000E5DE0210DFF800F07BEC0210DFF800F019D70210DFF800F077EC0210DFF800F093
:20CCC0001D410210DFF800F0E53D0110DFF800F055EB0210DFF800F067F30210DFF800F0D7
:20CCE000B16D0210DFF800F0E1AF0110DFF800F0C5EA0210DFF800F049DC0210DFF800F04F
:20CD0000110E0210DFF800F0A9780110DFF800F0D9A50110DFF800F0F5290210DFF800F0D5
:20CD200089F20210DFF800F0F9F20210DFF800F0EBEC0210DFF800F06BEC0210DFF800F0FB
:20CD400031EC0210DFF800F0F1DC0210DFF800F059F50210DFF800F01BD00210DFF800F04C
:20CD600011EA0210DFF800F025EA0210DFF800F0D7EC0210DFF800F0D3EC0210DFF800F0C3
:20CD80007DE80210DFF800F005E80110DFF800F015540210DFF800F0794A0110DFF800F0B3
:20CDA000CD840110DFF800F02D920110DFF800F0C1DD0210DFF800F0E5EB0210DFF800F093
:20CDC00021D40210DFF800F049EB0210DFF800F0E5F80210DFF800F055300210DFF800F064
:20CDE00045510210DFF800F0D5520210DFF800F029440110DFF800F065730110DFF800F0CF
:20CE000025360210DFF800F0F5360210DFF800F08DDD0210DFF800F0A5E70110DFF800F033
:20CE20007D430210DFF800F005C80110DFF800F025E90110DFF800F0694F0110DFF800F03E
:20CE40004D400210DFF800F0911B0210DFF800F085E90110DFF800F039140210DFF800F07B
:20CE6000ED340210DFF800F045FB0110DFF800F0A1BC0110DFF800F0D9D50210DFF800F0E4
:20CE8000D5710110DFF800F0895D0210DFF800F0F1EB0210DFF800F01D620110DFF800F0A9
:20CEA00039F70210DFF800F0AFEC0210DFF800F0ABEC0210DFF800F0B1F70210DFF800F004
:20CEC000A1F10110DFF800F0D1310110DFF800F06D4E0110DFF800F08D300210DFF800F0E5
:20CEE000998B0110DFF800F055070210DFF800F089350210DFF800F0C5E80110DFF800F0E5
:20CF000079490110DFF800F019550110DFF800F029D50210DFF800F009EC0210DFF800F08C
:20CF2000A5D90110DFF800F031190110DFF800F0B9DC0210DFF800F0A96C0210DFF800F01D
:20CF4000F9DC0110DFF800F0CD650210DFF800F0CD2C0210DFF800F0D96D0110DFF800F029
:20CF6000695D0210DFF800F031F00110DFF800F035C20110DFF800F03D2F0210DFF800F005
:20CF8000A15B0210DFF800F0F1220210DFF800F089190210DFF800F06D510210DFF800F0BE
:20CFA000F9620110DFF800F055350210DFF800F001220210DFF800F025F40110DFF800F0EE
:20CFC000B13F0210DFF800F025EC0110DFF800F0C1610210DFF800F025DB0210DFF800F0CB
:20CFE0009DEB0210DFF800F0CD440210DFF800F0D54D0210DFF800F045DF0210DFF800F0EE
:20D00000D9EB0210DFF800F02FEB0210DFF800F04DEA0210DFF800F0456D0210DFF800F0E5
:20D020003D540210DFF800F0FD6C0210DFF800F0AD750110DFF800F0E56C0210DFF800F020
:20D0400085520210DFF800F075660210DFF800F0DBFD0210DFF800F051D10110DFF800F0C1
:20D060002DE20110DFF800F0C5E20210DFF800F0E7E90210DFF800F0C3EC0210DFF800F018
:20D08000DD540210DFF800F08D5A0110DFF800F021A90110DFF800F0B9C00110DFF800F0D4
:20D0A0004D0A0210DFF800F0E13E0210DFF800F02D2A0210DFF800F0AD580210DFF800F03A
:20D0C000810D0210DFF800F061DB0210DFF800F0C5370210DFF800F091370210DFF800F05E
:20D0E00085000210DFF800F0354F0210DFF800F089FF0110DFF800F0A5EA0210DFF800F0AD
:20D10000F1EC0210DFF800F05DF10210DFF800F0C5F30210DFF800F0BD420210DFF800F0C9
:20D1200079180210DFF800F0911A0210DFF800F03DA60110DFF800F0D11B0210DFF800F081
:20D14000B9C10110DFF800F0D9570110DFF800F021BD0110DFF800F0952C0210DFF800F025
:20D1600065540210DFF800F0111D0210DFF800F089910110DFF800F09DE40010DFF800F0CC
:20D1800035180210DFF800F0416E0210DFF800F0D11A0210DFF800F06DB00110DFF800F028
:20D1A0004D430210DFF800F07D4D0210DFF800F011DC0210DFF800F095EA0210DFF800F045
:20D1C000E56A0210DFF800F001120210DFF800F0C1EE0110DFF800F0F1DE0110DFF800F00D
:20D1E00019AD0110DFF800F055280210DFF800F005550210DFF800F0DD490210DFF800F009
:20D20000B5650210DFF800F0F5D70110DFF800F0C90D0210DFF800F0E5650210DFF800F0A5
:20D22000FD520210DFF800F0A59B0110DFF800F039D20110DFF800F01D340210DFF800F0A1
:20D240005D6D0210DFF800F08D2E0210DFF800F0B5DE0210DFF800F0756D0210DFF800F070
:20D26000F1170210DFF800F04D490210DFF800F0911F0210DFF800F0B1E50110DFF800F067
:20D2800019280210DFF800F0D11F0210DFF800F0695F0210DFF800F069620210DFF800F066
:20D2A000856B0210DFF800F03DF70110DFF800F0F9AB0110DFF800F00D9A0010DFF800F09F
:20D2C00049AA0110DFF800F06DF30110DFF800F01D9E0110DFF800F00D680210DFF800F06A
:20D2E00005670210DFF800F02DDF0010DFF800F0892F0110DFF800F0659A0110DFF800F09F
:20D30000ED6D0210DFF800F0CD550210DFF800F0C55B0210DFF800F0DD430210DFF800F0ED
:20D3200071110210DFF800F019400210DFF800F0656E0210DFF800F031A00010DFF800F00C
:20D34000E5040210DFF800F029110210DFF800F0DD670210DFF800F005700010DFF800F08F
:20D36000E1100210DFF800F029E00110DFF800F029B30110DFF800F0ED660210DFF800F022
:20D3800055690210DFF800F069600210DFF800F0D5660210DFF800F02D540110DFF800F0E7
:20D3A00095F70110DFF800F0C1DF0110DFF800F041B40110DFF800F047EC0210DFF800F0B8
:20D3C000CDEB0210DFF800F06DE90210DFF800F051E90210DFF800F0B3CF0210DFF800F01F
:20D3E00015DF0210DFF800F0ED680110DFF800F0AD430210DFF800F0BD180210DFF800F0BC
:20D4000089420210DFF800F049E60210DFF800F00D4A0210DFF800F0A1F90110DFF800F0BE
:20D42000BD820110DFF800F005D40110DFF800F0C56A0210DFF800F02DF50110DFF800F022
:20D44000C5210210DFF800F0B56C0210DFF800F0396E0210DFF800F0316E0210DFF800F01B
:20D4600051CB0110DFF800F039C00110DFF800F0616C0210DFF800F0CD190210DFF800F082
:20D48000AD490210DFF800F085620210DFF800F0C95F0210DFF800F0656B0210DFF800F053
:20D4A00005560110DFF800F0B56A0210DFF800F08D450210DFF800F0BD510210DFF800F0AF
:20D4C000E59C0110DFF800F041610110DFF800F0396D0210DFF800F05D520210DFF800F072
:20D4E00035520210DFF800F039070110DFF800F0CDB40110DFF800F0BD4A0210DFF800F07B
:20D500003D650210DFF800F021EB0210DFF800F0295E0210DFF800F0A5C00210DFF800F00D
:04D52000F5EA021016
:20D5240000000000B1440021A5400021C14000212B410021ED40002125450021614500217C
:20D544005D4100216941002175410021914100210B460021D9410021F1410021C347002148
:20D5640065480021FB4A00218B5000211D540021494B00211542002117560021DB0705D073
:20D5840000F003F80249087070BD70B5014D2847E00400211D240200074C657900F009F860
:20D5A40061796940490703D50121044A8903116070BD70B502490847800300210811044062
:20D5C4002D59000000F019F8E1B26C290BD0042801D0062807D110490978C90703D12178A3
:20D5E400090700D402200D490A780C21114202D00B4980220A6003B0F0BDF0B583B009490D
:20D60400084700200849884704480178402291430170064800470000C80000213301002138
:20D6240000E200E041160300F7630000231B030070B5004700F028FA00480047577F00004C
:20D6440000F028FA004800471B8800000599880A802805D1134988788007800F00F032FA46
:20D6640000480047D96E00000FB40F48C188002902D0104600F026FA079B9B0A084D832BC2
:20D6840008D1084C23899B0604D500F005F8002800D042350FBC284770B5044800470000E5
:20D6A4001F0B02006001002180030021EB090200094B1A780824A243002800D022431A7040
:20D6C400004A1047838E000003490878000701D40248004770470000800300215F7E000023
:20D6E400F3B581B01047F8B500470000044A282090470448012141600348044A41601047F5
:20D704004F42000000500440006004408542000070B51F4D2878C4B21E48804728780328D6
:20D7240034D1032C32D01C488068400DC2071A48014660318030002A03D01F240C574588F3
:20D7440002E01E240C570588002C1FD01348154A4169007941434810114949694018104920
:20D764004039497F904740054015694288420DDBA8420BDC0C4B996988B20246090C624330
:20D7840009045212801880B20843986170BD0000E40200217941000028000021800300212B
:20D7A40000030021CB8100004040044010B5864C21464031087D012834D18448C07D4008BE
:20D7C400C0072FD02046603042795208D20729D04089800B012825D1087E4109C9070CD0B3
:20D7E400A16F00070988C00F4002090408436066A06F801C01F0B8F913E074482030806919
:20D80400406800280ED0724A00230178D356591A08D4C90008184178C90703D00168616611
:20D824004068A0666B48804710BDF8B5664C6A4926462036707B2546403500902F79B80060
:20D84400401880688047002828D16049C97D0909C90723D022466432152F20D0297E0023DC
:20D864004F09FF0703D06D7D002D00D00123009FA56FBB4312D0737B002B0FD0237D5B06DC
:20D884000CD5D288920B012A08D1C908C90705D0A988890B012901D100217173F8BDAB7E8E
:20D8A400E97D012BE3D00023E1E770B5464C2546606A803500281DD15420005D0022002862
:20D8C40017D06420005D8008C00712D0A9688888800B01280DD13D48C07D4008C00708D0EF
:20D8E4003A48203080690068002802D02962A86000E02A6239488047616A002903D1296A65
:20D90400002900D0A96070BDF8B52F4C344920464030027D002A2FD0807E25468035032868
:20D9240002D0042803D027E00120E87524E06420005D8008C0071FD0A8688088800B01289E
:20D944001AD12248EA7DC07D002A13D0C008C00712D026462036777B88470146394308D12D
:20D96400217D090605D56988890B012901D100217173F8BD8008EAE78847F8BD12488030FA
:20D984000021C175174800470F4940310871262814D006DC152813D01B280BD01F2804D1D6
:20D9A4000AE03D280ED047280AD00B4980004018806870470C4870470C4870470C48704701
:20D9C4000C4870470C48704760010021C8000021E004002159490200005502008F3D0200F4
:20D9E40075300200152A0200A544002131440021D343002153430021D542002110B50C495B
:20DA040088470C4A0621515E002907D0022905D0092903D0102901D0112907D17721C94342
:20DA2400884201DD002801DD7F20C04310BD0000A96500008003002110B51048C188104855
:20DA4400052918D00F4C21684A0852002260A26B52085200A2632160FFF7EAFDA06B000774
:20DA640008D40120206060600020401C0C28FCDB1420206210BDFFF7DBFD10BD800300211C
:20DA84003F5B000000600440806B0C490007000F48717047094A0A4918235079CB56497EEC
:20DAA400C018814201DD084602E00F2800DD0F20D189090909010143D1817047E0020021B0
:20DAC400880000210849C979CA08D20708D0C1400648C90701D0064900E00649491CC1608F
:20DAE4007047002070470000E80000212800002188010000500100008307FF22DB0E9A40FA
:20DB04008907090E994000280BDA0007000F083883089B00FF481818C36993430B43C3610D
:20DB240070478308FC489B001818036893430B4303607047F0B59446F84AD27B002A70D06F
:20DB4400F74C2369002B6CD01D78EA07D20F68D0002B7FD05E780427002E07D00522012E16
:20DB640006D0022E06D0032E09D106E0E77102E0E77103E0E271A77101E0E271A2711A791A
:20DB8400002802D00126324301E0520852001A71EA08D2074AD0E34EE34FE44A014241D009
:20DBA400617A002939D0598862468904090C002A01D0A27900E0E279052A23D0002927D096
:20DBC400B1690522B94312028918B16171688C4671690F2212029143FF31FF31023171613A
:20DBE400D04A012140329160B169B943FF31FF310231B16159888A0061465118C94A803287
:20DC0400916005E0B169A279B94312021143B161627801210A43627008E0B169B9438918C5
:20DC2400F5E717E0B169B9438918B1616908C90710D0BF4908220028486905D01043486147
:20DC440060780221084304E0904348616078FD2108406070F0BDB24B10B59A7A19461446D0
:20DC64008978844302D01B790B4314D0002A12D0814310D10120AF49C003C860AD4840381E
:20DC8400C06A000404D57E2000F07EFF002010BD832000F079FF012010BDF3B5A04C81B0C3
:20DCA40000250E4625720127A3487F04076062B629461120FFF720FFA04807609948012233
:20DCC40040304261974840689649A030803148619948803807609148C07B002828D02169DF
:20DCE400002925D00878C307DB0F21D000291FD081086673C90701D0A27200E0A57241086E
:20DD0400C90708D0002E02D0E272227305E02179E172217301E0E5722573C108C90700D1CE
:20DD240025730009C00703D06078C00700D02573834A31460198FFF7D3FCFEBD10B501205A
:20DD44007D49400408607648427B017BC07AFFF7F1FE01211120FFF7CFFE10BD714910B5D5
:20DD64007848403148606F48C16802221143C16072481403046000210D20FFF7BDFE684968
:20DD8400012008727048C16AA2001143C1626A488038046010BD70B5614C207A0125002893
:20DDA40005D0604E40367068000A172806D06748067D67488047012E3DD04DE0002000BF7F
:20DDC400401C2228FBDB634801684215114301606148C169090C0904C161812000F0D4FE29
:20DDE4005949072080390862524903204039486050490020C863C862584A927812028A619B
:20DE040000BF257020725049CA6A5204520CCA62706001210D20FFF76FFE012046494003F6
:20DE24000860C1104448803001604148416902229143416170BD20790028FBD16079002880
:20DE4400F8D160780122C007C117491C1046FFF771FE607828436070062EEBD1A07A0028F6
:20DE6400E8D020780028E5D1FFF778FF70BDF8B535488038C06A3A4F284D294EC10701D0BC
:20DE8400032483E00007840F012C04D0022C07D1B87F002876D10120FFF7DDFE002804D0BF
:20DEA400012C29D0022C24D069E0274C0120803C606001462348923800F06CFEA120012104
:20DEC400000100F067FEC3200121000100F068FE07202062012003243070002030721A48D7
:20DEE400C16A4904490CC16201201349400308604CE0B87F002845D1012000F057FEE87A9D
:20DF04004008C00739D07078C00731D005498869054A28E000ED00E000E400E0A800002145
:20DF2400BC570021003004400007000000040000001104404050044080E100E080E200E07E
:20DF4400E70B02000217000080600440C0020021F574000000000440404004408003002194
:20DF6400A00200210EE09043B279120210438861FF484169022211434161022C02D0032C64
:20DF840004D024E0012000F017FE20E000203072F848C16A4904490CC16201210D20FFF748
:20DFA400ABFDF549002048600120F44E40033060002000F001FE012080023060E87A40088D
:20DFC400C00704D0EA484169022291434161BC77F8BD70B5EA4C00252572E648C16A490487
:20DFE400490CC1622846FFF736FE002810D06078C00709D0E04940398869072212029043EA
:20E00400E279120210438861DE48FFF76CFB70BD01202070D7488038056270BDDA4800471C
:20E02400F7B5D54800254038406884B016460290002A01D0D54C00E0D54C00226262D5488C
:20E04400002E03D0D24B5B6A036004E0CF4B5B6A002B00D10260D04B587DC70704D080073C
:20E06400C00FB04200D15A75C34A002010600120C24A0003106002293BD0002901D00120AD
:20E0840000E000202268527B13071B0F00F0F4FD06043106080B0D2001270DE001225040B7
:20E0A400002826D1F8E7012358400028F4D01006070F10D0002F27DD206803290DD0456839
:20E0C400284600F07FFD002809D0B448049010E0B248801EFAE7256816E00569F0E701207F
:20E0E4000FE06868019000F06DFD002804D0AB4868800027FF4307E0032068800098019D0A
:20E10400401C0090B842ECDB04982168002E4880974801D0042100E001218160002F19DA59
:20E12400002E02D0082181600BE002218160002211461046FFF7FEFC9148417849084900F7
:20E144004170002120462030C1722160FC21817207B0F0BD288800270005800F032802D0A3
:20E16400022802D02BE0894800E089480090A04204D00068002812D0884FBF1C00982030C0
:20E18400C17A83221140C172854928468847822815D08449884215D1804FBF1C3AE02C22EE
:20E1A4002146009800F014FD002120462030C1722160FC21817201204640009CDEE7774FF2
:20E1C4007F1C27E0012806D0902000F0DDFC774975484860FEE7002F1CD1A068E060029819
:20E1E400606125602068407B0007000F052802D96A4FBF1E0EE0802000F0F0FC05462068A1
:20E204000022314600F0F0FC0746284600F0F2FC002F9DD0324602213846FFF701FF97E7C3
:20E22400FEB55B4800252030614CC07A2646800740360227002803DA5E48F08037720325AA
:20E244005D48C078002803D05C48F080377203254B480078002807D0494900200872574828
:20E26400001DF08037720325FF20013000F0B6FC0EE043480078002807D050492046091D35
:20E284004030C1800772032504E0206C80470546002DEED048484078002817D0484840682C
:20E2A40041070AD5354980390968090705D58C2000F06AFC4148801C09E0800606D5317986
:20E2C4008A2000F09DFC3D48401C00E000200090002808D0882000F057FC2046403000993C
:20E2E400C1800772032526490878002807D0334A2046121D4030C2800772032503E0032DD2
:20E3040001D0022D70D11E49002008722D480027C07B0090002807D008460069002803D09F
:20E324000778F807C00F0090032D03D100F06EFC00F072FC009800287ED011480178C07828
:20E34400814302D13809C00709D1002211461046FFF7F0FB0A4841784908490041704820D2
:20E36400025D0B49022A65D0002A2DD001202CE000110440806004404030044080E100E0C3
:20E38400BC5700218B5A0000AB0002003401002108010021A80200218002002104080000B9
:20E3A40057060000FFFF00000000008000ED00E06001002107140000800300210418000054
:20E3C40080500440A800002100200B685F7B3B071B0F00F051FC06122F04060A0C2F01238C
:20E3E4005840002826D108E09EE001235840002803D03F09002F01DC1AE001270868032A32
:20E4040006D04068009000F0DDFB002812D101E00069F7E7012008E000984068009000F026
:20E42400D1FB002806D10198401C0190B842F3DB002F0BDA002200E008E011461046FFF71E
:20E4440079FBFC484178490849004170032D1ED1A06A002804D0606B00F0E4FB0020A0621B
:20E464002089F549884209D0491C884206D0F2492031884202D0491C884208D1EF4DA86E87
:20E48400002804D0686E00F0CDFB0020A86600F0CFFB002000F0D2FB012000F0CFFB02202C
:20E4A40000F0CCFBE4492089C91D884203D0E2492731884202D100F0C7FB2FE0DE492631E9
:20E4C400884220D1DD496520405C0209D20725D0C00723D0084680300269002A1ED0427967
:20E4E40053065B0F022B19DBF588D54EB54215D08F25042B05D02A401032427109680A73B3
:20E504000CE02A40F9E7CC490931884206D1317FCA48002902D0CB49006E08604034217A1B
:20E52400E0880022FFF77CFDFF20013000F062FBFEBDC64AC44937201047C44AC249312051
:20E544001047C24AC04919201047C04ABE493C201047BE4ABC490A201047BC4ABA49002040
:20E564001047F0B5B34F0021397079710188B84C0A05930F05D0920F012A02D0022A3AD0FE
:20E58400B6E1B44A89187ED121688578C2784368806872B6002921D0AD4C20340A26A657E3
:20E5A400B61C1BD10C88240B012C17D10969814214D1A24C214640310E790B3E032E0DD8FB
:20E5C4000E46367D002D02D0002E02D108E0002E09D1012008764A76E3650AE0002D02D0B0
:20E5E400C271C36001E08271836001209A49C002886062B676E199488F4D064620358036D9
:20E60400C0304B1BF27BC069A94224D019DC944D4B1BA94247D007DC924BCB1800F02CFB33
:20E62400051B1B4343433300032B7BD004DC012B79D0022B27D1C0E0042B75D01A2B22D160
:20E6440052E100F019FB0E20085757202081BADE713030303020002A21D0386100281ED027
:20E66400827941795307DB0FBB700579FD2635405B001D4305711007C00FF8708808C00786
:20E6840002D0080701E033E19007C00F3871C80702D08807C00F01E0D007C00F78727C2085
:20E6A400208571481DE1002A20D0386100281DD0C27941795307DB0FBB700579FD263540B8
:20E6C4005B001D4305711007C00FF8708808C00701D0080700E09007C00F3871C80702D0F0
:20E6E4008807C00F01E0D007C00F7872802020855E48F6E0002A23D03861002820D0C2797D
:20E7040041795307DB0FBB700579FD2635405B001D4305711007C00FF8708808C00704D00C
:20E72400080703E06DE00FE0B5E09007C00F3871C80702D08807C00F01E0D007C00F787293
:20E744008C2020854A48CCE0002A32D0386100282FD0037A42795D07ED0FBD70AC46404EF5
:20E76400364D761C2D68B14203D03D4E2136B14205D169794908C90701D10121797101791F
:20E78400FD25294065466D00294301711807C00FF8709008C00701D0100700E09807C00F09
:20E7A4003871D00702D000BF900724E0D807C00F25E0A82020852F4893E0002AF9D0386113
:20E7C4000028F6D0427A41795307DB0FBB700579FD2635405B001D4305711007C00FF870CD
:20E7E4008808C00701D0080700E09007C00F3871C80702D08807C00F01E0D007C00F78727F
:20E80400D7E7002A43D03861002840D0827A41795307DB0FBB700579FD2635405B001D4332
:20E8240005711007C00FF8708808C00724D0080723E00000BC5700210118000060010021E4
:20E844000914000000200440494D0021A905020008010021FFEFFFFF001104402800002118
:20E8640006180000FFE7FFFF835000217B500021735000216B5000219007C00F3871C80714
:20E8840002D08807C00F01E0D007C00F7872542020856E4825E0002A20D0386100281DD037
:20E8A400C27A41795307DB0FBB700579FD2635405B001D4305711007C00FF8708808C00703
:20E8C40001D0080700E09007C00F3871C80702D08807C00F01E0D007C00F787268202085C8
:20E8E4005B4860620120F0BD0A2020855948F8E78220F0BDF3B5584D81B0E87B002814D056
:20E9040056480169002910D00878C207D20F0CD000290AD0C008C00707D0514881690722C7
:20E924001202914302158918816101984D4C00274D4E002816D0707A317A88420BD0812173
:20E94400084202D0102000F049F9707AC1064548C90E403041610320606042484030C76307
:20E96400C76210E0022060600120A0602760A760394840380088810AC90704D00009C00769
:20E9840001D000F067F93748C030416901225203914341613548816B202291438163E760A1
:20E9A400276133486061A061287B002801D000F057F9304CE06AC007FCD0E87A2E4DC107B4
:20E9C40003D06969490849006961C008C00709D023484169F0221143416181697022914355
:20E9E400403181611E4841687D2000F03FF92449224808602349022008702863019800285B
:20EA040017D0F07AB17A884209D08121084202D0402000F0E3F8F07AC006C00EE06101208A
:20EA240060601949029888470320707017488047FEBD0120A0602760A7600E484030076087
:20EA44007770782000F0D6F8FEBD0000635000215B500021454B0021A8000021BC5700216C
:20EA640000300440005004408003002100510440FFFF00000060044000110440140900003D
:20EA840080E100E0180000219F720000BF5700000122274B02212548184710B52548804754
:20EAA4002548406A00280DD124490A200856002809DA401C07D008462038406A204988427F
:20EAC40000D1804710BDFFF7E3FF10BD00211E4B1C4A0846184701201C49400208601C48F7
:20EAE400FB220178114001701248EC38004710B51849884711492039012807D0020404D56E
:20EB04000020088514484862012010BD4A6A094BEC3B9A4201D1114A05E007494A6A104BD4
:20EB24009A42F2D10F4A4A6210BD0000060800009F060000A19202000801002154010021D8
:20EB440063920200C3550021B5B4020080E100E080030021F7960200B9550021FF550021FE
:20EB640069950200F5550021820881079200C90E0CCAC078CA40494220318B401A4311027C
:20EB8400090A00060843704703B40148019001BDC33C000003B40148019001BD754E0000F6
:20EBA40003B40148019001BD4F4E000003B40148019001BDBD85000003B40148019001BD85
:20EBC4000F90000003B40148019001BD9D3F000003B40148019001BDF902000003B401481D
:20EBE400019001BD4F42000003B40148019001BDBF04000003B40148019001BD3D42000051
:20EC040003B40148019001BDA93C000003B40148019001BD657D000003B40148019001BD3C
:20EC24001B5D000003B40148019001BDF135000003B40148019001BD9D5E000003B4014899
:20EC4400019001BDC10F000003B40148019001BD5D03020003B40148019001BDFD90000004
:20EC640003B40148019001BDBB5B000003B40148019001BD8F3C000030B47446641E257854
:20EC8400641CAB4200D21D46635D5B00E31830BC1847000000000000010005040000000063
:20ECA4000000000000000000000000003A6800203B6800203C6800203D6800203E6800207C
:20ECC400D415020078670020E448002045680020466800203D4A00203C4A0020CC1602002E
:20ECE400E0160200DE160200CE160200E2160200C5C801009FBF01009DCB010091BB01009F
:20ED040081C5010071C501009D740100EDC1010015BD010001C2010045B00100BFB70100AC
:20ED240025B300002950010011000100FD8B010019A80100FDC201008B950100A1B70100E6
:20ED4400318601009D980100E9930100ED850100B9BA01009DBA010095CB0100B9C8010022
:20ED6400015701004546010091C5010011A3010043C70100EDA70100D56A02102D920110DD
:20ED8400A1F101104D0A0210495E0210E1C7010049AA0110D52A021075D40110EDC70100DD
:20EDA400794B0110154B02100515021065B70100217A0110514D0210F5E20110359C0100A9
:20EDC400010A0210F9C70100A523021081CF011045FB0110994B021095510210C5370210C9
:20EDE4009137021035960100A10E02102D380210796E0210816E0210756E02105D4502108E
:20EE04007D6E02102553021061590210AD520210FD520210D5520210895E02101955011078
:20EE2400A5D6011073BF0100756D02102D69021021A2010099C5011009CB01000DCB010092
:20EE44006160000073BF010073BF010011CB0100C1800100D9CA0110ED26021021A10110BC
:20EE64006D02010005550210E13E0210D96D011061500110F117021073BF0100ED7F01109E
:20EE840075660210490601007D4D021025BF000065990000E16D010059E30110659A0110C7
:20EEA40065A70110D9AA011039BF011011F30110515C0110155A0210D11E0210AD2D021053
:20EEC40005560110156B021079FE0000DD540210056B0210AD460210FD4702103D2D02101D
:20EEE400F159021065270210CD470210310F0210CD830100E9DA0110F9B0011021DE0110AD
:20EF040069B60110E9C90110B5F2011011840100295F0210418A011085EC01102D54011022
:20EF240029270210398E00009919010073BF010073BF010073BF010095040210D13101109A
:20EF440045ED0110C92C010073BF010073BF010073BF0100D53C0110B5540210090701008D
:20EF640061CA011091FD01103DFD0110F9490100D94E0100916E0100ED66021055690210C7
:20EF8400A15B0210BBC9010079CB01003D2F0210696002102D4E0210956E0210996E021081
:20EFA4005D5A0210411A0100E52D021035A6000041E9000065DE0000A96E0210ED8A01100B
:20EFC400AD6E0210A56E02109DF000007D1301008DF800005D480210395A0210B16E0210AB
:20EFE400014E0210E9FC011045F10110A55A0210AD170210A16E02108DA80110256B02107F
:20F004008D6602109D6E02100981010045B40100E56B021081A3011055550210EDAA01005A
:20F0240059510110B9110210F55502100112021039D20110DD4E0210BD620210DD490210F2
:20F04400459C0110EDF7011089080100616C021051340210656E0210696E0210DD430210BD
:20F064006D6B01102D480210C10F0210F9A70110855B010089DE0110696202107D43021081
:20F08400511B0210BD180210817B010031C40100059B0110E110021085490100A17301007C
:20F0A4001D620110B986010029440110B1E50110410C0100A9250100A11A0110C13B011061
:20F0C400418E011019690210E5EC0110752D0210A92F010055840100559F0110E50A021069
:20F0E400752F0210B9CC0110B14E0210310B021055DB0110CDB401106DF301100D68021096
:20F10400DD670210056702102911021019400210D11F0210AD2F0210854E0210859701006E
:20F12400FD0C010061D801108D5A0110B57A0000E11C01008D2E0210AD49021089AC011037
:20F14400C55B0210DDD0011051A20100892F011065D1000015AB010085620210C95F0210D4
:20F1640025C1010029E001100992000019280210791802103518021039C00110ED48021049
:20F18400416902107D550210ED6D0210CD550210695F02101DCF000073BF010045B300003A
:20F1A40073BF010031EA0000CD4C0000C9CB0100B9C0011055210100E53F021011C801003E
:20F1C400A1C4010089420210A5B400001DC80100E95F02109D9C010073BF0100856B0210E0
:20F1E400A5ED01104DE501108101021069B90100DD27021021420210BD480210E5040210D1
:20F20400656B02102185010055DC00001D49021055420210D56602102DE20110F573010039
:20F22400A5660210511F0210CD19021025930010F9AB01100D9A0010E91A010029B301100E
:20F24400A5550210B5200100F93801000D250100DD56000059E70000CD91010051CB011064
:20F2640095F7011005EE0110694E010011A7010073BF0100AD43021073BF0100117D011071
:20F28400C97D0110850B01002D77011055810110CDCB01007D730000ED68011069F9000095
:20F2A400E97000009997000099BA0110B9BF011073BF01001D34021073BF010021440000A6
:20F2C400E9E40110C9CB0110557C011091E00110F9E00110E56801003505021051D101108C
:20F2E40073BF0100C1EE01105110021085E4011041CC0110C1DF01109DB201107D850110E8
:20F30400F1B60110B13F0210E5B40100416E02101DC5011041B4011001190210B5B3011036
:20F3240021A901106D96010025EC01103907011069D001105D6602103D540210911E0210F4
:20F3440045660210CD5902108D540210952C021065540210BD880100516D0210D54D0210D9
:20F3640015540210D1200210A5310210C56B0210C95E021069AB0110E95E0210A93D021032
:20F38400396D021085590210211302107D5B021045290210DD46021085B101102517021047
:20F3A400DD6802104504021035D60110C5EB0110D56B0210A94D021005690210D563011097
:20F3C400B99E0110113E0210B12602105D2C02106D470210F56A021035F60110A1C40110F3
:20F3E400A5EA01105916021025C4011095670210F1680210FDF1011079070110F9220110B9
:20F40400D192011015BA011051A20110DDF50110EDFB01101D840110A95902104D6202102D
:20F42400ED5302103D4702109D160210E1160210DD3D021065EB0110111E0210759301102B
:20F44400FD650210511E0210A12101106913021059F20110595B0210990A021031470110F2
:20F46400355B02101566021031480110793E0210F5CF011011DA01103D670110453E0210EB
:20F48400E9A20110DD31021005EB01102D66021065670210A56B0210196E0210B96302103F
:20F4A400E169021019610210596E0210556A0210456A02105D6E0210556E0210F5D7011066
:20F4C400E9330210E95C0210111A021045510210C95C0210E16002104D210210511A021037
:20F4E400695C0210610C02104D4302104D33021019330210496002107D640210CD6902102A
:20F50400ED5A021025060210AD570210C1DB01101D430210115B0210F5130210295D0210EC
:20F52400AD640210ED50021015320210E5320210A95C02107D320210ED420210D11A0210BD
:20F54400BD420210911A021089210210B1320210895C021049320210316C0210256C021052
:20F56400F529021065EE0110C560021031800100111B02105D3702106DB00110295E02105F
:20F58400C90D021005D40110BD820110819D0110F9C801103D590210C1610210556502109C
:20F5A400B9A60100894D0100352C010085980110A5030210D1580210990C01103D44021042
:20F5C4009D440210DD6102109DFA0110F5360210D9A50110E1B501106D6E0210716E0210EB
:20F5E40059360210252D0110F50302108D36021039B20100B9BD0110657901106D650210DE
:20F60400DDAE010079510100216D0210156D0210F9610210E94A0210259901102937021069
:20F62400F5580210F50F011015620210E95D02108565021019590210095E0210A561021060
:20F644001134011045A501100DB9011039D9011049DB000051DD0110B1C201109D72011054
:20F66400958901108DF0011055AF011085F50110C114021069090210CDD8011089A00110CE
:20F6840085080210D10802101D090210253602103DA6011079800100F9720100D1A6011055
:20F6A400E5650210CD4402109D6502100D6D01107D88010071C90110111C011065660110BD
:20F6C400358A0000998D0110F1C200002DAC000049240110F18C01101D5B0100F9420100E3
:20F6E400ADA50100C5990110911B0210ADC10000C5210210316E021021BD0110D11B021082
:20F704006D610210C56A0210B9C1011005E8011025E9011039140210ED340210D957011049
:20F7240091CB0100A5B80000B55A0100111D0210852E0100153F0100B56C02109D6C021064
:20F74400A96C0210396E0210496E02102135021025F40110A1BB0110ED750100895D0210A2
:20F76400D5710110654A0210390D02107D38011095D301108991011035C201103D22021032
:20F78400C16C0210CD6C0210050302105507021021BC0110BD06021009070210394A0210D9
:20F7A4002143011099CE011065E80110AD580210A5E70110756A0210956A0210856A021043
:20F7C400A56A0210F56402108935021011C4010089680100A1BC0110D177010081CB0100FD
:20F7E400B164011085CB01000D410110DD8601100140011005C801104D40021085D701107F
:20F80400F5F80110E52B01109DF80110097101101D670210F562021081290210D96202108C
:20F8240069690210B540021081400210150C021079480110A5140110754C01103509011016
:20F84400592E0110714D011089FF0110256802107D690210416F0100354F0210850002102F
:20F8640089C701108D8701107D6401001D300210458C0110DDFF0110553002106195011050
:20F884004556021011200210C90B02101DBB011011630210E94002102D630210FD30021003
:20F8A40049630210F1320110F15E011061E10110A56D021009F700108D300210C530021095
:20F8C400094F0210CD280210D5050210DDE6011029600210912802105120021031000210C7
:20F8E40049360110911202106D4E0110A9CD0110D900021041E70110D912021021CE01104B
:20F9040019A4011001B80110D9CB0100A52A011025B5010045F80110B94F02101150021010
:20F92400E54F021085410210614F02109550021035670210092902108D4F02108163021016
:20F94400098201109D6302103557021069500210BD5602103D500210E5560210A56902105B
:20F96400B94102106D560210C95A021089600210353102101D56021095560210C15801104E
:20F984005D5702100D570210C9F3011005B5010041690100ADD201107D89010073BF01002A
:20F9A400E5FD011021D301104912021079E6011039FE011039C101100DC7011045FB0010E6
:20F9C400BD970100B1F200106160011069E50000996D02107D0B0210115E011085E901104A
:20F9E400CD7B0100810D02103D8801102D2A0210ED7701108D65011069DC0010DD00010030
:20FA0400914A021031F00110A95D0210652901105535021001220210694F0110B934021073
:20FA240065020210695D02104561F835F97546A257A3401F0713F13430400040014003407C
:20FA440007400F404F40CF40CF41CF43CF47CF4FCF3FCF2FCF1FCF0F30400040014003400C
:20FA640007400F404F40CF40CF7FCF6FCF5FCF4FCF3FCF2FCF1FCF0F50C00091007070C05D
:20FA84000091007082312100319110B10070018101B100A18231329110B101911110418119
:20FAA40041223B40F106007050C05091007070C05091007082312100819160B1007025107F
:20FAC40050C00091F4C380C02014036F31104104A082F0225840512622C0823121003191A3
:20FAE40010B163393110410482C082312100319110B163393110A2C082312100319110B1F0
:20FB0400501015310514559200702B64B2C2311031066131C1022E6412C131102139710684
:20FB24005131E1022E6400702864B18281318139E2C02E642B6411C122C12E6470C48B68FE
:20FB440011C1C2C02E64A464B76400704064B1828131813982C14664436411C1A2C0466473
:20FB640070C49D6831C362C14664A464B764007050B054B0007140804022B1440022A44062
:20FB840060B08180111EA444007054A064B0F0800022A44000704012B09032B0A3825339B6
:20FBA40053397164F0C2BF688080F1C1100451C1101CCB402B6421C2C2C02E64CF6043649C
:20FBC40041C462C1466430CED0688012B09032B000702B6401C2C2C02E64A0808031403945
:20FBE400DC6801C1C2C02E6401C122C12E64A3827164C012B09032B00070436401C462C1C3
:20FC04004664A08080314039F06801C362C1466401C1A2C04664A3827164C012B09032B047
:20FC240000702B6472C281C02E6422C111C12E6402C011C12E6462C031C32E6462C311C1AE
:20FC44002E6402C311C12E64A38253397164E2C333641122134142C281C82E6452C211C1D7
:20FC64002E6472C2E1CE2E6402C281C82E6402C201C82E6470C1276900702B6442C201C82E
:20FC84002E6452C211C02E6472C2E1C02E6402C001C12E6462C001C32E6422C101C12E642B
:20FCA40062C301C12E6402C301C12E64A38271640070067305720B720E7250B000718180E5
:20FCC40060B050A09280F0EF41935293F567412269458080F1C11004301601110114016C69
:20FCE4008A618A618A618A618A618A618D61916197619B618A61B562B862F0C00204323175
:20FD0400412A1214321601112114016CA9618B61A9618F61996193618A618A61D6629D6168
:20FD2400D6628F619F6193618A618A61AF618B61AF618F61996193618A618A61A261C065E5
:20FD4400A2618064A2618064CD67D564A2619264CD67E964A261FD64A261FD64C06529656F
:20FD6400A261E066A261FD64E0669B61B0B0A561B1B00673057230B04961107851C4327808
:20FD8400537824C5B461207851C442785378C4C4A491609271928292939215C04592F0C31A
:20FDA400B092F0C0A090A261E3B0B16654A0F0805022CA4540800022A946C261E3A000C84C
:20FDC400B091A98150B09180412284466282F11212042F101F312F146682D622DD4580C065
:20FDE400DE6180C120140D6F6D39DE10F4C34E0482C082312E006D39A2C082312D006A823B
:20FE04008A39FA067082803180390BC00B18BC10AC18538239149B146082F0060110103146
:20FE24001014A18110140C1480824039F006021011C0013010C00118021882312100C126F1
:20FE4400E191C622424603B013B063B053B041800122A946048214922582B51C214E95189D
:20FE6400B591F0801022134284623D9110B13E9110B1E08000222B46E6222B42E0B0951897
:20FE8400B5915F92A981F914F0805022C04110228446BB62B166A98155825914F0C000714E
:20FEA40063B03B6AC6221342E0A05A6280828039F006021011C0013010C001180218823192
:20FEC4002100C126D19187824739873903B013B063B053B0007163B002B012B04180012203
:20FEE400A946F48114922582B51C684E9518B591F08010225A428462048214922482451880
:20FF0400751C724EF08010225A4284623D9110B1E08000227A46E6227A42E0B0B5915F920C
:20FF2400A981F914F0805022C04110228446BB6263B08082F006021011C0013010C0011882
:20FF4400021882312100C126E19113B003B063B053B064B054B0007141800122A94663B05B
:20FF640064B0F0805022C041402297460182119221829118B19131B09762E3A0E0A05182E3
:20FF8400B2818231823D03A0007062824239F2064B60A2804B64A26150B00071A261908249
:20FFA40041800122A9460482149225829518B591F18011228446BC6A41800122A9460482B7
:20FFC40014922582C51C364A9518B591F0801022C84284626078E091D0C25092C4C47078BD
:1CFFE400E1C232C103CBB461E2A0E3B054A0F0805022EA4640800022C647E2623A
:020000040002F8
:20000000E3A040A07D826082F1C0100409106A824A391A046082803910040E10AB10BC10DD
:20002000C2104B6413B003B07A6753B050B054B064B013B05A676367007141800122C6471D
:20004000F08010221647F022B34764B03122064363B080673367066364B0BF818F318F3D08
:20006000007141800122C64764B0F08050222C4363B06182C122274780676182D1221A4754
:2000800033671A63B181C2818131813D8231823DE062008210922382D318404FF30B131646
:2000A000E31C594B139233823B144563E31C594B139233823B18AB1C554F9B1C574BBC1C60
:2000C0005943B2106082D0225243F080102259474B645A675963AB1049639B1049630070BD
:2000E0008082F1C0100463B000715D6BBC10E0B0007002821292228251821218A18112180C
:2001000091828131813D121C714BE2B032B0F1C72114754F12C8B291C29131B0E1B00070FB
:20012000081206C000C8B091C091007051820082109220821018A18110180614E18092827B
:200140008231823D201C924BE2B02122964732B021229643E2A032B081824139F0C00104CE
:20016000011EA443181610C01030081CB2476010103C0610F1C76114A84F16C8B691C181C1
:200180008131813D161CAF4BC69131B006C00812007003A063B064B0EFB029650071408013
:2001A0000022C64764B0FD64EFA0007140800022C64764B003B00663E3A05182B281823140
:2001C000823D03A000702B646FB05FB08180111EEE4350B054B000714080F022E6436FB0A0
:2001E000B282F222E64301C462C1466401C2C2C02E645FA06FB0EE6340804022F14354A06C
:2002000064B0F1800122D3475FA06FB000700022D34360B0D063309320830022F64710B38B
:200220000070000001000000000000000000000000000000FFFFFFFFE04900200400000004
:2002400000000000000000001400000030FD021018000000B4130200E4020200B849002061
:200260000400000000000000000000002400000018FD02101800000095BE010008000000BB
:20028000D403020098020200C1C8021001BB021091EB0210DDE5021081E00210B9E50210FB
:2002A00071E502102E00000001000000010000002814020000000000FFFFFFFFD84900202B
:2002C00004000000000000000000000028000000B8FC0210240000002100000018000000CF
:2002E000000000004C050200F80202009BEC021025E2021005EB021025DE0210FDE10210F6
:20030000E1E402103300000034000000250029000000000004480020FFFFFFFF004A00207F
:20032000040000000000000000000000380000006CFC0210280000000100000010000000CE
:200340000000000000000000F7F1021000001A0010000000030000003813020050140200C3
:20036000080000003600000090470020384600200900200011CC01009C45002001000000A1
:2003800000001200FFFFFFFFF04900200400000000000000000000001000000048FD02108B
:2003A000180000000000000000001300FFFFFFFF084A0020040000000000000000000000A0
:2003C00054000000A0FB02103C0000000000010031000000280202000FCC01002D00000079
:2003E00000000000D4030200FC030200F9700100D9DB021059EC0210CDD6021085DE021072
:200400004DE5021029E502102D000000000016000000000000000000FF7F0000044400204F
:20042000FFFFFFFFE849002004000000000000000000000058000000DCFB021034000000F6
:2004400039FB021001003300060000000000000020000000010000001BF8021028000000AE
:200460004C0502007404020093EC02106DEB02104DEC021029E00210BDE4021099E402100C
:200480003100000000000000C04900200400000000000000000000001000000040FC0210A0
:2004A0002C000000000000000000030000000F003C00000000000000000000002FF9021088
:2004C000100000000800000024120200FFFFFFFFF84900200400000000000000000000006B
:2004E0001C000000DCFC02102400000060040200A849002004000000000000000000000057
:200500000C00000000FD02101800000013CC010000000000000000000800000001000000BF
:2005200004000000000000000000140000000000DC0C020000001900000018002400000064
:20054000F1CB01000040000000020000280202000000100055F002100C0000005DDD0000C3
:2005600000000000A04900200400000000000000000000002000000010FC02103000000000
:20058000F40C0200010000003BCA01000DCC01000000000000001700000200002E00000031
:2005A000000023000000150001000000E4030200D0490020040000000000000000000000DC
:2005C0002000000094FC0210240000000C0D02002449002020000000640F02003960EE2D44
:2005E000CE2DC22D540FEF2FEF0F975F9D170050400200400C00000088140900F905010066
:2006000000808B008000500F00001D0A9005000005000004207BC10000000F00277F7F019A
:2006200000800C00000098140900F905000000808B008000700F00001D12900500000500A8
:200640000004207BC10000000F00267F7F010D720E720F7210725DA3E5A44A65D0B00071DB
:20066000D0A010B11B7262812010623930062000301601110114016C5C605C605C605C60EE
:200680005C605C605C605C605C6065608360CD6020125D601012117312731373B1811000F7
:2006A000B09170B0406021C2FBC502C360C42018136F236E111612166A68EB94A378839C88
:2006C0007081001E5C4430C0B092F0C1D09232C6C0C9201881400312236E12167E683CB606
:2006E0005C6005B0917200C1F09128B120B113B111B1E8B0007128B1E8A030B210B9808CF3
:20070000309911B1A284B484F3C0D1B0007112B002B011B1D1A091722C7230B613B003B0A7
:20072000E0B0007120B17081C09290814096007120B1C3924296007120B14496007120B1F0
:20074000E0A030A633B6D3B0007113B1D3A030C0109920C03099D1B0007111B1D1A09172C5
:2007600003A002A06E65057306739173917230A2C0C710905C60F36460782465F0C5D1680E
:200780002A65D5B015B131C0007190805022344574B010A9937310B90F72137331B2D5A017
:2007A0005DB3408B203900973F6534B261C25865F322ED44666578B0A3C2466530C07465F2
:2007C0005C60B084A095709980890E10A0849095709980890E1480C00E1880C00E185183A7
:2007E000813921396106311600111014006C1E311E318E318E392E97408230221645D5B0B9
:20080000007115B1D5A00E6100C1E09110781099E7139A78E5B440C5109002B004B006B0F4
:200820000070507850903090707860904090007035B26CB011B089B0E5B4D1A0D0A03DB163
:20084000FDB00070319A438A548A3331533D3431543D9396A49653B0D460E5A444A064B000
:200860008381031E3F4100703399179100715DA3237291739172037204726E6530D0009094
:20088000C0FF109008A00573067300705B894089B0182331A88C831803181318339910A98D
:2008A00011B110B9D1B00070081E6C41007144B711B1389900710070308601C851311004F4
:2008C00030960070009AF08900227545E0B90070030C000005150210000000000910000096
:2008E000154B021000000000051400000D2B0210020000001D200000754C02100100000010
:200900001E200000494C0210110100001F2000007D2B0210000000003320000075530210BA
:2009200011010000342000009D5302101111000008FC0000993902101100000009FC00002F
:20094000CD390210000000000AFC0000013A02100100000027FC0000353A02101101000075
:2009600028FC0000693A02101101000029FC00009D3A0210110000000BFC0000D13A021049
:200980000000000024FC0000413D02100200000009100000154B0210000000000CFC000012
:2009A000E90E02100D00000001FC00008D1502100100000011FC0000A13B02100100000073
:2009C00016FC0000D11502100000000019FC0000713C0210010000002D0C0000D1240210F8
:2009E000120000001BFC0000F1FA0110210000004B2000001D460210000000004C20000065
:200A00004D460210000000004D2000005DBB0100220000000EFC0000A95E02100000000066
:200A20000FFC0000393B02100100000010FC00006D3B0210000000001DFC000039260210D4
:200A4000010000000097B92EE5725CCB5DCAE473B82F0196BA2D03945FC8E671E7705EC923
:200A60000295BB2CE3745ACD0691BF28BE2907905BCCE27559CEE077BC2B05920493BD2A86
:200A8000E17658CF51C6E87FB4230D9A0C9BB522E97E50C7EB7C52C50E99B720B6210F9866
:200AA00053C4EA7DB2250B9C57C0EE79EF7856C10A9DB324089FB126ED7A54C355C2EC7B46
:200AC000B027099EA2351B8C47D0FE69FF6846D11A8DA334188FA136FD6A44D345D2FC6B26
:200AE000A037198E41D6F86FA4331D8A1C8BA532F96E40D7FB6C42D51E89A730A6311F8806
:200B000043D4FA6DF3644ADD1681AF38AE3917804BDCF26549DEF067AC3B15821483AD3AE5
:200B2000F16648DF1087A93EF5624CDB4DDAF463A83F1186AA3D13844FD8F661F7604ED9C5
:200B40001285AB3C0000000000000000000000000000000000000000000000000000000017
:200B6000000000000000000000000000000000000000000000000000000000000000000075
:200B8000000000000000000000000000000000000000000000000000000000000000000055
:200BA000000000000000000000000000000000000000000000000000000000000000000035
:200BC000000000000000000021690000A5D30000B5BF0100B5BF0100B5BF0100CDBC01002A
:200BE000B1C10100B5BF010089C101009DCA010097CA0100C5C10100B5BF01006D4A010044
:200C0000494F01002DBA010059310100B5C2010011F50000B5BF010045B60100B5BF010064
:200C2000B5BF0100258800008DAB0100B5BF010000B0004034000000FF00000088650020B4
:200C400020000000A865002020000000000000000B00000010000000FF000000FF0000000E
:200C60006018002050180020400000002000000013000000140000001300000015000000A5
:200C800016000000000200008E0000008E0001008E0002008E0003008F0000018F000002DD
:200CA0008F0000038E0001048E0000058E0008048E00000489000006500000007F000100F1
:200CC0003F0004003F0002003F0001007F0002008E0002048E0001028E0001017B73746157
:200CE0007469632D696E7374616E63652D6E616D657D00C07B656D7074792D696E73746131
:200D00006E63652D6E616D657D00C0467B756E6B6E6F776E2D696E7374616E63652D6E6143
:200D20006D657D00216C01001FF9021045F8021059F802106DF8021081F8021095F8021059
:200D4000953E010031A401007D8D01000DA0010089B1010079C2010045B70100B59901006D
:200D600029C701007DBE0100C55201007D59010015590100D9BE0100F5B10100A12B0100DC
:200D8000316D010011DC02105D6601007FC90100C7C6010005BF01001BBF0100756701009D
:200DA00005CB0100FD9A0100E5590100394C010089B8010096C298D84539A1F4A033EB2DFD
:200DC000817D0377F240A463E5E6BCF847422CE1F2D1176BF551BF376840B6CBCE5E316BDB
:200DE0005733CE2B169E0F7C4AEBE78E9B7F1AFEE242E34F0DC0010031C3010037C701003D
:200E000021C301000BCA010049CA010043CA010071C0010091C301008FC6010081C30100D3
:200E200013CA010061CA01005BCA0100ABC601009DC601000805000308100A009049002081
:200E4000604900203A010000000000000000000094490020E4460020000000000000000047
:200E60000000000001000000080000003C430020D04700209846002058480020DC130200E4
:200E8000000000000847002070470020000000000000000018000000884900201BCA01001D
:200EA0007FCA0100C1A1010031B90100A57201004DB90100153D010089830100BDC7010096
:200EC000E9C70000093B0100B16001002BCA010031C40000ADC60000A9CA0100957D010026
:200EE000D1F60000AFCA0100172F0100854800005591010071380100B9A101100DCF0110B4
:200F0000817E01102D230210855F0100117D0000D9AF0100D40302002C0F020031C6010055
:200F200041C6010061C6010051C60100C1A40100D1B1010021A901002F0000000010004036
:200F40000500000015000000FF000000000000000D0CFFFFC86500202000000001030000F0
:200F60000000000015F9021001E602102DDA021045E7021041D10210C9D30210A5DF021099
:200F80002DE4021061EA0210BD8D0100000000000000000000000000000000000000000086
:200FA0000100000000C20100030000000000000000000000FFFFFFFFFFFFFFFF0000000072
:200FC000000000000101010100C2010003000000000000004C050200E80F0200DDCB010052
:200FE000B1340100E14A010061A40100ADB10100F5A80100320000006FE30000798E010050
:20100000E7C7000063DE0000117F0100ADBE010067CA01006DCA0100FCFFFFFFFFFFFFFF85
:20102000FFFFFFFF00000000000000000000000001000000FFFFFFFF4B60D2273E3CCE3B90
:20104000F6B053CCB0061D65BC86987655BDEBB3E7933AAAD835C65A512563FCC2CAB9F3FB
:20106000849E17A7ADFAE6BCFFFFFFFFFFFFFFFF00000000FFFFFFFFFFFFFFFFFFFFFFFF5B
:20108000FFFFFFFF00000000000000000000000001000000FFFFFFFFFFFFFFFF000000005B
:2010A00000000000000000003A013A0100000000000000000000000099C00100B1C30100EB
:2010C000C1C3010075C7010069C70100B9C6010071E3000035A90000010001000100010067
:2010E000010001051E100B120D0C191A1D1E17000102000100010001D40F0200B0490020FC
:2011000004000000000000000000000020000000BC11020018000000140F0200C84900206E
:2011200004000000000000000000000014000000701102001C0000001000000010270000B1
:201140000000000000000000000000000400000000000000C80B0200B8100200F40D0200E9
:20116000BC1202009C13020000000000604500201C00000000000000000000008411020076
:201180000000000008000000000000003D9E01000500000000100000A1A0010029BB01002F
:2011A000EFBE01009C0E020028680020AC1202009C0E020029680020B41202001800000028
:2011C0000000000000000000CC110200080000000000000000000000B90D010077BB01002E
:2011E0000101010000000000020000000000000000000000FFFFFFFF0000000000000000EE
:2012000000C20100FFFFFFFF604E00200004000000000000060000000200000086000000AF
:2012200082000000010000000000000000000000000001000000010030313233343536378D
:201240003839414243444546002A2A030200000000000000FFFFFFFF000000000200000031
:2012600000000000FFFFFFFF000000000200000000000000FFFFFFFF000000000200000072
:2012800000000000FFFFFFFF000000006C4100205C5F0020D85F0020FFFFFFFF0000000057
:2012A000200000004000000060000000008004000040000000000A0000E000004970010006
:2012C000B1C5010071A3010051C20100FF00000000000000000100002B5570706572204DCA
:2012E000656E75000F0000800E000080FE000000F80F020090670020FC110200FF0001005C
:201300005BB201003F000000C40E0200505B00203C0F02008D1501000000000000000000F1
:20132000696B01007932010000000000FF0000000000000080A9030025DD021031C80210E2
:2013400075DF02100102000302000103006700204A140200AC6100204C140200946300208E
:201360004B1402007C6400204D140200E86500204E140200FF00000000000000D85E002083
:201380002C13020060590020300C020008660020BC130200020000003614020025EA021027
:2013A00061DB0210020000003C140200000000000800000000000000000000000000024041
:2013C0000929FF0010040810181C10000810182004040810181C000001020304E841002075
:2013E0001604010203040500060286820008101820000102030400204060262A000000004A
:201400001000000001000000BBCA0100E1CB01000BCC0100C1CA010019C9010025C9010052
:20142000D5CB01000A000000B5BC0100272A292A242A502A252A0A18282A232AF0FFF1FF34
:11144000F2FFF3FFF4FFF5FF0008FFFF00FFFF0A00C3
:201454000000000000000000FFFFFFFF00000000000000000000000000000000000000007C
:201474000000000000000000FFFFFFFF00000000000000000000000000000000000000005C
:201494000000000000000000FFFFFFFF00000000000000000000000000000000000000003C
:2014B4000000000000000000FFFFFFFF00000000000000000000000000000000000000001C
:2014D4000000000000000000FFFFFFFF0000000000000000000000000000000000000000FC
:2014F4000000000000000000FFFFFFFF0000000000000000000000000000000000000000DC
:201514000000000000000000FFFFFFFF0000000000000000000000000000000000000000BB
:201534000000000000000000FFFFFFFF00000000000000000000000000000000000000009B
:201554000000000000000000FFFFFFFF00000000000000000000000000000000000000007B
:201574000000000000000000FFFFFFFF00000000000000000000000000000000000000005B
:201594000000000000000000FFFFFFFF00000000000000000000000000000000000000003B
:2015B4000000000000000000FFFFFFFF00000000000000000000000000000000000000001B
:2015D4000000000000000000C0160200C416020000000000E8160200EA160200EC1602003D
:2015F400EE160200F0160200F6160200F7160200C8160200F2160200F4160200CC42002088
:201614000000000000000000FFFFFFFF0000000000000000000000000000000000000000BA
:20163400657C0100FF00000000000000F12D0100FF00000000000000000000000000000097
:20165400FFFFFFFF00000000000000000000000000000000000000000C0802170D0101023C
:201674000909010106020918180301010909030305030201B9EF0000A5010100000000008A
:2016940000000000F1A101000000000002000000E416020002000000E6160200B8160200D5
:2016B400010000000059340000000000EC0000210000D0025F0000000028032801290229A2
:2016D400002A012A042AA62AC92A052A01280228001801180A0506030603040200002800AE
:0416F40028000002C8
:2016F80000ED00000FBB3CFFFFFFE97DB2013EFFE8010203040701FAFFE13F718F01002157
:20171800AA0279FFEF9001540D510D9102003403003404003455050034060034070034080D
:201738000034550900340A00340B00340C0034550D00340E00340F00341000345511003415
:20175800120034130034140034E11500341912FFEFB10110712B3900EB20011181102536B9
:20177800FE0065FF78706572696D656EFF74616C4D6F64656C7F204E756D626572FFE6F574
:201798005301E061015D4669726DFF7761726520526576DF6973696F6EFFE148617B7264DA
:2017B800014E536F6674029EFF4D616E7566616374FF75726572204E616DB965FFE220B18F
:2017D800CC160221B294EB130221B2CE00F43049002D2022B13A1401F3230CB001F95531D7
:2017F80001F43001F43901FC3203F4553403F44E03FC3305F4FA0770AA37116305FC34075D
:20181800F42C07F478AA07FC3509F43809F48D09FC36AA0BF42E0BF4A20BFC370DF44951F0
:20183800120FF31AB10FF9380FF4320FF4E11C1CB0FFEFA20254DAFFEF0DC5CB013F002DB8
:20185800F40000D10070FFEF065A2B39A42B3C104A2B333E2B30D64DF1583C2C33D02E34F4
:201878006C48AA2C3B1102F4402E345902FC7D4A02FC1205F442313054715A05FC958E05D0
:20189800FC1308F4443430FFE15B5208F4D2373057F16009FC9F09FCA5140CF44638305AA9
:2018B80071640CFCB0FC0CF0FFE59844002038463C46F0167F019047002000316F9ECD7FA4
:2018D800FFE46CDC0A03FFE0B845F3002061B16FD2A40100E14BBF011B7F030806B01DFF6E
:2018F8000A6801F4F2FFE92C19F0FFE1303E0020A200313800346631FFE9321C70247A1CB6
:20191800B02802F4003C02206A82890054F079E15E38BF000FF126C3018B0A046ED277578A
:20193800510D76FFEDBDFF1A3CCDA6B8995899FFB740EB7B60FF4A50FF3F10D2E3B3C974C0
:2019580038FF5FC5A3D4F6493FE6FF9D350E480103CCDBFFFDF4AC1191F4EFB9FFA5F9E907
:20197800A7832C5E2CFFBE97F2D203B0208BFFD28915D08E1C7424FF30ED8FC24563765C91
:20199800FF15525ABF9A32636D7FEB2A65499C80DCFFEF4EB5737600AD74C0EB175C7BA0A6
:2019B800AC5CF05C795B425C73D45E74D055665C7BC13134D65F75685E7B95396074D862E1
:2019D800747061746275478A6274DA64741738345C763934DCF8557505F0FFE129BB0100EC
:2019F800EFFFBE0100A1A0010020B02C78933F7B2FA0457200774C7603FF085350020106AA
:201A18000302FBF0FF00A853696D706CF76520507D9070686572D3616CFFE28E31A0003476
:201A38000700EDAA0002007F2C12001209FE033E020A000512500059681C73037E8383513C
:201A58003F0760003F0551207C3000309F402002350100B724013603F7020272A1C02000FD
:201A7800310575B600F5ECC8A2D0EECAA320F16DCDA270F4D0A0C0F6D3A110FBF7D4A060B6
:201A9800FA93160000BBFB950040FD9918FFE05D6D2CB3F06132A720663EA6F0DB6F48A60E
:201AB800C02082A6902E76FEA260D6271B800FDA2FFF1B8010DE391B8011FFE54F1B8012D5
:201AD800E04730FF8013E2613F8014F57F753F807FFFFF3FA6E242FFEF5B0348CD56719207
:201AF80030FFEF02344B8CF9100ADF1DC6912460205B63FF0264018386050005FF400140E2
:201B1800303C183828ED535EB0403C26B0950023FF082A01E387E700F3EF87F4002101F07F
:201B3800005F00FF41410104C044DD07FEBCB0F0DA020007DBA3FF880100101130CEF3BEAD
:201B58000070710304C0149BB073CF8B1F006100B0CE13FFFF045D358C5F460467F0003137
:201B78007F395B23C6C33B605693F339EC02C121823F07BEFFED0F2000800E0030FEB68774
:201B9800FF31C5A7FFE3A1C2DE350183000481300175027D02F5B279A8CA55FC368734DE57
:201BB80022387E39B4679B002064BF6AE4027027ED93012300B07E30003101BF02CC7FF0EC
:201BD8000031A8FFEF2281318171100034180034208A00342800343000348AF18B313D813D
:201BF800C52137E871B68D02F18535857170AA003478003480003488003490FE00344730CE
:201C180002029860FBFF7547080202A46000FF7D20539006A3022DFF01D450F900E05087BF
:201C3800CF00F8501431B2F3FF1678105702001800303800705800B07CF531C141B40D0236
:201C580000D40030FF2BBAD80103073205FF83870000C3060205EFA86001043BB5738C0D99
:201C7800EE06BF131A11FBEFEF0F2BD4D7FFFD0307C201D388F72E057283070306F1010652
:201C9800F03EB2CFA03D00200031A0BDA3DFA437B30F1F0E87FEC012B38F12BF1F45CBB756
:201CB80001B7B2FFFD9252740E02BF00541102006800700478E570FDEF02FF3F02870901B0
:201CD800011B33DFE5079C60214C724368F36172EC80F4207374696357203100010C32016B
:201CF8000D33021D9D34032D35000A202F003F3D1CFF00A001C4281C44C4F706200CE08508
:201D1800A1A30100BF15610100D957CE575C5AF3706C20F00F010FF10200023F3C001B009C
:201D3800140FC033F6B160015301B127A7AABD75F00045FFD09343B3BAB45C40FBD1F0006B
:201D58003150FE8552E803517101007DD2D3300100045F718015F405CC52D797A0FCB000DA
:201D780031A80034B0003455B80034C00034C80034D0003455D80034E00034E80034F000A4
:201D980034A5F8003400BD71D7B00800340A3B020832900001F5DC7F016235FF0201200118
:201DB8000720FE0107FFFF010EA1F5A4FFF00000255D01001BC7010001C901000000000077
:201DD8000200000010000000020000001000000002000000011E0000000F24020200FFF080
:201DF800000F240D0200FFF0000F7C3D0020FFF0F816020070180020D81D0200501800208C
:201E1800E01D020060180020E81D0200504A0020F01D020000010020F81D020004010020E6
:081E3800001E02000801002059
:00000001FF
